Subject,Question,Option A,Option B,Option C,Option D,Answer
Mathematics,What is log₁₀(1000)?,1,2,3,4,C
Mathematics,Express 63,200 in standard form.,6.32 × 10³,6.32 × 10⁴,63.2 × 10³,0.632 × 10⁵,B
Mathematics,The logarithm of 100 is equal to?,0,1,2,10,C
Mathematics,The integer part of log₁₀(745) is?,1,2,3,0,B
Mathematics,In standard form 0.00056 equals?,5.6 × 10⁻³,5.6 × 10⁻⁴,5.6 × 10⁻⁵,0.56 × 10⁻³,B
Mathematics,The antilogarithm of 2.3010 is approximately?,10,100,200,1000,B
Mathematics,Express 8,300,000 in standard form.,8.3 × 10⁶,8.3 × 10⁷,83 × 10⁵,8.03 × 10⁷,A
Mathematics,Find the logarithm of 0.03.,–1.5229,–1.4771,–0.4771,1.4771,B
Mathematics,What is log₁₀(1)?,0,1,10,Undefined,A
Mathematics,Using the laws of logarithm log(ab) = ?,log(a) ÷ log(b),log(a) + log(b),log(a) – log(b),log(a × b),B
Mathematics,Which of the following represents the sum of logs correctly?,log(a × b) = log a + log b,log(a × b) = log a – log b,log(a × b) = log a × log b,log(a × b) = log(a ÷ b),A
Mathematics,If log₁₀(2) = 0.3010 find log₁₀(200).,1.3010,2.3010,3.3010,0.3010,B
Mathematics,The logarithm of a number less than one is always?,Positive,Zero,Negative,Undefined,C
Mathematics,0.00037 in standard form is?,3.7 × 10⁻⁴,3.7 × 10⁻⁵,37 × 10⁻⁴,0.037 × 10⁻²,A
Mathematics,Evaluate (4.72 × 10³) + (3.648 × 10³) in standard form.,8.368 × 10³,8.368 × 10⁴,7.348 × 10³,4.732 × 10³,A
Mathematics,What is the characteristic of log₁₀(0.025)?,–1,–2,0,1,B
Mathematics,The error in a measurement of 7.5 L to one decimal place is?,0.01,0.05,0.1,0.005,B
Mathematics,If a length of 2.8 m is measured to 2 s.f. find its percentage error.,0.5%,1.79%,1.0%,2.5%,B
Mathematics,When a number is measured to the nearest ten the error limit is?,±1,±5,±0.5,±10,B
Mathematics,A student measured the mass of an object as 62 kg to 2 s.f. The error is approximately?,±0.05 kg,±0.5 kg,±1.0 kg,±5.0 kg,B
Mathematics,A length of 500 m measured to the nearest 10 m has percentage error?,0.5%,0.1%,1%,5%,C
Mathematics,When a value is approximated to 1 decimal place the range is accurate to how many decimal places?,1,2,3,0,B
Mathematics,The range of 39.8 to 1 d.p is?,39.75 – 39.85,39.70 – 39.80,39.80 – 39.90,39.74 – 39.84,A
Mathematics,If the true value of a rod is 9.43 m and it was measured as 9.20 m find the percentage error.,2.44%,2.5%,1.9%,3.0%,A
Mathematics,The logarithm of 0.004 is approximately?,3.6021,3.3979,–2.3979,–3.3979,D
Mathematics,8750000 × 8900 ÷ 300.5 in standard form equals approximately?,2.59 × 10⁵,2.59 × 10⁶,2.59 × 10⁷,2.59 × 10⁸,C
Mathematics,The logarithmic expression log₁₀(aⁿ) = ?,n log₁₀(a),log₁₀(a)ⁿ,log₁₀(a + n),log₁₀(a/n),A
Mathematics,Which of these represents an error in measurement to 2 s.f. for 400 m?,±0.5 m,±5 m,±50 m,±100 m,B
Mathematics,Find the percentage error if a student measured 0.375 as 0.4.,6.7%,5%,7%,0.67%,A
Mathematics,In the number 4.83 × 10⁰ the value of the integer part of the logarithm is?,1,0,2,–1,B
Mathematics,The product of 4627 and 29.3 using logarithms is approximately?,13560,135600,135000,13600,B
Mathematics,0.037 can be expressed as 3.7 × 10⁻². Its logarithm is approximately?,1.5682,–1.5682,2.5682,–2.5682,D
Mathematics,Evaluate 7.113 × 10⁻⁵ – 8.13 × 10⁻⁶ in standard form.,6.3 × 10⁻⁵,5.3 × 10⁻⁵,6.0 × 10⁻⁶,6.3 × 10⁻⁶,A
Mathematics,The standard form of 0.005321 is?,5.321 × 10⁻³,5.321 × 10⁻⁴,0.5321 × 10⁻²,53.21 × 10⁻⁵,A
Mathematics,Evaluate √(3.6 × 10⁻³ ÷ 4 × 10⁻⁸) in standard form.,3 × 10²,3 × 10³,3 × 10⁴,3 × 10¹,A
Mathematics,The logarithm of 0.000197 is?,–3.2945,–4.2945,–2.2945,–1.2945,B
Mathematics,What is the reciprocal of 0.25 in standard form?,2 × 10⁰,4 × 10⁰,0.4 × 10¹,0.25 × 10²,B
Mathematics,A measurement is 6000 to the nearest hundred. Find its range.,5900 – 6100,5950 – 6050,5995 – 6005,5500 – 6500,B
Mathematics,A student found the weight of sugar as 8.0 g instead of 8.2 g. The percentage error is?,2.5%,2%,1.25%,0.5%,A
Mathematics,The logarithmic rule log(a/b) equals?,log a + log b,log a – log b,log a × log b,log a ÷ log b,B
Mathematics,Which of the following numbers has the highest logarithm?,10,100,0.1,0.001,B
Mathematics,Express 0.853 in logarithmic form.,2.9309,1.9309,–1.9309,–2.9309,D
Mathematics,Find log₁₀(7) correct to 4 decimal places.,0.8451,0.9031,0.7782,0.9542,A
Mathematics,Find antilog(3.8226).,0.06646,0.006646,66.46,0.6646,C
Mathematics,A number 2.5 × 10⁻³ + 3.2 × 10⁻² equals?,3.45 × 10⁻²,3.45 × 10⁻³,3.45 × 10⁻⁴,5.45 × 10⁻³,A
Mathematics,If the actual value is 2.8 and the measured value is 2.75 find the error.,+0.05,–0.05,±0.05,0.5,C
Mathematics,What is the meaning of “mantissa” in logarithm?,Fractional part of log,Whole part of log,Base number,Antilog value,A
Mathematics,If log(2) = 0.3010 find log(8).,0.9030,0.9031,0.6020,0.3010,B
Mathematics,In 10⁻² = 0.01 the –2 is called?,Coefficient,Mantissa,Characteristic,Base,C
Mathematics,Evaluate (0.1684)³ using logarithm tables (approx.).,0.005,0.0048,0.0057,0.0059,C
Mathematics,Find log₁₀(5) correct to 4 decimal places.,0.6989,0.6990,0.7000,0.6899,A
Mathematics,If log₁₀(3)=0.4771, find log₁₀(30).,0.4771,1.4771,2.4771,3.4771,B
Mathematics,Simplify log₁₀(50) – log₁₀(2).,1.3979,1.3010,1.0000,1.2041,B
Mathematics,If log₁₀(7)=0.8451 and log₁₀(2)=0.3010 find log₁₀(14).,1.1461,1.2451,1.1462,1.2461,A
Mathematics,The number 0.00042 can be written in standard form as?,4.2 × 10⁻⁴,4.2 × 10⁻⁵,42 × 10⁻⁶,0.042 × 10⁻³,B
Mathematics,Write 67,500,000 in standard form.,6.75 × 10⁷,6.75 × 10⁶,67.5 × 10⁵,0.675 × 10⁸,A
Mathematics,Convert 0.00083 to standard form.,8.3 × 10⁻⁴,8.3 × 10⁻⁵,83 × 10⁻⁶,0.83 × 10⁻³,A
Mathematics,If log₁₀(2)=0.3010 find log₁₀(40).,1.6020,1.6021,1.6990,1.6025,B
Mathematics,Find the value of log₁₀(0.5).,–0.3010,–1.3010,0.3010,1.3010,A
Mathematics,log₁₀(√100)=?,1,0.5,2,–1,B
Mathematics,If log₁₀(x)=2 find x.,10,100,1000,0.01,B
Mathematics,Find the antilog of 1.6021.,30,40,50,32,B
Mathematics,The value of log₁₀(10)=?,0,1,10,–1,B
Mathematics,Express 0.000096 in standard form.,9.6 × 10⁻⁵,9.6 × 10⁻⁶,0.96 × 10⁻⁴,96 × 10⁻⁷,A
Mathematics,Write 5,430,000 in standard form.,5.43 × 10⁶,5.43 × 10⁵,54.3 × 10⁴,0.543 × 10⁷,A
Mathematics,Find log₁₀(2000).,3.3010,2.3010,1.3010,4.3010,A
Mathematics,What is the result of log₁₀(0.01)?,–2,–1,1,0,A
Mathematics,If log₁₀(3)=0.4771 and log₁₀(5)=0.6990 find log₁₀(15).,1.1761,1.1770,1.1762,1.1772,A
Mathematics,The logarithm of 0.0001 is?,–3,–4,–5,–2,B
Mathematics,If log₁₀(4)=0.6021 and log₁₀(2)=0.3010 find log₁₀(8).,0.9031,0.9030,0.9032,0.9040,A
Mathematics,In standard form 3.15 × 10⁶ represents?,3,150,000,315,000,31,500,000,315,000,000,A
Mathematics,Write 0.00000054 in standard form.,5.4 × 10⁻⁶,5.4 × 10⁻⁷,54 × 10⁻⁸,0.54 × 10⁻⁵,B
Mathematics,If log₁₀(25)=1.3979 find log₁₀(5).,0.6989,0.6990,0.7000,0.6899,A
Mathematics,Find log₁₀(50).,1.6989,1.6990,1.6980,1.6985,A
Mathematics,log₁₀(√10)=?,0.5,1,2,–0.5,A
Mathematics,If log₁₀(6)=0.7782 find log₁₀(60).,1.7782,0.7783,1.7780,1.7882,A
Mathematics,Find the logarithm of 0.0045.,–2.3468,–3.3468,–4.3468,–1.3468,B
Mathematics,Express 0.00507 in standard form.,5.07 × 10⁻³,5.07 × 10⁻⁴,0.507 × 10⁻³,50.7 × 10⁻⁵,B
Mathematics,Find log₁₀(1000) – log₁₀(10).,1,2,0,3,A
Mathematics,The logarithm of 1 is always?,0,1,undefined,negative,A
Mathematics,log₁₀(25) = ?,1.3979,1.3980,1.3989,1.3900,A
Mathematics,Find log₁₀(64) if log₁₀(2)=0.3010.,1.8060,1.8040,1.8061,1.8051,A
Mathematics,Find the value of x if log₁₀(x)=1.3010.,20,200,10,2,B
Mathematics,Find log₁₀(12) if log₁₀(3)=0.4771 and log₁₀(2)=0.3010.,1.0791,1.0792,1.0790,1.0781,A
Mathematics,Find the standard form of 43,000,000.,4.3 × 10⁷,4.3 × 10⁶,43 × 10⁵,0.43 × 10⁸,A
Mathematics,Convert 0.000074 to standard form.,7.4 × 10⁻⁴,7.4 × 10⁻⁵,74 × 10⁻⁶,0.74 × 10⁻³,B
Mathematics,Find log₁₀(9) if log₁₀(3)=0.4771.,0.9542,0.9552,0.9540,0.9530,A
Mathematics,Find log₁₀(2.5).,0.3979,0.3980,0.3960,0.3990,A
Mathematics,If log₁₀(8)=0.9031 find log₁₀(80).,1.9031,1.9041,0.9031,2.9031,A
Mathematics,The antilog of 0 is?,1,10,0,0.1,A
Mathematics,Find antilog(2.6989).,500,200,300,400,A
Mathematics,Write 0.00052 in standard form.,5.2 × 10⁻⁴,5.2 × 10⁻⁵,52 × 10⁻⁶,0.52 × 10⁻³,A
Mathematics,Find log₁₀(32) if log₁₀(2)=0.3010.,1.5050,1.5051,1.5040,1.5060,B
Mathematics,Find the value of log₁₀(4) + log₁₀(25).,1.9999,2.0000,1.9990,2.0010,B
Mathematics,If log₁₀(2)=0.3010 find log₁₀(16).,1.2040,1.2039,1.2050,1.2030,A
Mathematics,Find log₁₀(0.002).,–2.6989,–3.6989,–1.6989,–0.6989,B
Mathematics,Find log₁₀(5) + log₁₀(4).,0.9999,1.0000,0.9990,1.0010,B
Mathematics,Find the number whose logarithm is 2.6021.,400,300,200,250,A
Mathematics,Find log₁₀(45) using log₁₀(9)=0.9542 and log₁₀(5)=0.6990.,1.6532,1.6542,1.6530,1.6531,A
Mathematics,The characteristic of log₁₀(0.007)=?,–3,–2,–1,0,A
Mathematics,Find log₁₀(70) if log₁₀(7)=0.8451.,1.8451,2.8451,0.8450,1.7451,A
Mathematics,Find antilog(1.1761).,15,20,10,25,A
Mathematics,Find log₁₀(2.5 × 10⁴).,4.3979,3.3979,5.3979,2.3979,A
Mathematics,Find the 5th term of an arithmetic progression with first term 3 and common difference 4.,15,17,19,20,B
Mathematics,In an A.P the 7th term is 20 and the 3rd term is 8 find the common difference.,2,3,4,5,C
Mathematics,Find the first term of an A.P whose 5th term is 17 and common difference 3.,2,3,4,5,A
Mathematics,If the first term of an A.P is 5 and common difference is 2 find the 10th term.,22,23,24,25,B
Mathematics,Find the sum of the first 10 terms of an A.P with first term 2 and common difference 3.,145,150,155,160,B
Mathematics,The nth term of an A.P is given by?,a + (n – 1)d,a – (n – 1)d,a × n,a ÷ n,A
Mathematics,The first term of an A.P is 7 and its 4th term is 16 find the common difference.,3,4,5,6,B
Mathematics,Find the sum of the first 20 terms of an A.P whose first term is 5 and common difference 2.,380,400,420,440,B
Mathematics,Find the number of terms in the A.P 3,7,11,…,99.,23,24,25,26,C
Mathematics,Find the 12th term of an A.P with a=10 and d=5.,65,70,75,80,B
Mathematics,If the sum of n terms of an A.P is 5n² + 3n find its first term.,8,5,3,7,C
Mathematics,Find the common difference of an A.P whose 5th term is 15 and 10th term is 30.,2,3,4,5,C
Mathematics,The 8th term of an A.P is 24 and the 2nd term is 12 find the first term.,0,1,2,3,B
Mathematics,Find the sum of first 15 terms of an A.P whose first term is 4 and common difference 3.,330,345,360,375,B
Mathematics,The 20th term of an A.P is 78 and the 5th term is 33 find the common difference.,3,3.5,4,4.5,C
Mathematics,If the 3rd term of an A.P is 9 and the 8th term is 24 find the first term.,0,1,2,3,B
Mathematics,The sum of the first 5 terms of an A.P is 75 find the mean of the series.,12,13,14,15,D
Mathematics,If a=2 and d=3 find the 9th term of the A.P.,26,27,28,29,B
Mathematics,Find the sum of the first 6 terms of the A.P 2,5,8,11,….,99,102,108,111,C
Mathematics,The difference between successive terms in an arithmetic sequence is called?,Difference,Common difference,Gap,Interval,B
Mathematics,Find the 50th term of an A.P whose first term is 3 and common difference 2.,99,100,101,102,A
Mathematics,Find the 8th term of an A.P if the first term is –3 and common difference 5.,27,32,33,35,B
Mathematics,If the 1st term is 5 and 10th term is 50 find the common difference.,4,5,6,7,A
Mathematics,The sum of n terms of an A.P is 3n² + 2n find the 5th term.,30,31,32,33,C
Mathematics,Find the arithmetic mean between 12 and 28.,18,19,20,21,C
Mathematics,If the 6th term of an A.P is 14 and the 10th term is 26 find the common difference.,3,3.5,4,4.5,B
Mathematics,The nth term of an A.P is 2n + 3 find the first term.,3,4,5,6,B
Mathematics,Find the sum of the first 4 terms of an A.P whose nth term is 3n + 2.,38,39,40,41,C
Mathematics,The 9th term of an A.P is 23 and the 3rd term is 11 find the common difference.,1,2,3,4,B
Mathematics,Find the first term of an A.P whose 10th term is 45 and common difference is 5.,0,1,2,3,A
Mathematics,The sum of n terms of an A.P is given by?,S = n/2(2a + (n – 1)d),S = a + (n – 1)d,S = n(a + d),S = a × n,A
Mathematics,Find the number of terms in the A.P 2,5,8,…,50.,15,16,17,18,B
Mathematics,If the first term is 4 and common difference is 6 find the 11th term.,60,64,66,70,B
Mathematics,Find the 20th term of an A.P whose first term is 2 and common difference is 3.,59,60,61,62,B
Mathematics,The 5th term of an A.P is 17 and the 10th term is 32 find the 7th term.,23,24,25,26,B
Mathematics,The average of first and last term in an A.P equals?,Common difference,Arithmetic mean,Half sum,Middle term,B
Mathematics,If the sum of n terms of an A.P is 4n² + n find its 4th term.,16,17,18,19,C
Mathematics,If an A.P has a=7 and d=2 find the 15th term.,34,35,36,37,B
Mathematics,Find the 3rd term of an A.P whose first term is –5 and common difference is 4.,1,2,3,4,B
Mathematics,Find the 9th term of the sequence 2,4,6,8,….,18,19,20,21,C
Mathematics,The 6th term of an A.P is 20 and the 2nd term is 8 find d.,2,3,4,5,C
Mathematics,If the nth term of an A.P is 5n + 1 find its 8th term.,40,41,42,43,B
Mathematics,Find the sum of the first 7 terms of an A.P with a=4 and d=3.,73,74,75,76,C
Mathematics,The 4th term of an A.P is 14 and the 8th term is 26 find d.,2,3,4,5,B
Mathematics,Find the 15th term of an A.P with a=2 and d=5.,72,73,74,75,B
Mathematics,The 12th term of an A.P is 35 and the 3rd term is 8 find d.,3,4,5,6,C
Mathematics,Find the 20th term of an A.P whose 4th term is 15 and common difference is 3.,60,61,62,63,A
Mathematics,If a=10 and d=5 find the 6th term of the A.P.,30,31,32,33,A
Mathematics,Find the sum of first 5 terms of an A.P with a=3 and d=2.,25,26,27,28,B
Mathematics,Find the 10th term of an A.P with a=4 and d=6.,58,60,62,64,B
Mathematics,The nth term of an A.P is 7n – 2 find t₁₀.,65,67,68,69,B
Mathematics,What is the common ratio of the GP 5,10,20,40?,2,3,4,5,A
Mathematics,Find the 6th term of a GP with first term 3 and ratio 2.,96,192,48,384,A
Mathematics,If a GP has a=8 and r=1/2 what is the 4th term?,1,1.0,1.0,1.0,A
Mathematics,The nth term of a GP is given by?,ar^(n-1),a + (n-1)r,a × n,a ÷ n,A
Mathematics,Find the sum of first 5 terms of GP 2,6,18,..., using formula.,242,242,242,242,B
Mathematics,What is the common ratio of the sequence 81,27,9,3?,1/3,1/2,1/4,1/5,A
Mathematics,Find the 4th term of GP with a=4 and r=3.,108,36,12,324,A
Mathematics,If first term is 16 and r=1/2 find the 5th term.,1,2,0.5,4,A
Mathematics,Sum to infinity exists for a GP when?,|r|<1,|r|>1,r=1,r=0,A
Mathematics,Sum to infinity of GP with a=5 and r=1/3 is?,7.5,7.5,7.5,7.5,A
Mathematics,Find the sum of first 6 terms of GP 1,2,4,8,..., using formula.,127,126,64,63,B
Mathematics,If a GP has terms a and ar the geometric mean between them is?,√(a×ar),a+r,(a+ar)/2,(a×r)/2,A
Mathematics,Find r if the first three terms of a GP are 2,6,18.,3,4,2,6,A
Mathematics,If the 3rd term of a GP is 50 and r=5 find the first term.,2,0.2,10,5,C
Mathematics,The sum of a GP a + ar + ar^2 ... + ar^(n-1) equals?,a(1-r^n)/(1-r) for r≠1,a(1+r^n)/(1-r),a(1-r^n)/(1+r),a(r^n-1)/(r-1),A
Mathematics,Find r if the 2nd term is 12 and first term is 3 in a GP.,4,3,2,6,A
Mathematics,If a=7 and r=2 what is the 8th term?,896,896,896,896,A
Mathematics,Find the geometric mean of 4 and 36.,12,8,24,6,D
Mathematics,In a GP if r=0.5 and a=32 the sum to infinity is?,64,48,32,16,A
Mathematics,If the 4th term is 81 and r=3 find the first term.,1,3,9,27,C
Mathematics,Find the sum of first 4 terms of GP 3,9,27,81.,120,120,120,120,B
Mathematics,If GP has a=81 and r=1/3 find the 3rd term.,9,3,1,27,A
Mathematics,Which of the following is not a GP?,2,4,8,12,D
Mathematics,If a GP has r=-2 and a=1 find the 3rd term.,4,-4,2,-2,A
Mathematics,Find r if first term is 4 and 5th term is 256 in GP.,4,3,2,5,A
Mathematics,Sum of first n terms of GP with r>1 equals?,a(r^n-1)/(r-1),a(1-r^n)/(1-r),a(n)(r),a+n,A
Mathematics,Find the 7th term of GP with a=2 and r=3.,1458,1458,1458,1458,A
Mathematics,If three numbers x,y,z are consecutive in GP then y^2 equals?,xz,x+z,xz+1,xz-1,A
Mathematics,Find the first term if GP has r=2 and 6th term is 64.,2,1,4,8,B
Mathematics,Sum to infinity of GP 5, -5/2, 25/4,... does it exist?,No,Yes,Only if finite,Depends on sign,A
Mathematics,If a GP has a=0.5 and r=2 find the 4th term.,4,2,1,8,A
Mathematics,Find r if terms are 8, 4, 2,..., in GP.,1/2,2,4,1/4,A
Mathematics,The product of first n terms of a GP with first term a and ratio r equals?,a^n r^{n(n-1)/2},a r^n,a^n r^n,a^{n-1} r^{n/2},A
Mathematics,If terms are in GP 2, x, 18 find x.,6,9,12,8,B
Mathematics,For GP 1, -2,4,-8,... the common ratio is?,-2,2,-1/2,-3,A
Mathematics,Find the sum of GP 6 + 18 + 54 up to 4 terms.,246,162,234,324,A
Mathematics,If a GP has r=1 find the sum of first n terms equals?,na,0,a^n,1,A
Mathematics,Given GP where a=3 and sum to infinity is 6 find r.,1/2,1/3,2/3,1/4,A
Mathematics,Find the 5th term of GP with a=81 and r=1/3.,1,3,9,27,A
Mathematics,If GP terms are in ratio 1:2:4 find the 4th term if first is 5.,40,20,10,80,A
Mathematics,If second term is 10 and r=2 find first term.,5,20,2,8,A
Mathematics,Which GP has sum to infinity equal to 9 with a=6 find r.,1/3,1/2,1/4,2/3,A
Mathematics,Find r if a=2 and sum of first 3 terms is 14.,2,3,4,5,B
Mathematics,If the 2nd and 4th terms of a GP are 8 and 32 respectively find r.,2,4,1/2,3,A
Mathematics,Find the geometric mean between 2 and 32.,8,4,16,6,A
Mathematics,If GP has a=10 and r=-1 find the first 3 terms.,10,-10,10, -10,B
Mathematics,Find the sum of GP 5 + 15 + 45 + ... up to 3 terms.,65,75,45,35,B
Mathematics,For GP with a=2 and r=0.5 find sum to infinity.,4,2,1,8,A
Mathematics,Find the roots of x² – 5x + 6 = 0.,2 and 3,1 and 6,–2 and –3,–1 and –6,A
Mathematics,The discriminant of x² + 4x + 4 = 0 is?,0,4,8,16,A
Mathematics,If roots of ax² + bx + c = 0 are equal then?,b² = 4ac,b² < 4ac,b² > 4ac,a=0,A
Mathematics,Find the roots of x² + 7x + 10 = 0.,–5 and –2,5 and 2,–1 and –10,1 and 10,A
Mathematics,The sum of roots of 2x² + 3x – 5 = 0 is?,–3/2,3/2,5/2,–5/2,A
Mathematics,If x=3 and x=–2 are roots find the equation.,x² – x – 6 = 0,x² + x – 6 = 0,x² – x + 6 = 0,x² + x + 6 = 0,B
Mathematics,Find the product of roots of 3x² + 5x – 2 = 0.,–2/3,2/3,3/2,–3/2,A
Mathematics,Solve x² – 2x – 15 = 0.,5 and –3,–5 and 3,–3 and –5,3 and 5,A
Mathematics,Find roots of x² – 9 = 0.,3 and –3,0 and 9,–9 and 9,–3 and 3,A
Mathematics,If sum of roots = –b/a then for x² + 2x + 1 = 0 sum is?,–2,2,1,–1,A
Mathematics,For 4x² – 4x + 1 = 0 the nature of roots is?,Equal real roots,Distinct real roots,Complex roots,Rational roots,A
Mathematics,Find the roots of x² – 4x + 3 = 0.,1 and 3,3 and 4,2 and 3,1 and 2,C
Mathematics,Find discriminant of x² + 6x + 9 = 0.,0,9,18,36,A
Mathematics,If b² – 4ac < 0 the roots are?,Real and equal,Real and distinct,Imaginary,Zero,C
Mathematics,Solve 2x² – 3x – 5 = 0.,2.5 and –1,–2.5 and 1,1.25 and –2,–1.25 and 2,A
Mathematics,The roots of x² + 5x + 6 = 0 are?,–3 and –2,3 and 2,–6 and 1,6 and –1,A
Mathematics,Find sum of roots of x² – 7x + 10 = 0.,7,–7,–10,10,A
Mathematics,If roots of x² – 4x + 4 = 0 are equal then their value is?,2,–2,4,–4,A
Mathematics,Solve x² + 3x – 18 = 0.,3 and –6,6 and –3,9 and –2,–9 and 2,A
Mathematics,Find the product of roots of 2x² – 7x + 3 = 0.,3/2,–3/2,2/3,–2/3,A
Mathematics,If roots are 2 and 5 form the quadratic equation.,x² – 7x + 10 = 0,x² + 7x + 10 = 0,x² – 5x + 7 = 0,x² + 5x + 7 = 0,A
Mathematics,Find roots of x² + 2x – 8 = 0.,–4 and 2,4 and –2,8 and –1,–8 and 1,A
Mathematics,If x=–1 and x=–3 are roots the equation is?,x² + 4x + 3 = 0,x² – 4x + 3 = 0,x² + 4x – 3 = 0,x² – 4x – 3 = 0,A
Mathematics,The roots of 5x² + 3x – 2 = 0 are?,2/5 and –1,1/5 and –2/5,2 and –1/5,1 and –2,A
Mathematics,Find roots of x² – x – 6 = 0.,3 and –2,–3 and 2,–2 and –3,2 and 3,A
Mathematics,Find discriminant of 3x² + 2x + 1 = 0.,–8,–4,4,0,A
Mathematics,If b² – 4ac = 0 then the graph of quadratic touches the x-axis?,Once,Twice,Never,Thrice,A
Mathematics,Solve 3x² – 12x + 9 = 0.,1 and 3,2 and 3,4 and 3,–1 and –3,B
Mathematics,Find roots of x² + 10x + 25 = 0.,–5 and –5,5 and 5,–10 and –15,–2 and –8,A
Mathematics,The discriminant of x² + 2x + 5 = 0 is?,–16,16,–4,4,A
Mathematics,If roots are complex they occur in?,Pairs,Singles,Triples,Real numbers,A
Mathematics,Find the sum of roots of 3x² – 8x + 4 = 0.,8/3,–8/3,–4/3,4/3,A
Mathematics,Find product of roots of 4x² – 12x + 9 = 0.,9/4,–9/4,4/9,–4/9,A
Mathematics,Find roots of x² + 7x + 12 = 0.,–3 and –4,3 and 4,4 and –3,–4 and –3,A
Mathematics,Solve x² – 8x + 16 = 0.,4,–4,8,–8,A
Mathematics,Find roots of 2x² + x – 6 = 0.,1.5 and –2,–1.5 and 2,2 and –1.5,–2 and 1.5,A
Mathematics,Find the quadratic equation with roots 3 and –2.,x² – x – 6 = 0,x² + x – 6 = 0,x² – x + 6 = 0,x² + x + 6 = 0,B
Mathematics,The sum and product of roots of x² – 5x + 4 = 0 are?,5 and 4,–5 and –4,4 and 5,–4 and –5,A
Mathematics,The discriminant determines?,Nature of roots,Size of x,Value of a,Value of c,A
Mathematics,Solve 2x² + 3x – 9 = 0.,1.5 and –3,–1.5 and 3,3 and 1.5,–3 and –1.5,B
Mathematics,Find the roots of x² – 11x + 18 = 0.,9 and 2,6 and 3,7 and 4,5 and 6,A
Mathematics,The quadratic x² – 16 = 0 has roots?,±4,4,–4,0,A
Mathematics,The product of roots of x² + 5x + 6 = 0 equals?,6,5,11,30,A
Mathematics,Solve x² – 6x + 8 = 0.,4 and 2,–4 and –2,8 and 1,2 and 6,A
Mathematics,The discriminant of 5x² + 6x + 1 = 0 is?,16,11,6,36,A
Mathematics,Find sum of roots of x² + 9x + 18 = 0.,–9,9,18,–18,A
Mathematics,Find product of roots of x² + 9x + 18 = 0.,18,9,–18,–9,A
Mathematics,Solve 2x² – x – 3 = 0.,1.5 and –1,–1.5 and 1,–3 and 2,3 and –2,B
Mathematics,If one root of x² – 5x + k = 0 is 2 find k.,6,7,8,9,B
Mathematics,Find roots of 4x² + 4x + 1 = 0.,–0.5 and –0.5,0.5 and 0.5,–1 and –1,1 and 1,A
Mathematics,Solve the simultaneous equations: 2x + y = 7 and x – y = 1.,x=2,y=3,x=3,y=1,x=4,y=–1,x=2,y=2,A
Mathematics,Solve for x and y: 3x + 2y = 12 and x – y = 1.,x=2,y=1,x=3,y=2,x=4,y=3,x=2,y=2,B
Mathematics,Find x and y if x + y = 10 and x – y = 2.,x=6,y=4,x=5,y=5,x=4,y=6,x=8,y=2,A
Mathematics,Solve: 2x + 3y = 12 and x – y = 1.,x=3,y=2,x=2,y=3,x=4,y=1,x=1,y=4,A
Mathematics,If 4x – y = 7 and 2x + y = 9 find x.,x=2,y=5,x=3,y=3,x=4,y=1,x=4,y=5,B
Mathematics,Find x if x + 2y = 8 and 3x – y = 7.,x=3,y=2,x=2,y=3,x=4,y=2,x=5,y=1,C
Mathematics,Solve for x: 5x + y = 10 and 2x – y = 4.,x=2,y=0,x=3,y=–5,x=2,y=2,x=4,y=–10,B
Mathematics,Find y given 2x + y = 9 and 3x – y = 6.,x=3,y=3,x=2,y=5,x=4,y=1,x=5,y=–6,A
Mathematics,Solve: 3x – 2y = 4 and 2x + y = 11.,x=3,y=5,x=2,y=3,x=5,y=2,x=4,y=1,A
Mathematics,Solve for x and y: x + y = 6 and 2x – y = 3.,x=3,y=3,x=2,y=4,x=4,y=2,x=5,y=1,A
Mathematics,Find x if 4x + y = 10 and 2x – y = 2.,x=2,y=2,x=3,y=–2,x=2,y=3,x=4,y=–1,B
Mathematics,Solve 2x + y = 5 and 3x – 2y = 4.,x=2,y=1,x=1,y=2,x=3,y=–1,x=2,y=0,A
Mathematics,If 5x + 2y = 20 and x – y = 2 find x.,x=4,y=2,x=3,y=1,x=6,y=2,x=5,y=3,D
Mathematics,Find x from 4x – y = 11 and 3x + y = 9.,x=2,y=3,x=4,y=1,x=3,y=0,x=4,y=–3,B
Mathematics,The solution of x + y = 9 and 2x – y = 3 is?,x=4,y=5,x=3,y=6,x=5,y=4,x=6,y=3,A
Mathematics,Solve for y if x + 3y = 12 and 2x – y = 3.,x=3,y=3,x=2,y=4,x=3,y=2,x=4,y=2,A
Mathematics,Solve for x,y: 3x – y = 5 and 2x + y = 11.,x=3,y=5,x=4,y=3,x=2,y=5,x=5,y=2,B
Mathematics,Find x and y: 2x + y = 7 and 4x – y = 5.,x=2,y=3,x=3,y=1,x=4,y=2,x=2,y=1,A
Mathematics,If x – y = 1 and x + y = 5 find x.,x=3,y=2,x=2,y=3,x=4,y=1,x=1,y=4,A
Mathematics,Find x,y satisfying 3x + y = 10 and 2x – y = 1.,x=2,y=3,x=3,y=1,x=4,y=2,x=3,y=2,C
Mathematics,Solve for x,y: 5x + y = 14 and 3x – y = 4.,x=2,y=4,x=3,y=2,x=4,y=–1,x=3,y=–1,B
Mathematics,Find y if x + y = 8 and 2x + y = 11.,x=3,y=5,x=2,y=6,x=4,y=4,x=5,y=3,A
Mathematics,If 6x – y = 13 and 3x + y = 11 find x.,x=2,y=3,x=3,y=2,x=4,y=1,x=5,y=–1,B
Mathematics,Solve 2x + y = 8 and x – 2y = –1.,x=3,y=2,x=4,y=1,x=2,y=3,x=3,y=–2,A
Mathematics,Find x if x + 4y = 14 and 3x – 2y = 4.,x=2,y=3,x=4,y=2,x=3,y=4,x=2,y=2,C
Mathematics,If 4x + y = 9 and 5x – y = 11 then x=?,x=2,y=1,x=2,y=3,x=3,y=–3,x=2,y=2,A
Mathematics,Find x,y: 3x + 4y = 18 and 2x – y = 1.,x=2,y=3,x=4,y=2,x=3,y=2,x=3,y=3,C
Mathematics,Solve the equations: 5x + 3y = 19 and 3x – y = 5.,x=2,y=3,x=3,y=2,x=4,y=1,x=3,y=2,A
Mathematics,Find x,y if 7x – 2y = 10 and 3x + y = 9.,x=2,y=3,x=3,y=2,x=4,y=1,x=5,y=–1,B
Mathematics,If 2x + y = 7 and 3x – y = 8 find x.,x=3,y=1,x=2,y=2,x=4,y=–1,x=2,y=1,A
Mathematics,Find y from x + 2y = 9 and 2x – y = 3.,x=3,y=2,x=2,y=3,x=4,y=2,x=3,y=3,B
Mathematics,Find the solution of x + y = 11 and 3x – y = 9.,x=5,y=6,x=4,y=7,x=3,y=8,x=6,y=5,A
Mathematics,Solve 4x – y = 7 and x + y = 5.,x=2,y=3,x=3,y=2,x=4,y=1,x=5,y=0,B
Mathematics,Find x if 2x – 3y = 1 and 4x + y = 15.,x=2,y=3,x=3,y=3,x=4,y=1,x=3,y=2,B
Mathematics,If x – 2y = 4 and 2x + y = 10 find y.,x=2,y=2,x=3,y=2,x=4,y=2,x=4,y=1,C
Mathematics,Find x,y: 5x + 2y = 14 and 3x – y = 4.,x=2,y=2,x=3,y=1,x=2,y=3,x=4,y=1,B
Mathematics,Solve 3x – y = 4 and 2x + y = 10.,x=3,y=4,x=2,y=3,x=4,y=2,x=3,y=2,A
Mathematics,If x + y = 7 and 4x – y = 13 find y.,x=2,y=5,x=3,y=4,x=4,y=3,x=5,y=2,B
Mathematics,Find x,y satisfying 2x + 3y = 12 and 3x – y = 5.,x=2,y=3,x=3,y=2,x=4,y=1,x=3,y=3,B
Mathematics,If 3x + 4y = 14 and 2x – y = 1 find x.,x=2,y=2,x=3,y=2,x=4,y=1,x=2,y=1,B
Mathematics,Solve 6x + y = 19 and 4x – y = 9.,x=2,y=3,x=3,y=1,x=4,y=–1,x=3,y=1,B
Mathematics,Find x,y if 5x – 3y = 7 and x + y = 5.,x=2,y=3,x=3,y=2,x=4,y=1,x=2,y=1,B
Mathematics,Solve x + 2y = 10 and 3x – y = 5.,x=3,y=3,x=2,y=4,x=4,y=2,x=3,y=2,A
Mathematics,Find y if 2x + 3y = 12 and 3x – y = 3.,x=2,y=3,x=3,y=2,x=4,y=1,x=3,y=3,A
Mathematics,Solve 4x + 2y = 10 and 3x – y = 5.,x=2,y=1,x=1,y=2,x=3,y=–1,x=2,y=–1,C
Mathematics,Find x,y if x + y = 8 and 3x – y = 4.,x=3,y=5,x=4,y=4,x=2,y=6,x=5,y=3,A
Mathematics,If 2x + y = 11 and 3x – y = 9 find x.,x=3,y=5,x=4,y=3,x=2,y=7,x=5,y=1,B
Mathematics,Find x from 5x – y = 14 and 2x + y = 8.,x=2,y=3,x=3,y=2,x=4,y=0,x=3,y=1,B
Mathematics,Solve 4x – y = 9 and 3x + y = 11.,x=2,y=3,x=3,y=2,x=4,y=1,x=5,y=–1,B
Mathematics,Find y given x + 3y = 15 and 2x – y = 3.,x=3,y=4,x=4,y=3,x=2,y=5,x=1,y=6,B
Mathematics,Simplify 2³ × 2².,2⁵,2⁶,2¹,2⁴,A
Mathematics,Express 9² × 9³ as a single power.,9⁵,9⁶,9⁴,9³,A
Mathematics,Simplify (3²)³.,3⁵,3⁶,3⁷,3⁸,B
Mathematics,Find the value of 10⁻².,0.01,0.1,10,1,A
Mathematics,Write 8⁰ in simplest form.,1,0,8,–1,A
Mathematics,Simplify 5⁴ ÷ 5².,5²,5³,5⁴,5⁶,A
Mathematics,Find x if 2ˣ = 8.,x=2,x=3,x=4,x=1,B
Mathematics,Express 1/9 as a power of 3.,3⁻²,3²,3⁻³,3⁻¹,A
Mathematics,Simplify (2³)⁴.,2⁷,2¹²,2⁶,2⁸,B
Mathematics,Simplify 7⁵ ÷ 7².,7³,7²,7⁴,7⁶,A
Mathematics,If 3ˣ = 81 find x.,2,3,4,5,C
Mathematics,Write 0.001 as a power of 10.,10⁻²,10⁻³,10⁻⁴,10⁻¹,B
Mathematics,Simplify (a²b³)².,a⁴b⁶,a³b⁴,a⁴b⁵,a⁵b⁶,A
Mathematics,Simplify 4⁵ ÷ 4².,4²,4³,4⁴,4⁵,B
Mathematics,Simplify (x³)².,x⁵,x⁶,x⁷,x⁴,B
Mathematics,Find the reciprocal of 2⁻³.,2³,2⁻³,1/8,8,A
Mathematics,Express 1/16 as a power of 2.,2⁻³,2⁻⁴,2⁻⁵,2⁻²,B
Mathematics,Find the value of 9^(1/2).,3,9,81,√9,A
Mathematics,Simplify √50.,5√2,2√5,10√2,25√2,A
Mathematics,Simplify √(49/64).,7/8,8/7,7/9,9/7,A
Mathematics,Find the square root of 81.,9,8,7,6,A
Mathematics,Simplify 3√8.,6√2,2√2,3√2,4√2,B
Mathematics,Simplify √72.,6√2,3√2,2√3,4√3,A
Mathematics,Find cube root of 27.,9,3,6,2,B
Mathematics,Express √48 in simplest form.,4√3,3√2,2√6,6√2,A
Mathematics,Simplify 1/√3.,√3/3,√3,1/3,3/A,A
Mathematics,Find the value of √(25/49).,5/7,7/5,25/7,7/25,A
Mathematics,Simplify √20 + √5.,√5(2+1),3√5,2√5,√25,B
Mathematics,Express 64^(1/2).,8,16,4,32,A
Mathematics,Find the cube root of 125.,4,5,6,3,B
Mathematics,Simplify 16^(3/4).,8,4,16,2,A
Mathematics,Simplify 27^(2/3).,6,9,3,12,B
Mathematics,Express √12 in surd form.,2√3,3√2,4√3,3√4,A
Mathematics,Find the value of 2⁰ + 3⁰.,1,2,3,4,B
Mathematics,Simplify (x²y³)³.,x⁶y⁹,x⁵y⁶,x⁴y⁷,x⁶y⁶,A
Mathematics,Find √(0.25).,0.2,0.25,0.5,0.75,C
Mathematics,Find √(49a²b⁴).,7ab²,49ab²,7a²b,14ab,A
Mathematics,If 5ˣ = 125 find x.,2,3,4,5,B
Mathematics,Express 0.0001 as a power of 10.,10⁻³,10⁻⁴,10⁻⁵,10⁻²,B
Mathematics,Simplify 3⁴ × 3⁻².,3²,3⁶,3⁴,3⁰,A
Mathematics,Find value of 81^(1/4).,3,4,9,2,A
Mathematics,Simplify (x³)⁴ ÷ (x⁵)².,x²,x³,x⁴,x⁰,D
Mathematics,If (2ˣ)(2³)=2⁷ find x.,3,4,5,6,B
Mathematics,Find √(121).,9,10,11,12,C
Mathematics,Simplify √(x²).,|x|,x²,x,x³,A
Mathematics,Find value of (3/4)⁻².,16/9,9/16,4/9,3/16,A
Mathematics,Simplify √(45).,3√5,5√3,2√5,6√3,A
Mathematics,Simplify (√3)².,3,6,9,√3,A
Mathematics,Simplify (5a²b³)².,25a⁴b⁶,25a²b³,5a³b²,50a⁴b⁵,A
Mathematics,Solve the equations y = x + 2 and y = x² + x.,x=–1,y=1 and x=2,y=4,x=1,y=3 and x=2,y=5,x=0,y=2 and x=2,y=4,x=–2,y=0 and x=1,y=3,A
Mathematics,Find points of intersection for y = x² and y = 2x + 3.,(–1,1) and (3,9),(0,3) and (3,9),(–1,1) and (4,11),(1,4) and (2,7),A
Mathematics,Solve x² = 4x – 3.,x=1 or 3,x=–1 or 3,x=2 or 3,x=–3 or 1,B
Mathematics,Solve y = 2x + 1 and y = x² – 3x + 2.,x=1,y=3 and x=2,y=5,x=–1,y=–1 and x=3,y=7,x=1,y=3 and x=4,y=9,x=–2,y=–3 and x=3,y=7,B
Mathematics,Find x if y = x² and y = 6 – x.,x=2 and x=3,x=1 and x=5,x=2 and x=4,x=1 and x=4,A
Mathematics,If y = x² – 4 and y = 2x + 2 find x.,x=–3 or 2,x=–2 or 3,x=–1 or 4,x=–4 or 1,B
Mathematics,Solve x² – x – 6 = 0 graphically, points of intersection are?,(–2,0) and (3,0),(–1,0) and (6,0),(–3,0) and (2,0),(0,0) and (6,0),A
Mathematics,In solving y = x² + 2x and y = 3x + 4, x-values are?,x=–2 and 2,x=–1 and 3,x=–4 and 2,x=–3 and 4,B
Mathematics,Solve x² = 2x + 3 using algebra.,x=3 and –1,x=1 and –3,x=–2 and 3,x=2 and –3,A
Mathematics,If y = x² – 2x – 3 and y = 2x + 1 find x.,x=–1 or 4,x=–3 or 2,x=–2 or 3,x=–4 or 1,A
Mathematics,Solve y = x² – 3 and y = 2x – 1.,x=–1 or 2,x=1 or 2,x=–2 or 3,x=–3 or 1,A
Mathematics,Find x when y = x² – 5x + 4 and y = 2x – 2.,x=1 or 4,x=2 or 5,x=1 or 6,x=2 or 3,A
Mathematics,The points where y = x² and y = 4 intersect are?,(–2,4) and (2,4),(–1,1) and (1,1),(0,4) and (4,4),(–3,9) and (3,9),A
Mathematics,Find the coordinates where y = x² and y = x + 2 meet.,(–1,1) and (2,4),(0,2) and (2,4),(–2,0) and (1,3),(–3,1) and (2,4),A
Mathematics,If y = x² – x – 2 and y = 2x – 3 find x.,x=1 and 2,x=2 and 3,x=–1 and 3,x=–2 and 1,C
Mathematics,Solve x² – 2x – 8 = 0 using graphical method.,x=–2 and 4,x=–4 and 2,x=–3 and 5,x=–5 and 3,A
Mathematics,The intersection of y = x² and y = x + 6 gives x= ?,x=2 and –3,x=3 and –2,x=4 and –2,x=2 and –4,B
Mathematics,Find the coordinates for y = x² – 4 and y = 2x + 2.,(–3,–4) and (2,6),(–2,–2) and (3,8),(–1,0) and (2,6),(–2,–4) and (3,8),D
Mathematics,The quadratic y = x² – 6x + 8 touches the x-axis at?,(2,0) and (4,0),(3,0) and (5,0),(2,0) only,(4,0) only,A
Mathematics,Find x if y = x² – 4x + 3 and y = 2x – 1.,x=1 and 4,x=1 and 3,x=2 and 4,x=2 and 3,B
Mathematics,For y = x² and y = 2x – 1 find coordinates of intersection.,(1,1) and (–1,–3),(1,1) and (3,5),(0,0) and (2,3),(–2,3) and (1,1),A
Mathematics,The roots of y = x² – 2x – 15 = 0 using graph are?,–3 and 5,–2 and 7,–5 and 3,–4 and 6,A
Mathematics,Find the values of x for which y = x² – 4x – 5 = 0.,x=5 and –1,x=4 and –2,x=2 and –5,x=6 and –3,A
Mathematics,Find x where y = x² + x – 6 crosses the x-axis.,x=2 and –3,x=3 and –2,x=1 and –6,x=2 and 3,A
Mathematics,If y = x² – 4 and y = 3x – 5 find x.,x=1 and 2,x=2 and 3,x=1 and 4,x=1 and 3,D
Mathematics,Solve y = x² – 2x – 3 graphically.,x=–1 and 3,x=–2 and 3,x=–1 and 2,x=–3 and 1,A
Mathematics,If the graph of y = x² – 6x + 8 crosses x-axis at (2,0) and (4,0), the roots are?,2 and 4,–2 and 4,–4 and 2,4 and 6,A
Mathematics,Find points of intersection for y = x² – 2 and y = 2x + 1.,(–1,–1) and (3,7),(–2,–3) and (2,5),(–1,0) and (2,5),(0,2) and (3,7),A
Mathematics,Graphically, the minimum point of y = x² – 4x + 3 is at?,(2,–1),(1,–2),(2,1),(3,–2),A
Mathematics,Find the vertex of y = x² – 6x + 5.,(3,–4),(2,–5),(3,–5),(2,–4),A
Mathematics,The axis of symmetry of y = x² – 4x + 3 is?,x=2,x=3,x=1,x=4,A
Mathematics,Find x where y = x² – 3x + 2 cuts the x-axis.,x=1 and 2,x=2 and 3,x=–1 and 2,x=1 and 3,A
Mathematics,The vertex of y = x² – 2x – 3 is at?,(1,–4),(1,4),(–1,4),(2,–4),A
Mathematics,For y = x² – 4x + 4 the graph touches x-axis at?,(2,0),(–2,0),(4,0),(0,2),A
Mathematics,If y = x² + 2x + 1 find the coordinates of minimum point.,(–1,0),(1,0),(0,1),(–1,1),A
Mathematics,Find the x-intercepts of y = x² – 9.,x=3 and –3,x=0 and 3,x=–1 and 3,x=–3 and 2,A
Mathematics,The vertex of y = x² – 8x + 15 is at?,(4,–1),(4,1),(3,–2),(2,–3),A
Mathematics,Find x-values where y = x² – 5x + 6 = 0.,x=2 and 3,x=1 and 5,x=3 and 4,x=1 and 4,A
Mathematics,If y = x² – 4x + 2 find axis of symmetry.,x=2,x=3,x=1,x=4,A
Mathematics,The minimum value of y = x² – 6x + 8 is?,–1,0,2,3,A
Mathematics,Find the turning point of y = x² – 2x + 1.,(1,0),(2,1),(1,1),(0,1),A
Mathematics,The line y = 2x + 3 and parabola y = x² intersect at how many points?,2,1,3,0,A
Mathematics,If y = x² – 4x + 3, what is the y-intercept?,3,4,–4,–3,A
Mathematics,Find y-intercept of y = x² + 2x – 3.,–3,3,–2,2,A
Mathematics,For y = x² – 2x – 8, the vertex occurs at?,(1,–9),(2,–10),(1,–8),(3,–9),A
Mathematics,If the equation y = x² – 6x + 5 = 0 is drawn, what are the roots?,x=1 and 5,x=2 and 4,x=3 and 2,x=1 and 4,A
Mathematics,Find the number of roots of y = x² – 3x + 2 = 0.,2,1,0,3,A
Mathematics,If a quadratic touches the x-axis once, the discriminant is?,0,1,positive,negative,A
Mathematics,The graph of y = x² – 9x + 20 cuts x-axis at?,(4,0) and (5,0),(3,0) and (6,0),(2,0) and (7,0),(1,0) and (8,0),A
Mathematics,Find x-values where y = x² – 5x + 4 = 0.,x=1 and 4,x=2 and 3,x=1 and 5,x=2 and 4,A
Mathematics,If y varies directly as x and y=10 when x=5 find y when x=8.,12,14,16,18,C
Mathematics,When y varies directly as x and y=6 when x=4 find x when y=9.,5,6,7,8,B
Mathematics,If y varies directly as x and y=15 when x=3 find the constant of variation.,3,4,5,6,C
Mathematics,If y ∝ x then y/x is?,Constant,Variable,Increasing,Zero,A
Mathematics,When y varies directly as x and y=12 when x=4 find y when x=10.,25,28,30,35,C
Mathematics,If y varies inversely as x and y=6 when x=8 find y when x=12.,4,3,5,2,A
Mathematics,If y varies inversely as x and y=9 when x=2 find x when y=3.,3,4,5,6,B
Mathematics,If y ∝ 1/x and y=10 when x=2 find y when x=5.,2,3,4,5,B
Mathematics,When y varies inversely as x and y=8 when x=3 find y when x=6.,4,3,2,1,A
Mathematics,If y varies inversely as x and y=15 when x=4 find x when y=5.,6,10,8,12,C
Mathematics,If y varies jointly as x and z and y=24 when x=2 and z=6 find y when x=4 and z=9.,72,80,84,108,D
Mathematics,If y ∝ xz and y=12 when x=3,z=2 find the constant.,2,3,4,5,A
Mathematics,If y varies jointly as x and √z and y=40 when x=5,z=16 find y when x=8,z=9.,60,72,80,90,B
Mathematics,If y ∝ x/z and y=20 when x=10,z=5 find y when x=8,z=4.,16,20,24,32,B
Mathematics,If y varies directly as x² and y=50 when x=5 find y when x=10.,150,200,400,500,C
Mathematics,When y varies as x² and y=18 when x=3 find x when y=72.,6,7,8,9,A
Mathematics,If y varies inversely as the square of x and y=4 when x=2 find y when x=4.,1,2,3,4,A
Mathematics,If y ∝ 1/x² and y=50 when x=2 find y when x=5.,8,10,12,20,B
Mathematics,When y varies as x² and y=9 when x=3 find y when x=6.,27,36,54,81,D
Mathematics,If y varies as 1/x and y=8 when x=2 find y when x=4.,2,4,6,8,B
Mathematics,If y varies inversely as √x and y=20 when x=4 find y when x=9.,10,12,14,15,A
Mathematics,If y ∝ x and y=25 when x=5 find y when x=8.,35,38,40,42,C
Mathematics,When y varies inversely as x and y=12 when x=4 find x when y=6.,6,7,8,9,C
Mathematics,If y varies jointly as x and z and inversely as w, y=24 when x=3,z=4,w=2 find y when x=5,z=6,w=3.,60,80,90,100,A
Mathematics,If y varies directly as the cube of x and y=64 when x=2 find y when x=3.,192,216,256,300,B
Mathematics,If y varies as x³ and y=27 when x=3 find y when x=6.,108,162,216,324,C
Mathematics,If y ∝ 1/x³ and y=64 when x=2 find y when x=4.,8,16,24,32,A
Mathematics,If y varies inversely as x³ and y=81 when x=3 find y when x=9.,3,4,2,1,A
Mathematics,If y ∝ xz² and y=200 when x=5,z=4 find y when x=10,z=2.,160,200,250,400,C
Mathematics,If y ∝ x/√z and y=30 when x=6,z=9 find y when x=12,z=4.,60,72,80,90,C
Mathematics,If y ∝ x²z and y=40 when x=2,z=5 find y when x=4,z=2.,80,120,160,200,C
Mathematics,If y varies inversely as √x and y=10 when x=9 find y when x=25.,6,7,8,9,C
Mathematics,If y ∝ x³ and y=125 when x=5 find y when x=10.,500,800,1000,2000,C
Mathematics,If y varies inversely as the square of x and y=10 when x=2 find y when x=5.,2,3,4,5,A
Mathematics,If y ∝ 1/x² and y=16 when x=2 find x when y=4.,3,4,6,8,B
Mathematics,If y varies jointly as x and z² and y=36 when x=2,z=3 find y when x=4,z=6.,288,324,432,576,D
Mathematics,If y varies as x² and y=16 when x=4 find y when x=8.,32,48,64,128,D
Mathematics,If y ∝ 1/x and y=24 when x=3 find x when y=8.,6,7,8,9,C
Mathematics,If y varies as x and inversely as z and y=12 when x=3,z=4 find y when x=6,z=2.,24,30,32,36,A
Mathematics,If y ∝ xz and y=50 when x=5,z=2 find y when x=10,z=3.,200,250,300,400,C
Mathematics,If y varies jointly as x and √z and y=18 when x=2,z=9 find y when x=6,z=16.,48,54,60,72,B
Mathematics,If y varies inversely as x and directly as z and y=12 when x=3,z=4 find y when x=2,z=5.,25,30,35,40,B
Mathematics,If y varies inversely as the cube of x and y=8 when x=2 find y when x=4.,1,2,3,4,A
Mathematics,If y ∝ x³z² and y=72 when x=2,z=3 find y when x=3,z=4.,216,324,432,648,D
Mathematics,If y varies directly as x and inversely as √z and y=20 when x=5,z=4 find y when x=8,z=9.,24,26,28,30,A
Mathematics,If y ∝ x² and y=20 when x=2 find x when y=80.,3,4,5,6,C
Mathematics,If y varies directly as z and inversely as x and y=30 when z=5,x=2 find y when z=8,x=4.,20,25,30,40,B
Mathematics,If y ∝ x³ and y=54 when x=3 find the constant.,2,3,4,6,B
Mathematics,If y varies directly as x and inversely as y, what type of variation is this?,Joint,Partial,Inverse,Complex,A
Mathematics,If y ∝ x²z and y=108 when x=3,z=4 find y when x=2,z=6.,96,108,120,144,D
Mathematics,When y varies inversely as √x and y=12 when x=9 find y when x=4.,18,20,24,27,A
Mathematics,If y ∝ xz and y=30 when x=3,z=5 find constant of variation.,2,3,4,6,A
Mathematics,Find the mean of 4,6,8,10,12.,7,8,9,10,B
Mathematics,Find the median of 3,5,7,9,11.,5,6,7,8,C
Mathematics,Find the mode of 2,4,6,6,8,10.,2,4,6,8,C
Mathematics,Find the range of 12,15,9,18,21.,12,10,9,8,B
Mathematics,Find the mean of 2,3,4,5,6,7,8.,4,5,6,7,B
Mathematics,The modal value of 3,7,7,5,9,7,6 is?,3,5,7,9,C
Mathematics,If the mean of 5 numbers is 8 find their total sum.,30,35,40,45,C
Mathematics,Find the median of 2,4,6,8,10,12.,5,6,7,8,B
Mathematics,The range of 25,30,45,20,50 is?,25,30,35,40,A
Mathematics,Find the mean of 10,20,30,40,50.,25,30,35,40,B
Mathematics,Find the mode of 5,8,5,6,7,8,5.,5,6,7,8,A
Mathematics,Find the median of 4,8,10,12,16,18.,9,10,11,12,B
Mathematics,The range of 8,14,12,10,18 is?,8,9,10,11,A
Mathematics,Find the mean of first 5 even numbers.,4,5,6,7,C
Mathematics,Find the mean of 1,2,3,4,5,6,7,8,9.,4,5,6,7,B
Mathematics,The modal class in a frequency table is the class with?,Highest frequency,Lowest frequency,Middle value,Smallest class,A
Mathematics,If 5 students scored 4,6,8,10,12, find the range.,6,7,8,9,C
Mathematics,Find the range of 15,20,25,30,35.,15,20,25,30,A
Mathematics,The mean of 10,20,30 is?,10,20,30,B
Mathematics,The median of 4,8,12,16,20 is?,8,10,12,14,C
Mathematics,Find the mode of 6,6,6,7,8,9,10.,6,7,8,9,A
Mathematics,Find the range of 3,5,9,12,15.,10,11,12,13,B
Mathematics,Find the mean of 12,14,16,18,20.,15,16,17,18,B
Mathematics,Find the median of 2,3,5,7,8,9,10.,5,6,7,8,B
Mathematics,Find the mode of 11,14,14,15,16,17.,14,15,16,17,A
Mathematics,Find the mean of 3,6,9,12,15.,7,8,9,10,C
Mathematics,The range of 2,5,8,11,14 is?,12,11,10,9,A
Mathematics,Find the median of 4,6,8,10,12,14,16,18.,9,10,11,12,B
Mathematics,Find the mean of 1,3,5,7,9,11.,5,6,7,8,B
Mathematics,Find the mode of 2,4,4,6,8,8,8,10.,4,6,8,10,C
Mathematics,Find the mean of first five natural numbers.,2,3,4,5,B
Mathematics,Find the mean of 15,25,35,45,55.,25,35,40,45,B
Mathematics,The range of 6,9,12,18,24 is?,12,15,18,20,B
Mathematics,Find the mode of 3,3,5,7,9,11,13,13,13.,3,7,9,13,D
Mathematics,The median of 5,10,15,20,25,30 is?,12,15,17,20,C
Mathematics,If mean of 4 numbers is 6 find sum.,18,20,22,24,B
Mathematics,Find the range of 7,11,9,15,19.,8,9,10,11,A
Mathematics,Find the mean of 2,4,6,8,10,12,14.,7,8,9,10,B
Mathematics,Find the mode of 9,11,11,13,13,13,15.,11,12,13,15,C
Mathematics,Find the median of 5,7,9,11,13,15,17.,9,10,11,12,C
Mathematics,Find the mean of 20,25,30,35,40.,25,30,35,40,B
Mathematics,The range of 12,14,16,20,22,25 is?,10,9,8,11,A
Mathematics,Find the mean of first 10 natural numbers.,4,5,5.5,6,C
Mathematics,Find the mode of 8,9,9,10,11,11,11,12.,9,10,11,12,C
Mathematics,Find the median of 2,4,6,8,10,12,14,16.,8,9,10,11,A
Mathematics,Find the range of 5,10,15,20,25,30.,20,25,30,35,B
Mathematics,Find the mean of 10,15,20,25,30.,18,20,22,24,B
Mathematics,The mode of 4,4,4,5,5,6,7 is?,4,5,6,7,A
Mathematics,Find the range of 9,12,15,18,21.,9,10,11,12,B
Mathematics,Find the median of 11,13,15,17,19.,13,15,17,19,B
Mathematics,The mean of 8,10,12,14,16 is?,10,12,14,16,B
Mathematics,If a coin is tossed once, what is the probability of getting a head?,1/2,1/3,1/4,2/3,A
Mathematics,Find the probability of getting an even number when a die is thrown.,1/2,1/3,1/4,2/3,A
Mathematics,When a die is thrown, probability of getting 4 is?,1/6,1/5,1/4,1/3,A
Mathematics,Find the probability of getting a prime number on a fair die.,1/2,1/3,1/6,2/3,A
Mathematics,If a coin is tossed twice, probability of two heads is?,1/4,1/2,1/3,2/3,A
Mathematics,When two coins are tossed, probability of one head is?,1/2,1/3,1/4,2/3,B
Mathematics,Find probability of getting a number less than 4 on a die.,1/3,1/2,1/4,2/3,A
Mathematics,Find probability of getting tail when a coin is tossed.,1/2,1/3,1/4,2/3,A
Mathematics,Probability of getting an odd number on a die is?,1/2,1/3,1/6,2/3,A
Mathematics,If a die is thrown once, probability of not getting 6 is?,5/6,4/6,3/6,2/6,A
Mathematics,When two dice are thrown, total outcomes are?,6,12,18,36,D
Mathematics,If a die is thrown, probability of getting number greater than 4 is?,1/3,1/2,1/4,2/3,A
Mathematics,Probability of getting head or tail when coin is tossed is?,1,1/2,1/3,1/4,A
Mathematics,Find probability of getting 5 or 6 on a die.,1/3,1/2,1/4,2/3,B
Mathematics,Probability of selecting a vowel from letters A,B,C,D,E is?,2/5,3/5,1/5,4/5,B
Mathematics,Find probability of picking red ball from 2 red and 3 blue.,2/5,3/5,1/5,4/5,A
Mathematics,If a bag contains 5 white and 7 black balls, find probability of picking black.,5/12,7/12,1/2,1/3,B
Mathematics,Probability of drawing an ace from 52 cards is?,1/13,1/26,1/52,1/12,A
Mathematics,Find probability of drawing a king or queen from 52 cards.,1/26,2/26,1/13,1/52,C
Mathematics,Probability of getting an odd number from 1 to 10 is?,1/2,1/3,1/4,2/3,A
Mathematics,Find probability of choosing even number from 1–20.,1/2,1/3,2/3,1/4,A
Mathematics,Find number of outcomes when a die is thrown twice.,6,12,18,36,D
Mathematics,In tossing 3 coins, probability of getting 3 heads is?,1/8,1/4,1/2,3/8,A
Mathematics,In tossing 3 coins, probability of getting at least one head is?,1/2,7/8,3/8,5/8,B
Mathematics,Find the number of ways to arrange 3 letters A,B,C.,3,6,9,12,B
Mathematics,The number of permutations of 5 objects taken 2 at a time is?,20,10,15,25,A
Mathematics,Find the number of combinations of 5 objects taken 2 at a time.,10,20,15,25,A
Mathematics,If nPr = 20 and nCr = 10 find r.,2,3,4,5,A
Mathematics,The number of permutations of the word CAT is?,3,6,9,12,B
Mathematics,Number of permutations of 4 different books on a shelf is?,12,16,20,24,D
Mathematics,Find 5P3.,30,40,50,60,A
Mathematics,Find 6C2.,12,14,15,20,C
Mathematics,Find 4C2.,4,5,6,7,C
Mathematics,Find 5C2.,10,15,20,25,A
Mathematics,Find number of ways of selecting 2 students from 10.,30,40,45,50,C
Mathematics,Find number of ways to arrange letters in the word MATH.,24,25,26,28,A
Mathematics,Find 4P2.,8,10,12,16,C
Mathematics,If a coin is tossed thrice, total possible outcomes are?,4,6,8,10,C
Mathematics,Probability of getting no head in 3 coin tosses is?,1/8,1/4,1/2,3/8,A
Mathematics,Find 6P3.,60,120,180,240,B
Mathematics,Find 7C3.,25,30,35,40,C
Mathematics,Find 8C2.,24,26,28,36,A
Mathematics,Number of permutations of 6 distinct letters taken 4 at a time is?,120,360,720,840,B
Mathematics,Find 10C4.,210,220,230,240,A
Mathematics,Find 9C3.,60,70,80,90,B
Mathematics,If 5C2=10, then 5C3 equals?,10,15,20,25,A
Mathematics,Find 5P2.,10,15,20,25,B
Mathematics,Number of permutations of 4 digits from 0–9 is?,1000,5040,3024,2100,C
Mathematics,Find number of ways 3 students can sit in 3 chairs.,3,4,6,9,C
Mathematics,If 5 boys can sit in a row in 120 ways, then 5! = ?,60,120,240,720,B
Mathematics,Find 7P2.,42,49,56,63,A
Mathematics,Find 6C3.,15,16,17,18,A
Mathematics,Find number of ways 4 people can be arranged in 4 seats.,12,16,20,24,D
Mathematics,Find the probability of drawing a heart from a deck of cards.,1/4,1/13,1/26,1/52,A
Mathematics,Find the probability of drawing a black card from a deck of 52 cards.,1/2,1/4,1/13,1/26,A
Mathematics,Find the area of a rectangle of length 8 cm and breadth 6 cm.,36 cm²,42 cm²,48 cm²,54 cm²,C
Mathematics,Find the perimeter of a rectangle with length 10 cm and breadth 4 cm.,20 cm,24 cm,26 cm,28 cm,B
Mathematics,The area of a square of side 5 cm is?,20 cm²,25 cm²,30 cm²,35 cm²,B
Mathematics,Find the perimeter of a square of side 9 cm.,27 cm,36 cm,45 cm,54 cm,B
Mathematics,Find the circumference of a circle with radius 7 cm (take π=22/7).,38 cm,40 cm,44 cm,48 cm,C
Mathematics,Find the area of a circle of radius 3 cm (π=3.142).,28.26 cm²,30 cm²,35 cm²,38 cm²,A
Mathematics,Find the diameter of a circle with circumference 44 cm (π=22/7).,12 cm,13 cm,14 cm,15 cm,C
Mathematics,Find the radius of a circle whose area is 154 cm² (π=22/7).,5 cm,6 cm,7 cm,8 cm,C
Mathematics,Find the area of a triangle with base 10 cm and height 6 cm.,20 cm²,25 cm²,30 cm²,40 cm²,C
Mathematics,Find the perimeter of a triangle with sides 5 cm, 6 cm, and 7 cm.,16 cm,17 cm,18 cm,19 cm,C
Mathematics,Find the volume of a cube with edge 4 cm.,48 cm³,54 cm³,64 cm³,72 cm³,C
Mathematics,Find the total surface area of a cube with edge 5 cm.,125 cm²,100 cm²,150 cm²,75 cm²,B
Mathematics,Find the volume of a cuboid with length 6 cm, breadth 4 cm, height 5 cm.,100 cm³,110 cm³,120 cm³,130 cm³,C
Mathematics,Find the area of a parallelogram with base 12 cm and height 8 cm.,90 cm²,92 cm²,94 cm²,96 cm²,D
Mathematics,Find the area of a trapezium with parallel sides 8 cm, 10 cm, and height 6 cm.,50 cm²,54 cm²,60 cm²,64 cm²,C
Mathematics,Find the volume of a cylinder with radius 7 cm and height 10 cm (π=22/7).,1320 cm³,1386 cm³,1400 cm³,1500 cm³,B
Mathematics,Find the curved surface area of a cylinder of radius 7 cm and height 10 cm.,420 cm²,440 cm²,440 cm²,480 cm²,A
Mathematics,Find the volume of a sphere with radius 3 cm (π=3.142).,110 cm³,113 cm³,120 cm³,130 cm³,B
Mathematics,Find the total surface area of a sphere with radius 7 cm (π=22/7).,600 cm²,616 cm²,620 cm²,630 cm²,B
Mathematics,Find the area of a rhombus with diagonals 8 cm and 6 cm.,20 cm²,22 cm²,24 cm²,26 cm²,C
Mathematics,Find the volume of a cone with radius 7 cm and height 9 cm (π=22/7).,460 cm³,462 cm³,465 cm³,468 cm³,B
Mathematics,Find the curved surface area of a cone with radius 7 cm and slant height 10 cm.,200 cm²,210 cm²,220 cm²,230 cm²,B
Mathematics,Find the total surface area of a cylinder with radius 7 cm and height 10 cm.,734 cm²,748 cm²,754 cm²,764 cm²,A
Mathematics,Find the area of a sector of a circle radius 7 cm and angle 90° (π=22/7).,38.5 cm²,40 cm²,42 cm²,45 cm²,A
Mathematics,Find the length of the arc of a circle with radius 7 cm and angle 60°.,7.33 cm,7.5 cm,8 cm,8.5 cm,A
Mathematics,Find the area of a square whose diagonal is 14 cm.,80 cm²,90 cm²,98 cm²,100 cm²,C
Mathematics,Find the area of a triangle with sides 6 cm, 8 cm, and 10 cm.,20 cm²,24 cm²,26 cm²,28 cm²,B
Mathematics,Find the height of a triangle whose area is 30 cm² and base is 10 cm.,5 cm,6 cm,7 cm,8 cm,B
Mathematics,Find the perimeter of a rectangle whose area is 96 cm² and length 12 cm.,28 cm,30 cm,32 cm,34 cm,C
Mathematics,Find the volume of a cuboid of dimensions 8 cm, 5 cm, and 4 cm.,140 cm³,150 cm³,160 cm³,170 cm³,C
Mathematics,Find the area of a circle with diameter 14 cm (π=22/7).,150 cm²,153.86 cm²,155 cm²,160 cm²,B
Mathematics,Find the radius of a circle whose circumference is 66 cm (π=22/7).,9 cm,10 cm,10.5 cm,11 cm,C
Mathematics,Find the perimeter of a square with area 49 cm².,28 cm,24 cm,20 cm,32 cm,A
Mathematics,Find the volume of a prism with base area 20 cm² and height 12 cm.,220 cm³,230 cm³,240 cm³,250 cm³,C
Mathematics,Find the total surface area of a cube with edge 4 cm.,96 cm²,100 cm²,104 cm²,108 cm²,A
Mathematics,Find the area of an equilateral triangle with side 6 cm.,15.6 cm²,15.8 cm²,15.9 cm²,16 cm²,A
Mathematics,Find the area of a circle whose circumference is 44 cm.,154 cm²,160 cm²,165 cm²,170 cm²,A
Mathematics,Find the radius of a circle with area 616 cm² (π=22/7).,12 cm,13 cm,14 cm,15 cm,C
Mathematics,Find the height of a cone with volume 462 cm³ and radius 7 cm.,8 cm,9 cm,10 cm,11 cm,B
Mathematics,Find the volume of a hemisphere of radius 7 cm (π=22/7).,718 cm³,720 cm³,718.67 cm³,719 cm³,C
Mathematics,Find the surface area of a hemisphere of radius 7 cm (π=22/7).,308 cm²,312 cm²,314 cm²,320 cm²,C
Mathematics,Find the slant height of a cone of radius 5 cm and height 12 cm.,11 cm,12 cm,13 cm,14 cm,C
Mathematics,Find the perimeter of a semicircle of radius 7 cm (π=22/7).,36 cm,37 cm,38 cm,39 cm,A
Mathematics,Find the area of a trapezium with sides 8 cm, 12 cm, height 5 cm.,40 cm²,45 cm²,50 cm²,55 cm²,C
Mathematics,Find the area of a circle whose radius is 10 cm (π=3.142).,310 cm²,314.2 cm²,320 cm²,330 cm²,B
Mathematics,Find the area of a parallelogram with base 9 cm and height 8 cm.,60 cm²,64 cm²,70 cm²,72 cm²,D
Mathematics,Find the volume of a cone whose base radius is 3.5 cm and height 9 cm.,115 cm³,116 cm³,115.5 cm³,120 cm³,C
Mathematics,Find the area of a triangle with base 12 cm and height 5 cm.,25 cm²,30 cm²,32 cm²,35 cm²,B
Mathematics,Find the area of a rhombus with diagonals 10 cm and 8 cm.,35 cm²,38 cm²,39 cm²,40 cm²,D
Mathematics,Find the volume of a sphere whose diameter is 14 cm.,1420 cm³,1430 cm³,1436 cm³,1440 cm³,C
Mathematics,Find the area of a sector with radius 14 cm and angle 60° (π=22/7).,102.67 cm²,103 cm²,104 cm²,105 cm²,A
Mathematics,Find the volume of a cylinder whose height is 10 cm and diameter 14 cm (π=22/7).,1536 cm³,1539 cm³,1540 cm³,1545 cm³,B
Mathematics,Find the area of a square with diagonal 10 cm.,48 cm²,49 cm²,50 cm²,51 cm²,C
Mathematics,If sinθ=3/5 find cosθ.,4/5,5/4,3/4,2/5,A
Mathematics,If cosθ=4/5 find sinθ.,3/5,4/5,2/5,1/5,A
Mathematics,If tanθ=3/4 find sinθ.,3/5,4/5,5/3,5/4,A
Mathematics,If sinθ=5/13 find cosθ.,12/13,5/12,5/13,13/12,A
Mathematics,If cosθ=12/13 find tanθ.,3/4,4/3,5/12,5/13,A
Mathematics,If tanθ=4/3 find sinθ.,3/5,4/5,5/3,5/4,B
Mathematics,If sinθ=1/2 find θ.,15°,30°,45°,60°,B
Mathematics,If cosθ=√3/2 find θ.,30°,45°,60°,90°,C
Mathematics,If tanθ=1 find θ.,30°,45°,60°,90°,B
Mathematics,If sin30°=?,1/2,√3/2,√2/2,0,A
Mathematics,If cos60°=?,1/2,√3/2,√2/2,0,A
Mathematics,If tan45°=?,0,1,√3,∞,B
Mathematics,Find sin60°.,1/2,√3/2,√2/2,1,B
Mathematics,Find cos30°.,√3/2,1/2,√2/2,1,A
Mathematics,Find tan30°.,1/√3,√3,1,0,A
Mathematics,Find sin45°.,1/2,√2/2,√3/2,1,B
Mathematics,Find cos45°.,1/2,√2/2,√3/2,1,B
Mathematics,Find tan60°.,√3,1/√3,1,2,A
Mathematics,If sinθ=0.8 find cosθ.,0.6,0.8,0.5,0.7,A
Mathematics,If cosθ=0.6 find sinθ.,0.6,0.8,0.5,0.4,B
Mathematics,If tanθ=0.75 find sinθ and cosθ.,3/5 and 4/5,4/5 and 3/5,1/2 and √3/2,√3/2 and 1/2,A
Mathematics,Find the height of a tree 20 m away when angle of elevation is 30°.,5√3 m,10√3 m,15√3 m,20√3 m,B
Mathematics,Find the angle of elevation of a tower 20 m high seen from 20 m away.,30°,45°,60°,75°,B
Mathematics,Find the length of a ladder 5 m high against a wall making 60° with ground.,8 m,9 m,10 m,11 m,C
Mathematics,Find the height of a building if a 10 m ladder makes 30° with the ground.,3 m,5 m,7 m,8 m,B
Mathematics,Find the distance of a ship from the foot of a lighthouse 40 m high at elevation 30°.,50 m,60 m,70 m,80 m,B
Mathematics,Find sin²θ + cos²θ.,0,1,2,3,B
Mathematics,Find tanθ if sinθ=3/5 and cosθ=4/5.,3/5,3/4,4/3,5/4,B
Mathematics,If sinθ=4/5 find tanθ.,3/5,3/4,4/3,5/3,B
Mathematics,Find angle whose sine is 0.7071.,30°,45°,60°,90°,B
Mathematics,Find angle whose cosine is 0.5.,30°,45°,60°,90°,C
Mathematics,Find angle whose tangent is √3.,30°,45°,60°,90°,C
Mathematics,If tanθ=1/√3 find θ.,30°,45°,60°,90°,A
Mathematics,Find the height of a tower 50 m from an observer at elevation 45°.,25 m,50 m,75 m,100 m,B
Mathematics,Find the distance of a car from a tower 20 m high at angle of elevation 60°.,10 m,15 m,20/√3 m,40 m,C
Mathematics,Find the bearing of east from north.,45°,60°,90°,120°,C
Mathematics,Find the bearing of south from west.,180°,225°,270°,315°,B
Mathematics,Find the bearing of west from north.,180°,225°,270°,315°,C
Mathematics,Find the bearing of north-east.,30°,45°,60°,90°,B
Mathematics,Find the bearing of south-east.,90°,120°,135°,180°,C
Mathematics,Find the bearing of south-west.,180°,210°,225°,270°,C
Mathematics,Find the bearing of north-west.,270°,300°,315°,330°,C
Mathematics,If the bearing of B from A is 060°, find bearing of A from B.,120°,150°,240°,240°,C
Mathematics,If the bearing of C from D is 210°, find bearing of D from C.,30°,90°,120°,300°,D
Mathematics,If a ship sails from port A to B on a bearing of 045°, what direction is that?,North-East,South-East,South-West,North-West,A
Mathematics,Find the compass direction corresponding to bearing 135°.,North-East,South-East,South-West,North-West,B
Mathematics,Find the compass direction corresponding to bearing 225°.,North-East,South-East,South-West,North-West,C
Mathematics,Find the compass direction corresponding to bearing 315°.,North-East,South-East,South-West,North-West,D
Mathematics,If a ship sails 10 km east then 10 km north, find its bearing from start.,30°,45°,60°,90°,B
Mathematics,If sinA=0.6 find A.,30°,36.9°,45°,60°,B
Mathematics,Find the value of sin90°.,0,1,1/2,√3/2,B
Mathematics,Find cos0°.,0,1,1/2,√3/2,B
Mathematics,Find tan0°.,0,1,√3,∞,A
Mathematics,Find the distance between points (2,3) and (5,7).,3,4,5,6,C
Mathematics,Find the midpoint of (2,4) and (6,8).,(4,6),(3,6),(5,5),(4,7),A
Mathematics,Find the slope of the line joining (2,3) and (6,7).,1,2,3,4,A
Mathematics,Find the equation of a line with slope 2 passing through (1,3).,y=2x+1,y=2x+3,y=2x−3,y=3x+2,B
Mathematics,Find the gradient of the line joining (1,2) and (4,10).,2,3,4,5,B
Mathematics,Find the distance between (0,0) and (3,4).,3,4,5,6,C
Mathematics,Find the coordinates of the midpoint between (−2,5) and (6,−3).,(2,1),(2,−1),(3,2),(3,−1),A
Mathematics,Find the slope of the line passing through (2,−1) and (4,3).,1,2,3,4,B
Mathematics,Find the equation of the line with slope 1 and y-intercept 2.,y=x+2,y=x−2,y=2x+1,y=2x−1,A
Mathematics,Find the y-intercept of the line y=3x+5.,3,5,−3,−5,B
Mathematics,Find the slope of the line y=2x+7.,2,3,4,5,A
Mathematics,Find the slope of the line 3x+2y=6.,−3/2,−2/3,3/2,2/3,B
Mathematics,Find the x-intercept of y=2x+4.,−2,−1,2,3,A
Mathematics,Find the equation of the line with slope −3 and passing through (2,4).,y=−3x+10,y=−3x+4,y=−3x+2,y=3x−4,A
Mathematics,Find the coordinates of midpoint between (−1,2) and (5,8).,(2,5),(3,5),(2,6),(3,6),B
Mathematics,Find the equation of a line passing through (0,3) with gradient 4.,y=4x+3,y=4x−3,y=3x+4,y=3x−4,A
Mathematics,Find the equation of a line parallel to y=2x+3 passing through (1,2).,y=2x+1,y=2x−1,y=3x+1,y=3x−1,B
Mathematics,Find the gradient of the line perpendicular to y=−½x+3.,2,½,−2,−½,A
Mathematics,Find the distance between (3,4) and (6,8).,4,5,6,7,B
Mathematics,Find the midpoint of (−2,−2) and (4,4).,(1,1),(2,2),(3,3),(4,4),A
Mathematics,Find the slope of the line joining (−1,−2) and (3,2).,1,2,3,4,A
Mathematics,Find the equation of a line through (2,5) with slope 3.,y=3x−1,y=3x+1,y=2x−1,y=2x+1,A
Mathematics,Find the coordinates of the point dividing (2,4) and (10,8) in the ratio 1:3.,(4,5),(5,6),(6,7),(7,8),C
Mathematics,Find the distance between (1,1) and (4,5).,3,4,5,6,C
Mathematics,Find the midpoint between (−4,3) and (2,7).,(−1,5),(−1,6),(0,5),(0,6),A
Mathematics,Find the equation of a line with gradient 2 and passing through (−1,3).,y=2x+5,y=2x−5,y=2x+3,y=2x−3,A
Mathematics,Find the x-intercept of y=−3x+6.,2,3,4,6,A
Mathematics,Find the gradient of the line y=5−2x.,−2,−½,2,½,A
Mathematics,Find the y-intercept of the line y=−3x+9.,3,6,9,12,C
Mathematics,Find the coordinates of the midpoint between (6,−2) and (2,6).,(3,2),(4,2),(4,1),(3,1),B
Mathematics,Find the equation of a line perpendicular to y=2x+1 passing through (0,2).,y=−½x+2,y=½x+2,y=2x+1,y=−2x+1,A
Mathematics,Find the distance between (0,0) and (−5,12).,10,12,13,15,C
Mathematics,Find the slope of a line parallel to y=3x+7.,1,2,3,4,C
Mathematics,Find the equation of a line parallel to y=−2x+3 and passing through (1,5).,y=−2x+7,y=−2x−7,y=2x+7,y=2x−7,A
Mathematics,Find the gradient of the line joining (2,4) and (−2,−8).,2,3,4,5,A
Mathematics,Find the coordinates of midpoint between (1,2) and (7,8).,(4,5),(5,5),(5,6),(6,6),A
Mathematics,Find the slope of the line through (2,−3) and (6,5).,1,2,3,4,B
Mathematics,Find the y-intercept of y=−2x+8.,2,4,6,8,D
Mathematics,Find the distance between (−3,4) and (4,−3).,7,8,9,10,D
Mathematics,Find the midpoint between (−2,6) and (8,2).,(3,3),(4,4),(4,5),(5,5),B
Mathematics,Find the equation of a line with gradient ½ through (2,4).,y=½x+3,y=½x+2,y=½x+1,y=½x−1,B
Mathematics,Find the slope of the line joining (−1,5) and (4,−10).,−2,−3,−4,−5,A
Mathematics,Find the distance between (−6,8) and (6,8).,10,12,14,15,C
Mathematics,Find the equation of line passing through (3,2) with slope 4.,y=4x−10,y=4x+10,y=3x−10,y=3x+10,A
Mathematics,Find the coordinates of midpoint between (0,−5) and (6,5).,(3,0),(3,5),(2,4),(4,5),A
Mathematics,Find slope of the line y=−x+7.,−1,1,0,2,A
Mathematics,Find the y-intercept of y=5x−10.,−10,−5,5,10,A
Mathematics,Find the slope of the line 2x−3y+6=0.,3/2,−2/3,−3/2,2/3,B
Mathematics,Find the distance between (5,5) and (9,12).,5,6,7,8,B
Mathematics,Find midpoint of (3,−1) and (−3,5).,(0,2),(0,3),(0,4),(0,5),A
Mathematics,Find slope of the line joining (1,−2) and (3,6).,3,4,5,6,B
Mathematics,Find the coordinates of midpoint between (−5,−1) and (7,3).,(1,1),(2,2),(3,3),(4,4),B
Mathematics,Find the equation of a line parallel to y=3x−5 passing through (0,2).,y=3x+2,y=3x−2,y=2x−5,y=−3x+2,A
Mathematics,Find the x-intercept of y=−2x+4.,1,2,3,4,B
Subject,Question,Option A,Option B,Option C,Option D,Answer
Mathematics,The sum of two numbers is 20 and one is twice the other. Find the numbers.,5 and 15,6 and 12,8 and 12,7 and 13,A
Mathematics,The sum of two consecutive even numbers is 26. Find the numbers.,12 and 14,10 and 16,8 and 18,14 and 12,A
Mathematics,If 5x + 3 = 23 find x.,3,4,5,6,B
Mathematics,If 3x – 4 = 11 find x.,4,5,6,7,C
Mathematics,If 4x + 7 = 19 find x.,2,3,4,5,B
Mathematics,If twice a number added to 5 gives 15, find the number.,3,4,5,6,B
Mathematics,Find x if 3(x – 2) = 9.,2,3,4,5,C
Mathematics,Find x if 2x + 3 = 7.,1,2,3,4,B
Mathematics,Find x if 4x – 5 = 15.,4,5,6,7,C
Mathematics,The sum of three consecutive odd numbers is 27. Find the numbers.,7,9,11 and 13,5,7,9,9,11,13,11,13,15,B
Mathematics,The perimeter of a rectangle is 24 cm. If its length is 8 cm, find its breadth.,3,4,5,6,B
Mathematics,The area of a rectangle is 48 cm² and length is 12 cm. Find its breadth.,3,4,5,6,B
Mathematics,A car travels 120 km in 3 hours. Find its speed.,30 km/h,40 km/h,50 km/h,60 km/h,B
Mathematics,Find the time taken to cover 200 km at 50 km/h.,2 h,3 h,4 h,5 h,C
Mathematics,A train moves at 60 km/h for 2 hours. Find the distance covered.,100 km,110 km,120 km,130 km,C
Mathematics,Find the simple interest on ₦5000 at 10% per annum for 3 years.,₦1000,₦1200,₦1500,₦2000,C
Mathematics,Find the principal if interest is ₦400 at 8% per annum for 2 years.,₦2000,₦2500,₦3000,₦4000,B
Mathematics,Find the time when ₦1000 gives ₦200 interest at 10% per annum.,1 yr,2 yrs,3 yrs,4 yrs,B
Mathematics,Find the rate if ₦600 earns ₦60 in 2 years.,2%,3%,5%,10%,D
Mathematics,The sum of money doubles in 5 years. Find the rate.,10%,15%,20%,25%,C
Mathematics,A pipe fills a tank in 4 hours, another in 6 hours. Find time to fill together.,1.5 h,2.4 h,2.5 h,3 h,B
Mathematics,A pipe fills a tank in 3 h, another empties it in 6 h. Time to fill it?,4 h,5 h,6 h,7 h,A
Mathematics,If 4 men dig a trench in 6 days, how long will 8 men take?,2 days,3 days,4 days,5 days,B
Mathematics,If 5 men complete a job in 8 days, how long will 10 men take?,2,3,4,5,C
Mathematics,Two taps fill a tank in 8 h and 12 h respectively. Time to fill together?,3 h,4.8 h,5 h,6 h,B
Mathematics,A car travels 60 km/h for 2 hours and 40 km/h for 3 hours. Find average speed.,48 km/h,50 km/h,52 km/h,54 km/h,B
Mathematics,The average of 5 numbers is 12. Find their sum.,55,56,60,65,C
Mathematics,The average of 10 numbers is 20. If one is 30, find the new average.,20,21,22,23,B
Mathematics,The total cost of 5 books is ₦250. Find cost per book.,₦40,₦45,₦50,₦55,C
Mathematics,Find the selling price if cost = ₦800 and profit = 20%.,₦900,₦960,₦1000,₦1100,C
Mathematics,Find the cost price if selling price = ₦600 and profit = 20%.,₦400,₦450,₦500,₦550,C
Mathematics,Find the loss percent if cost = ₦500 and selling price = ₦400.,10%,15%,20%,25%,C
Mathematics,Find the profit if cost = ₦300 and selling price = ₦360.,₦50,₦55,₦60,₦65,C
Mathematics,Find the cost price if loss = ₦50 and selling price = ₦250.,₦250,₦280,₦300,₦350,C
Mathematics,Find the percentage increase from 80 to 100.,15%,20%,25%,30%,C
Mathematics,Find the percentage decrease from 100 to 80.,10%,15%,20%,25%,C
Mathematics,If 20% of x = 60, find x.,250,275,280,300,D
Mathematics,A man spends 30% of ₦2000 on food. Find how much he spends.,₦400,₦500,₦600,₦700,C
Mathematics,A man invested ₦4000 at 5% for 2 years. Find the interest.,₦200,₦300,₦400,₦500,C
Mathematics,A trader bought goods for ₦5000 and sold them for ₦6000. Find % profit.,10%,15%,20%,25%,C
Mathematics,A man earns ₦20000 and spends ₦15000. Find his saving percentage.,15%,20%,25%,30%,C
Mathematics,If 10 men complete a job in 6 days, how long for 15 men?,3,4,5,6,C
Mathematics,A car moves at 90 km/h. Find distance in 2½ hours.,180,200,220,225,D
Mathematics,A man travels 120 km in 2 hours. Find his speed.,50,55,60,65,C
Mathematics,The mean of 8,10,12 is?,8,9,10,11,D
Mathematics,A worker is paid ₦12000 for 8 days. Find his daily wage.,₦1000,₦1200,₦1500,₦2000,B
Mathematics,Find x if 4x + 6 = 18.,2,3,4,5,C
Mathematics,Find two numbers whose sum is 25 and difference 5.,10 and 15,12 and 13,11 and 14,9 and 16,A
Mathematics,The sum of three consecutive integers is 72. Find the numbers.,23,24,25,22,23,24,21,22,23,24,25,26,A
Mathematics,If 3 pencils cost ₦15, find cost of 5 pencils.,₦20,₦25,₦30,₦35,B
Mathematics,If 8 workers build a wall in 6 days, how long for 4 workers?,8,10,12,14,C
Mathematics,If x + 2y = 10 and x = 4 find y.,2,3,4,5,B
Mathematics,Find the number which when added to twice itself gives 21.,6,7,8,9,B
Mathematics,Find the two consecutive odd numbers whose sum is 36.,17 and 19,15 and 17,13 and 15,19 and 21,A
Mathematics,Find the time taken to travel 180 km at 60 km/h.,2,3,4,5,Bss
Mathematics,If f(x)=2x+3 find f(2).,5,6,7,8,C
Mathematics,If f(x)=3x–4 find f(5).,10,11,12,13,B
Mathematics,If f(x)=x²+1 find f(3).,7,8,9,10,B
Mathematics,If f(x)=2x² find f(4).,12,14,16,18,C
Mathematics,If f(x)=x²–2x find f(5).,10,12,15,20,A
Mathematics,If f(x)=x²+2x–3 find f(2).,3,4,5,6,A
Mathematics,If f(x)=x/2+3 find f(4).,4,5,6,7,B
Mathematics,If f(x)=2x–1 find f(–3).,–6,–7,–8,–5,B
Mathematics,If f(x)=x² find f(–2).,2,3,4,5,C
Mathematics,If f(x)=3x–2 and x=4 find f(x).,8,9,10,11,C
Mathematics,If f(x)=x²–3x find f(–2).,8,10,12,14,A
Mathematics,If f(x)=x²–2x+1 find f(3).,2,3,4,5,C
Mathematics,If f(x)=x³ find f(–2).,–4,–6,–8,–10,C
Mathematics,If f(x)=x²+4x+4 find f(–1).,0,1,2,3,A
Mathematics,If f(x)=2x²–3x+1 find f(2).,3,4,5,6,B
Mathematics,If f(x)=x²–4 and f(3)=?,2,3,5,6,B
Mathematics,If f(x)=x³–x² find f(2).,2,3,4,6,D
Mathematics,If f(x)=2x+5 find x when f(x)=13.,3,4,5,6,B
Mathematics,If f(x)=3x–7 find x when f(x)=5.,3,4,5,6,B
Mathematics,If f(x)=x²+3x–10 find f(–2).,0,–2,–4,2,B
Mathematics,If f(x)=x²–x–6 find f(–2).,12,8,6,4,B
Mathematics,If f(x)=x²+2x find x when f(x)=12.,2,3,4,5,C
Mathematics,If f(x)=3x+4 find inverse f⁻¹(x).,(x–4)/3,(x+4)/3,(x–3)/4,(x+3)/4,A
Mathematics,If f(x)=2x+5 find inverse f⁻¹(x).,(x–5)/2,(x+5)/2,(x–2)/5,(x+2)/5,A
Mathematics,If f(x)=3x–2 find f⁻¹(x).,(x+2)/3,(x–2)/3,(x+3)/2,(x–3)/2,A
Mathematics,If f(x)=x+4 find f⁻¹(x).,x–4,x+4,–x+4,–x–4,A
Mathematics,If f(x)=2x–1 find f⁻¹(x).,(x+1)/2,(x–1)/2,2x–1,2x+1,A
Mathematics,If f(x)=x/3 find f⁻¹(x).,3x,x/3,x/2,2x,A
Mathematics,If f(x)=5x find f⁻¹(x).,x/5,5x,1/5x,5/x,A
Mathematics,If f(x)=x² find f⁻¹(x).,√x,–√x,x²,–x²,A
Mathematics,If f(x)=3x+1 and g(x)=x–1 find (f∘g)(x).,3x–2,3x+2,2x–3,2x+3,A
Mathematics,If f(x)=x² and g(x)=x+1 find (f∘g)(x).,x²+1,x²+2x+1,x²+x+1,x²–x+1,B
Mathematics,If f(x)=2x and g(x)=x–1 find (f∘g)(x).,2x–2,2x–1,2x+1,2x+2,A
Mathematics,If f(x)=x+2 and g(x)=x² find (g∘f)(x).,x²+2x+4,x²+4x+4,x²+2x+2,x²+3x+4,A
Mathematics,If f(x)=3x–1 and g(x)=x² find (f∘g)(2).,11,10,12,14,A
Mathematics,If f(x)=x²–2 and g(x)=x–3 find (f∘g)(5).,4,5,6,7,B
Mathematics,If f(x)=x² and g(x)=x+2 find (g∘f)(3).,9,11,13,15,B
Mathematics,If f(x)=2x and g(x)=x–4 find (f∘g)(x).,2x–4,2x–8,2x+4,2x+8,B
Mathematics,If f(x)=x² and g(x)=x+3 find (f∘g)(x).,x²+6x+9,x²+9x+3,x²+3x+9,x²+3x+3,A
Mathematics,If f(x)=3x–4 and g(x)=x+1 find (g∘f)(x).,3x–3,3x–2,3x–1,3x–4,B
Mathematics,If f(x)=x² and g(x)=x–2 find (f∘g)(x).,x²–4x+4,x²–2x+4,x²–4x+2,x²–2x+2,A
Mathematics,If f(x)=2x–3 and g(x)=x+2 find (f∘g)(4).,5,6,7,8,D
Mathematics,If f(x)=x²–3x and g(x)=x+1 find (f∘g)(2).,0,1,2,3,B
Mathematics,If f(x)=3x–2 find x when f(x)=10.,3,4,5,6,C
Mathematics,If f(x)=x²–5x+6 find x when f(x)=0.,1,2,3,4,B
Mathematics,If f(x)=x²–4x find x when f(x)=0.,0 or 4,2 or 3,1 or 2,4 or 5,A
Mathematics,If f(x)=x²–2x–3 find roots of f(x)=0.,–1,3,1,4,–1 and 3,A
Mathematics,If f(x)=x²–6x+9 find x when f(x)=0.,1,2,3,4,C
Mathematics,If f(x)=x²–9 find zeros of f(x).,–3 and 3,–2 and 2,–1 and 1,0 and 3,A
Mathematics,If f(x)=x²–x–12 find x-intercepts.,–3 and 4,–4 and 3,–2 and 6,–6 and 2,A
Mathematics,If f(x)=x²–4x+3 find minimum value.,–2,–1,0,1,C
Mathematics,If f(x)=x²–2x+1 find its vertex.,(1,0),(2,0),(1,1),(0,1),A
Mathematics,If f(x)=x²–4x+4 find axis of symmetry.,x=2,x=3,x=4,x=1,A
Mathematics,If f(x)=x²+2x+1 find its minimum value.,0,1,2,3,A
Mathematics,If f(x)=x²–6x+5 find the axis of symmetry.,x=2,x=3,x=4,x=5,B
Mathematics,If f(x)=x²–4x+5 find the minimum value.,1,2,3,4,A
Mathematics,If f(x)=x²–2x–8 find the zeros.,–2 and 4,–4 and 2,–1 and 3,–3 and 1,A
Mathematics,If f(x)=x²–x–6 find minimum value.,–9,–8,–7,–6,A
Mathematics,If f(x)=x²–5x+6 find its range.,y≥–1,y≥0,y≥1,y≥2,B
Mathematics,If f(x)=x²–2x+2 find its vertex.,(1,1),(2,1),(1,2),(2,2),A
Mathematics,If f(x)=x²–4x find the range.,y≥–4,y≥0,y≥1,y≥2,A
Mathematics,If f(x)=x²–2x–3 find its vertex.,(1,–4),(2,–5),(1,–2),(2,–4),A
Mathematics,If f(x)=x²–2x+1 find axis of symmetry.,x=1,x=2,x=3,x=4,A
Mathematics,If f(x)=x²–4x+2 find vertex.,(2,–2),(1,–1),(2,2),(1,1),A
Mathematics,If f(x)=x²–2x find vertex.,(1,–1),(2,–2),(1,1),(2,1),A
Mathematics,If f(x)=x²–x–2 find roots.,–1 and 2,–2 and 1,–3 and 3,–4 and 4,A
Mathematics,If f(x)=x²–3x+2 find zeros.,1 and 2,2 and 3,3 and 4,4 and 5,A
English,Choose the correctly spelt word.,Enviroment,Environment,Environmnt,Environmment,B
English,Choose the word that best completes the sentence: She has a good _____ of humor.,sense,scent,scene,sign,A
English,Choose the opposite of the underlined word: The boy was *polite*.,rude,gentle,kind,quiet,A
English,Choose the synonym of the underlined word: The task was *difficult*.,easy,hard,simple,light,B
English,Choose the correctly spelt word.,Recieve,Receive,Receeve,Recive,B
English,Choose the correct word: The cat chased _____ tail.,it,its,it's,its',B
English,Choose the correct option: The teacher praised the boys for _____ punctual.,been,being,be,been,A
English,Choose the opposite of *ancient*.,old,modern,antique,aged,B
English,Choose the synonym of *brief*.,long,short,tall,wide,B
English,Choose the correctly spelt word.,Occurence,Occurrence,Ocurence,Occurencee,B
English,Choose the appropriate word: The plane will take _____ at noon.,off,up,on,away,A
English,Choose the correct option: The bag belongs to _____.,I,me,myself,my,B
English,Choose the correct synonym of *enormous*.,tiny,huge,small,weak,B
English,Choose the correct antonym of *arrival*.,coming,departure,visit,entrance,B
English,Choose the correctly spelt word.,Adress,Address,Adreess,Addres,B
English,Choose the correct word: The boy fell _____ the river.,into,onto,in,on,A
English,Choose the correct option: The sun rises in the _____.,west,east,north,south,B
English,Choose the word that best completes the sentence: She sings _____.,sweet,sweetly,sweety,sweetness,B
English,Choose the opposite of *victory*.,loss,defeat,win,failure,B
English,Choose the synonym of *fortunate*.,happy,lucky,grateful,thankful,B
English,Choose the correctly spelt word.,Seperate,Separate,Seperete,Seperrate,B
English,Choose the correct option: The book is lying _____ the table.,in,on,at,under,B
English,Choose the correct option: He is older _____ I am.,than,then,that,those,A
English,Choose the correct word: The man _____ the bell.,rang,run,ring,rung,A
English,Choose the opposite of *love*.,like,hate,admire,care,B
English,Choose the correct synonym of *silent*.,quiet,noisy,loud,shouting,A
English,Choose the correctly spelt word.,Febuary,February,Febraury,Februery,B
English,Choose the correct option: The train will arrive _____ 6 o’clock.,in,on,at,by,C
English,Choose the correct word: She divided the cake _____ her children.,between,among,with,to,B
English,Choose the correct synonym of *beautiful*.,ugly,handsome,pretty,bad,C
English,Choose the opposite of *strong*.,weak,sturdy,powerful,tough,A
English,Choose the correctly spelt word.,Definately,Definetly,Definitely,Definatelye,C
English,Choose the correct option: The man walked _____ the room quietly.,into,onto,on,in,A
English,Choose the correct synonym of *brave*.,cowardly,fearful,bold,weak,C
English,Choose the opposite of *victory*.,defeat,success,achievement,glory,A
English,Choose the correctly spelt word.,Occassion,Occasion,Ocassion,Occasson,B
English,Choose the correct word: The children are playing _____ the garden.,in,on,at,by,A
English,Choose the correct synonym of *tired*.,sleepy,weak,exhausted,rested,C
English,Choose the opposite of *easy*.,hard,soft,simple,light,A
English,Choose the correctly spelt word.,Accomodation,Accommodation,Acommodation,Accomadation,B
English,Choose the correct option: The dog ran _____ the street.,across,through,along,by,A
English,Choose the correct synonym of *angry*.,furious,glad,pleased,joyful,A
English,Choose the opposite of *beginning*.,start,opening,end,initiation,C
English,Choose the correctly spelt word.,Comittee,Committee,Committie,Comittee,B
English,Choose the correct word: The man drove _____ the tunnel.,into,onto,on,across,A
English,Choose the synonym of *happy*.,sad,cheerful,angry,unhappy,B
English,Choose the opposite of *buy*.,sell,exchange,give,borrow,A
English,Choose the correctly spelt word.,Governement,Government,Governmant,Governement,B
English,Choose the correct option: The boy jumped _____ the wall.,over,above,through,into,A
English,Choose the correct synonym of *clever*.,stupid,brilliant,dull,foolish,B
English,Choose the opposite of *empty*.,vacant,filled,blank,hollow,B
English,Choose the correct option: He _____ going to school today.,is,are,am,were,A
English,Choose the correct sentence.,She don’t like rice.,She doesn’t likes rice.,She doesn’t like rice.,She don’t likes rice.,C
English,Choose the correct option: The boys _____ playing football.,is,was,are,has,C
English,Choose the correct tense: By this time tomorrow, we _____ the test.,will take,will have taken,take,took,B
English,Choose the correct form: The man _____ here yesterday.,come,came,comes,coming,B
English,Choose the correct question tag: She is kind, _____?,is she,isn’t she,was she,has she,B
English,Choose the correct word: Ade and Bola _____ gone home.,has,have,is,was,B
English,Choose the correct option: He _____ a car last week.,buys,buy,bought,buying,C
English,Choose the correct pronoun: This pen is _____.,my,mine,me,I,B
English,Choose the correct preposition: The cat jumped _____ the chair.,on,at,over,into,A
English,Choose the correct option: They _____ in Lagos for ten years.,live,are living,have lived,has lived,C
English,Choose the correct form: The teacher made the students _____ the class.,cleaned,clean,cleans,cleaning,B
English,Choose the correct sentence: The children are _____ to school.,go,goes,going,gone,C
English,Choose the correct tense: The letter _____ yesterday.,was posted,posted,is posted,posting,A
English,Choose the correct option: If he _____ harder, he will pass.,studies,study,studied,studying,A
English,Choose the correct form: She _____ here before.,was,has been,had,have,B
English,Choose the correct sentence: The baby _____ since morning.,cry,cries,has been crying,cried,C
English,Choose the correct option: He is taller _____ I am.,than,then,that,those,A
English,Choose the correct tense: I _____ a book when she came in.,read,was reading,reading,reads,B
English,Choose the correct option: They _____ the house before we arrived.,left,leave,leaves,leaving,A
English,Choose the correct form: He _____ to the market every Saturday.,go,goes,going,gone,B
English,Choose the correct option: The woman _____ cooking when I arrived.,is,was,were,be,B
English,Choose the correct tense: The teacher _____ us next week.,teach,teaching,will teach,teached,C
English,Choose the correct option: The boy _____ his homework before dinner.,had done,has done,does,doing,A
English,Choose the correct option: She _____ a song now.,sings,sang,is singing,sung,C
English,Choose the correct pronoun: The book belongs to _____.,she,her,hers,he,C
English,Choose the correct option: I have not seen him _____ Monday.,since,for,from,at,A
English,Choose the correct article: He bought _____ orange.,a,an,the,that,B
English,Choose the correct conjunction: He came _____ he was invited.,because,although,unless,if,A
English,Choose the correct option: He can neither read _____ write.,and,or,nor,but,C
English,Choose the correct tense: When I arrived, they _____ already left.,has,had,have,was,B
English,Choose the correct sentence: The books on the table _____ mine.,is,was,are,be,C
English,Choose the correct form: I am not interested _____ that.,on,in,at,with,B
English,Choose the correct option: The man _____ by the police.,is arrest,was arrested,were arrested,has arrest,B
English,Choose the correct question tag: You are coming, _____?,aren’t you,are you,isn’t you,won’t you,A
English,Choose the correct tense: He _____ breakfast before 8 a.m. every day.,take,took,takes,taking,C
English,Choose the correct option: They _____ to Abuja last week.,go,going,went,goes,C
English,Choose the correct pronoun: This car is _____.,her,hers,she,he,B
English,Choose the correct option: The children _____ playing now.,was,were,are,is,C
English,Choose the correct sentence: He does not _____ to school late.,go,goes,going,gone,A
English,Choose the correct option: I _____ finished my homework.,has,have,had,having,B
English,Choose the correct preposition: The man is standing _____ the door.,by,at,on,under,B
English,Choose the correct tense: The bell _____ before we entered the hall.,rang,rung,ring,run,A
English,Choose the correct option: She _____ to church every Sunday.,go,goes,going,gone,B
English,Choose the correct option: The boy _____ his book yesterday.,forgets,forgot,forget,forgetting,B
English,Choose the correct preposition: The girl sat _____ her mother.,beside,behind,between,across,A
English,Choose the correct article: He is _____ honest man.,a,an,the,that,B
English,Choose the correct sentence: The teacher asked if I _____ ready.,am,was,were,be,B
English,Choose the correct option: The students _____ the test now.,write,are writing,writes,was writing,B
English,Choose the correct tense: They _____ in this school since 2010.,study,studied,have studied,studying,C
English,Identify the noun in this sentence: The boy kicked the ball.,boy,kicked,the,ball,D
English,Which of these words is a verb?,happy,run,blue,quickly,B
English,Which word is an adjective?,slowly,beautiful,run,kindly,B
English,Which of these is a pronoun?,John,She,Run,Blue,B
English,Which of the following is an adverb?,fast,table,John,beautiful,A
English,Choose the correct preposition: The book is _____ the table.,in,on,under,over,C
English,Which of these words is a conjunction?,and,because,but,all of the above,D
English,Identify the interjection: _____! That was a close call.,Hey,And,Quick,The,A
English,Choose the sentence with a proper noun.,He went to school.,She visited Lagos.,They are friends.,He read the book.,B
English,Which of the following is a common noun?,Mary,London,chair,Nile,C
English,Choose the correct option: “He writes neatly” — the word *neatly* is a/an _____.,noun,verb,adverb,adjective,C
English,Identify the verb in the sentence: The cat sleeps on the mat.,cat,sleeps,mat,on,B
English,Which of these is a complete sentence?,Running very fast.,The man is tall.,On the table.,Because it rained.,B
English,Choose the type of sentence: Please sit down.,Declarative,Imperative,Interrogative,Exclamatory,B
English,Choose the type of sentence: Are you coming to school?,Imperative,Exclamatory,Interrogative,Declarative,C
English,Choose the type of sentence: What a beautiful dress!,Exclamatory,Imperative,Declarative,Question,A
English,Choose the type of sentence: I am a teacher.,Imperative,Declarative,Exclamatory,Interrogative,B
English,Choose the correct option: “She is a nurse.” — This sentence is _____.,negative,interrogative,affirmative,exclamatory,C
English,Identify the subject in this sentence: The boy kicked the ball.,boy,ball,kicked,the,A
English,Identify the predicate: The boy kicked the ball.,The boy,kicked the ball,ball,kicked,B
English,Which of these is an example of a compound sentence?,He ran fast.,I came and I saw.,The man smiled.,Because it rained.,B
English,Which of these is an example of a simple sentence?,He came late.,Although he came late,He came late and slept,If he comes,A
English,Choose the correct option: A sentence that expresses a command is called _____.,imperative,exclamatory,interrogative,compound,A
English,Choose the correct option: “Don’t make noise!” is a/an _____ sentence.,interrogative,imperative,exclamatory,complex,B
English,Choose the correct option: Which of these is an exclamatory sentence?,She is going to school.,What a lovely flower!,Are you ready?,He ran fast.,B
English,Choose the correct option: Which of these is an interrogative sentence?,She danced well.,He sang beautifully.,Did he come early?,They went home.,C
English,Choose the correctly punctuated sentence.,when are you coming?,When are you coming?,when Are you Coming?,When are You coming?,B
English,Choose the correct sentence.,He is my friend.,he is My Friend.,He Is my Friend.,he is my friend.,A
English,Identify the adjective: The red car is mine.,car,mine,red,is,C
English,Choose the correct word: The students are very _____.,intelligence,intelligents,intelligent,intelligently,C
English,Identify the pronoun: She gave me a pen.,She,gave,me,pen,A
English,Choose the correct preposition: He walked _____ the road.,on,along,over,by,B
English,Choose the correct conjunction: He failed _____ he did not study.,so,because,if,although,B
English,Choose the correct option: The plural of *child* is _____. ,childs,children,childes,childrens,B
English,Choose the correct option: The plural of *knife* is _____. ,knifes,knive,knives,knifees,C
English,Choose the correct option: The plural of *man* is _____. ,mens,man,men,manes,C
English,Choose the correct option: The plural of *tooth* is _____. ,teeth,toothes,tooths,teeths,A
English,Choose the correct option: The opposite of *hot* is _____. ,cold,cool,warm,heat,A
English,Choose the correct word: The past tense of *write* is _____. ,write,written,wrote,writing,C
English,Choose the correct word: The past tense of *eat* is _____. ,eat,ate,eaten,eating,B
English,Choose the correct word: The past tense of *go* is _____. ,went,gone,goes,going,A
English,Choose the correct form: The past participle of *break* is _____. ,broke,broken,breaking,breaks,B
English,Choose the correct form: The past participle of *sing* is _____. ,sang,sung,sings,singing,B
English,Choose the correct option: The comparative of *good* is _____. ,better,gooder,more good,best,A
English,Choose the correct option: The superlative of *good* is _____. ,gooder,better,best,goodest,C
English,Choose the correct option: The comparative of *bad* is _____. ,worse,badder,more bad,worst,A
English,Choose the correct option: The superlative of *bad* is _____. ,worst,baddest,badder,worse,A
English,Choose the correct option: The comparative of *beautiful* is _____. ,beautifuller,more beautiful,most beautiful,beautifullest,B
English,Choose the correct option: The superlative of *beautiful* is _____. ,more beautiful,most beautiful,beautifullest,beautifuler,B
English,Choose the correct sentence type: “Because he was tired, he slept.” is a/an _____ sentence.,compound,complex,simple,exclamatory,B
English,Comprehension is a test of a student’s ability to _____.,memorize facts,understand a passage,recite poems,analyze grammar,B
English,In a comprehension passage, the main idea is usually found in the _____.,first paragraph,last sentence,middle of the text,topic sentence,D
English,When answering comprehension questions, students should first _____.,read the questions only,read the passage carefully,guess the answers,read the summary,B
English,The meaning of a word as used in a passage is called its _____.,definition,contextual meaning,synonym,antonym,B
English,The tone of a passage refers to the writer’s _____.,feelings,language,words,punctuation,A
English,In comprehension, factual questions require _____.,personal opinion,information from the passage,guesses,examples,B
English,In a comprehension test, inference questions require the student to _____.,quote directly,guess without reading,draw conclusions from the passage,C
English,The summary of a passage should be written in _____ words.,many,too few,brief and precise,long,C
English,When summarizing, you should write in your _____.,own words,teacher’s words,friend’s words,the author’s exact words,A
English,A good summary should exclude _____.,main points,minor details,relevant ideas,key points,B
English,The first step in summary writing is to _____.,copy the passage,read and understand the passage,underline difficult words,ask questions,B
English,In summary writing, avoid using _____.,your own opinion,main ideas,simple sentences,key words,A
English,The word ‘comprehension’ means _____.,to read fast,to understand,to copy,to remember,B
English,In comprehension, when you are asked to state the meaning of a word, you should use the _____.,dictionary meaning,contextual meaning,root meaning,spelling meaning,B
English,The main idea of a passage tells you _____.,the writer’s mood,the central message,the examples,the title,B
English,When summarizing, the use of linking words like *firstly* and *however* helps to _____.,confuse the reader,show sequence,show emotion,add humor,B
English,One should avoid using quotations in summary writing because _____.,they are too long,they show copying,they are not in your own words,B
English,Comprehension helps students to improve their _____.,writing skills,understanding of language,poetry skills,listening skills,B
English,A summary passage is usually written in _____ form.,short sentences,dialogue,drama,poem,A
English,In comprehension, questions that test vocabulary focus on _____.,grammar rules,word meaning,story sequence,characters,B
English,In summary writing, the main ideas are also known as _____.,topics,points,examples,keywords,B
English,To summarize means to _____.,expand,shorten,copy,replace,B
English,A good summary should be written in _____.,paragraphs,bullet points,continuous prose,phrases,C
English,In comprehension, questions like “Why did he go?” test your ability to _____.,recall details,analyze characters,make inference,define words,C
English,In comprehension, the expression “according to the passage” means _____.,give your opinion,give answer from passage,write your conclusion,copy from book,B
English,In summary writing, you should use _____ tense.,present,past,future,perfect,A
English,The best way to identify the main points is to _____.,read each paragraph carefully,read the title only,guess,underline examples,A
English,The purpose of summary writing is to _____.,expand the passage,shorten the passage,add more ideas,analyze sentences,B
English,In comprehension, a “context clue” means _____.,definition in the passage,meaning given by words around it,synonym of the word,example,B
English,The expression “in a nutshell” means _____.,in summary,with details,word for word,in paragraph,A
English,When answering comprehension questions, avoid _____.,rephrasing,copying sentences,using your words,understanding the text,B
English,In comprehension, a writer’s opinion can be identified by _____.,examples,language used,tense,spelling,B
English,A summary should not include _____.,examples,main points,important ideas,key facts,A
English,In summary writing, each point should be written in _____ sentence(s).,two or more,one,three,four,B
English,When summarizing, it is important to _____.,use difficult words,use short and clear sentences,copy sentences,ignore ideas,B
English,In comprehension, a question that begins with “What do you think” tests _____.,grammar,vocabulary,opinion,inference,C
English,A good summary must be _____.,long,concise,wordy,complex,B
English,In comprehension, the title of a passage often gives a clue to its _____.,mood,theme,tense,language,B
English,In summary, you should avoid using _____.,your own examples,passage ideas,complex grammar,main points,A
English,In comprehension, the phrase “from the passage” means _____.,quote directly from the text,use your own words,ignore the passage,memorize lines,A
English,The phrase “state in one sentence” means you should write _____.,many sentences,a paragraph,a single clear statement,a summary,C
English,In comprehension, if you are asked for the meaning of a word, you should _____.,copy the word,guess wildly,look at its context,skip it,C
English,The best summary answers are usually written in _____.,complete sentences,fragments,lists,questions,A
English,In summary writing, ideas should follow a _____ order.,random,logical,confusing,unclear,B
English,When summarizing, punctuation should be _____.,ignored,incorrect,accurate,omitted,C
English,Comprehension questions test a student’s ability to _____.,analyze poetry,understand and interpret passages,write letters,recall grammar,B
English,When answering comprehension questions, students should write in _____ sentences.,fragmented,complete,long,broken,B
English,A good summary answer must contain only _____.,minor details,main points,examples,opinions,B
English,In comprehension, the best way to understand a difficult word is to _____.,skip it,ask a friend,use context clues,copy it,C
English,In summary writing, each idea should be expressed in _____ words.,many,few,complex,confusing,B
English,In comprehension, a good reader should read with _____.,speed,attention and understanding,disinterest,noise,B
English,In summary writing, avoid using direct quotations because _____.,they show understanding,they make it too long,they are too short,B
English,An essay is a piece of writing that expresses the writer’s _____.,feelings and ideas,opinions only,questions only,grammar only,A
English,The two main types of essays are _____ and _____.,formal and informal,short and long,fiction and nonfiction,letter and poem,A
English,An argumentative essay tries to _____.,tell a story,describe an event,persuade the reader,entertain the reader,C
English,A narrative essay is one that _____.,describes a scene,tells a story,gives instructions,explains a process,B
English,A descriptive essay mainly aims to _____.,argue a point,describe a person or thing,give facts,tell a story,B
English,An expository essay is used to _____.,explain a topic,entertain the reader,express emotion,write fiction,A
English,The introduction of an essay should _____.,contain jokes,show the conclusion,give a clear background,repeat points,C
English,The main body of an essay should contain _____.,the main points,the greeting,the writer’s name,the title only,A
English,The conclusion of an essay should _____.,start a new idea,repeat the introduction,round up the main points,B
English,In essay writing, each paragraph should focus on _____.,many ideas,one main idea,examples only,definitions only,B
English,In a narrative essay, events are arranged in _____ order.,alphabetical,chronological,numerical,logical,B
English,The opening of a formal letter begins with _____.,Dear Sir or Madam,Hello friend,Hi there,To my dear teacher,A
English,An informal letter is written to _____.,a company,a friend,a government office,a newspaper,B
English,The correct ending of a formal letter is _____.,Yours faithfully,Yours sincerely,With love,Bye,A
English,The correct ending of an informal letter is _____.,Yours faithfully,Yours sincerely,Yours lovingly,Respectfully,C
English,In a formal letter, your address should be written at the _____.,top left,top right,bottom left,bottom right,B
English,In an informal letter, the date is written _____ the address.,before,after,above,below,B
English,In a formal letter, the receiver’s address is written _____ the sender’s address.,above,below,beside,next to,B
English,In a letter, the salutation “Dear Sir,” is used for _____.,a close friend,a person you don’t know well,a family member,a child,B
English,In letter writing, the body of the letter contains _____.,address only,main message,closing remarks,title only,B
English,The subscription “Yours sincerely” is used when _____.,the recipient’s name is known,the recipient is unknown,it’s an official letter,it’s an application letter,A
English,The main difference between formal and informal letters is the _____.,tone and language,length,spelling,margin,A
English,An informal letter usually ends with _____.,faithfully,sincerely,love,respect,C
English,In a formal letter, the subject heading should be written in _____.,capital letters,small letters,italics,brackets,A
English,An essay that tells a story is called a/an _____ essay.,argumentative,descriptive,narrative,expository,C
English,An essay that describes a place or object is a _____ essay.,narrative,expository,descriptive,argumentative,C
English,The address in a letter should always include _____.,street name only,full contact details,telephone number only,postal code only,B
English,An argumentative essay presents _____.,facts and opinions,stories and jokes,feelings and emotions,dialogues only,A
English,The tone of a formal letter should be _____.,friendly,official,rude,emotional,B
English,When writing a letter, the date should appear _____.,anywhere,on the right-hand side,on the left side,at the end,B
English,In an essay, paragraphs must be _____.,short and unconnected,linked and developed,long and confusing,numbered,B
English,The first paragraph of a formal letter should state _____.,the writer’s complaint,the reason for writing,personal greetings,the main points,B
English,In a friendly letter, the writer may start with _____.,a question,a formal greeting,a joke or inquiry,a summary,C
English,An expository essay mainly aims to _____.,argue,inform,entertain,persuade,B
English,The concluding paragraph of a letter should _____.,end abruptly,summarize politely,ignore the topic,start a new point,B
English,The abbreviation P.S. at the end of a letter means _____.,post story,post script,personal statement,post summary,B
English,In formal writing, contractions like *don’t* and *can’t* should be _____.,used,avoided,added,expanded,B
English,In a formal letter, avoid using _____.,slang or informal words,polite language,short sentences,clear structure,A
English,In a formal letter, punctuation marks should be _____.,ignored,incorrect,accurate,unnecessary,C
English,When writing an essay, a paragraph break shows _____.,a change of idea,a mistake,a pause,a conclusion,A
English,In a descriptive essay, sensory words appeal to _____.,eyes only,the five senses,ears only,touch only,B
English,The closing remark “Yours faithfully” is used when _____.,the name of the person is unknown,the letter is informal,the letter is personal,the recipient is a friend,A
English,The heading of a formal letter is also known as the _____.,greeting,address,title,subject,D
English,The main body of a formal letter contains _____.,salutation,points of discussion,signature,date,B
English,In a letter, the greeting “Dear Uncle” is used for _____.,a formal letter,an informal letter,a complaint letter,a request letter,B
English,The correct order of a formal letter is _____.,address,body,date,signature,date,address,body,signature,address,date,body,signature,address,date,signature,body,D
English,The word *sincerely* in “Yours sincerely” means _____.,truthfully,officially,gratefully,happily,A
English,In an essay, the title should be written _____.,in capital letters,in small letters,in italics,underlined,A
English,The expression “I look forward to your reply” is used in _____ letters.,informal,formal,private,thank-you,B
English,An essay must always have a clear _____.,introduction,ending only,middle only,body only,A
English,The study of speech sounds is called _____.,phonology,syntax,morphology,semantics,A
English,The smallest unit of sound in a language is called a _____.,syllable,phoneme,word,letter,B
English,The study of how words are pronounced is called _____.,semantics,phonetics,morphology,grammar,B
English,The letters of the alphabet that represent speech sounds are called _____.,phonetic symbols,orthography,grammar,semantics,A
English,The sound /p/ in “pen” is an example of a _____ sound.,voiced,voiceless,vowel,syllabic,B
English,The sound /b/ in “boy” is a _____ sound.,voiced,voiceless,nasal,fricative,A
English,The sound /m/ in “man” is a _____ sound.,plosive,fricative,nasal,liquid,C
English,The sound /f/ in “fish” is a _____ sound.,nasal,fricative,liquid,plosive,B
English,The sound /t/ in “top” is a _____ sound.,fricative,plosive,nasal,vowel,B
English,The sound /s/ in “sun” is a _____ sound.,plosive,fricative,nasal,liquid,B
English,The sound /l/ in “love” is a _____ sound.,lateral,plosive,fricative,nasal,A
English,The sound /r/ in “red” is a _____ sound.,plosive,trill,fricative,liquid,D
English,The vowel sound in “seat” is represented by _____.,/ɪ/,/iː/,/e/,/ɜː/,B
English,The vowel sound in “sit” is represented by _____.,/ɪ/,/iː/,/ʌ/,/æ/,A
English,The vowel sound in “cat” is represented by _____.,/ɜː/,/æ/,/aː/,/ɪ/,B
English,The vowel sound in “cup” is represented by _____.,/ɪ/,/ʌ/,/ɒ/,/aɪ/,B
English,The vowel sound in “ball” is represented by _____.,/ɒ/,/ɔː/,/aʊ/,/ə/,B
English,The diphthong in “boy” is represented by _____.,/aɪ/,/ɔɪ/,/eɪ/,/ɪə/,B
English,The diphthong in “fine” is represented by _____.,/eɪ/,/aɪ/,/aʊ/,/ɔɪ/,B
English,The diphthong in “loud” is represented by _____.,/aɪ/,/aʊ/,/ɔɪ/,/eə/,B
English,The vowel sound in “boat” is represented by _____.,/əʊ/,/aʊ/,/ɒ/,/eə/,A
English,The diphthong in “care” is represented by _____.,/eə/,/aʊ/,/ɪə/,/ɔɪ/,A
English,The diphthong in “here” is represented by _____.,/ɪə/,/eə/,/aɪ/,/ɔɪ/,A
English,The sound /ʃ/ occurs in the word _____.,chair,shoe,goat,jam,B
English,The sound /ʒ/ occurs in the word _____.,measure,church,fish,shop,A
English,The sound /tʃ/ occurs in the word _____.,chair,shoe,vision,leisure,A
English,The sound /dʒ/ occurs in the word _____.,jam,ship,shine,fish,A
English,The sound /θ/ occurs in the word _____.,this,thing,those,these,B
English,The sound /ð/ occurs in the word _____.,thing,thought,those,thick,C
English,The sound /ŋ/ occurs in the word _____.,sing,sit,sign,sand,A
English,The schwa sound /ə/ occurs in the word _____.,about,cat,ball,sit,A
English,The stress in the word “photograph” falls on the _____ syllable.,first,second,third,fourth,A
English,The stress in “photographer” falls on the _____ syllable.,first,second,third,fourth,C
English,The stress in “economy” falls on the _____ syllable.,first,second,third,fourth,B
English,The stress in “economic” falls on the _____ syllable.,first,second,third,fourth,C
English,In English, stressed syllables are usually pronounced with _____.,less force,greater force,lower pitch,shorter sound,B
English,Intonation refers to _____.,rhythm of speech,pitch variation,word meaning,grammar,B
English,Rising intonation is used in _____.,statements,commands,yes/no questions,exclamations,C
English,Falling intonation is used in _____.,questions,statements,requests,uncertain answers,B
English,The word “import” when used as a noun has stress on the _____ syllable.,first,second,third,none,A
English,The word “import” when used as a verb has stress on the _____ syllable.,first,second,third,none,B
English,The word “conduct” as a noun is stressed on the _____ syllable.,first,second,third,none,A
English,The word “conduct” as a verb is stressed on the _____ syllable.,first,second,third,none,B
English,The primary function of intonation is to _____.,change meaning,show feeling,form sentences,show stress,B
English,The sound /v/ is a _____ sound.,voiceless bilabial,voiced labiodental,voiceless alveolar,voiced plosive,B
English,The sound /k/ is a _____ sound.,voiceless velar plosive,voiced velar nasal,voiced alveolar fricative,voiceless bilabial stop,A
English,The sound /g/ is a _____ sound.,voiced velar plosive,voiced bilabial nasal,voiceless alveolar stop,voiced fricative,A
English,The sound /h/ is a _____ sound.,voiced alveolar,voiceless glottal,voiceless bilabial,voiced nasal,B
English,The sound /w/ in “we” is a _____ sound.,voiceless bilabial,voiced bilabial approximant,voiced nasal,voiceless fricative,B
English,The sound /j/ in “yes” is a _____ sound.,voiceless alveolar,voiced palatal approximant,voiced bilabial,voiceless glottal,B
English,Phonetic transcription helps learners to _____.,spell words,pronounce words correctly,write faster,read quietly,B
English,The symbol /θ/ represents the sound in which of these words?,thing,this,there,that,A
English,The word *lexis* refers to _____.,sentence formation,vocabulary or word choice,intonation,grammar,B
English,The word *structure* in English refers to _____.,sentence organization,spelling,intonation,reading speed,A
English,The correct form of the verb in “He _____ going now” is _____. ,is,are,am,were,A
English,Choose the correct option: She prefers tea _____ coffee.,to,than,and,with,A
English,Choose the correct expression: We arrived _____ the airport on time.,at,in,on,to,A
English,Choose the correct option: The car belongs _____ me.,to,for,with,of,A
English,Choose the correct preposition: He was born _____ June.,at,on,in,by,C
English,Choose the correct option: I am tired _____ this noise.,at,with,of,from,C
English,Choose the correct word: He congratulated me _____ my success.,at,for,on,of,C
English,Choose the correct expression: I am interested _____ football.,at,about,in,with,C
English,Choose the correct option: She is married _____ a lawyer.,with,to,by,for,B
English,Choose the correct word: The woman is proud _____ her daughter.,of,for,about,to,A
English,Choose the correct word: The man is responsible _____ the mistake.,of,for,to,with,B
English,Choose the correct option: Ade is different _____ Tunde.,from,to,with,of,A
English,Choose the correct word: The students complained _____ the noise.,at,on,about,for,C
English,Choose the correct expression: The boy is good _____ Mathematics.,in,at,on,about,B
English,Choose the correct preposition: He divided the food _____ two.,between,among,within,inside,A
English,Choose the correct word: The teacher is pleased _____ the result.,of,with,at,for,B
English,Choose the correct option: He depends _____ his parents.,in,at,on,of,C
English,Choose the correct phrase: The boy was accused _____ stealing.,of,for,with,at,A
English,Choose the correct expression: I am familiar _____ this topic.,to,for,with,of,C
English,Choose the correct option: The man is ashamed _____ his actions.,for,to,of,with,C
English,Choose the correct word: The girl is jealous _____ her friend.,to,of,about,for,B
English,Choose the correct option: The book is full _____ interesting stories.,of,with,from,on,A
English,Choose the correct phrase: He is capable _____ doing it.,of,to,for,about,A
English,Choose the correct word: I am satisfied _____ my performance.,for,with,about,by,B
English,Choose the correct expression: The lady was accused _____ lying.,of,to,for,about,A
English,Choose the correct phrase: The man insisted _____ paying the debt.,on,in,at,to,A
English,Choose the correct idiom: “To kick the bucket” means _____.,to die,to travel,to fight,to rest,A
English,Choose the correct idiom: “To spill the beans” means _____.,to tell a secret,to waste food,to cook beans,to cause trouble,A
English,Choose the correct idiom: “Once in a blue moon” means _____.,frequently,rarely,never,occasionally,B
English,Choose the correct idiom: “A blessing in disguise” means _____.,a hidden problem,a good thing that seemed bad,a bad omen,a big surprise,B
English,Choose the correct idiom: “Cut corners” means _____.,to do something badly to save effort,to design,make a turn,to improve work,A
English,Choose the correct idiom: “Break the ice” means _____.,to make people feel comfortable,to break glass,to end a fight,to stop talking,A
English,Choose the correct idiom: “Hit the nail on the head” means _____.,to say something exactly right,to build a house,to make a mistake,to speak softly,A
English,Choose the correct idiom: “Under the weather” means _____.,feeling ill,feeling happy,feeling excited,feeling rich,A
English,Choose the correct idiom: “Let the cat out of the bag” means _____.,to reveal a secret,to buy a cat,to tell a lie,to keep quiet,A
English,Choose the correct idiom: “Bite off more than you can chew” means _____.,take on too much work,eat too fast,be lazy,lose appetite,A
English,Choose the correct idiom: “Burn the midnight oil” means _____.,to read at night,to sleep late,to study late into the night,to switch off light,C
English,Choose the correct idiom: “Cost an arm and a leg” means _____.,very expensive,very cheap,very easy,very heavy,A
English,Choose the correct idiom: “To be in hot water” means _____.,to be in trouble,to be rich,to take a bath,to travel far,A
English,Choose the correct idiom: “A piece of cake” means _____.,something very easy,something very hard,something sweet,something small,A
English,Choose the correct idiom: “Add fuel to the fire” means _____.,to worsen a situation,to cook,to make peace,to cool down,A
English,Choose the correct idiom: “The ball is in your court” means _____.,it’s your decision,it’s my game,it’s someone’s fault,it’s over,A
English,Choose the correct idiom: “A bird in hand is worth two in the bush” means _____.,what you have is better than what you hope for,keep chasing more,don’t settle,be patient,A
English,Choose the correct idiom: “To cry over spilt milk” means _____.,to regret what can’t be changed,to shout loudly,to complain,to be lazy,A
English,Choose the correct idiom: “To hit the books” means _____.,to start studying,to close books,to fail exams,to go to school,A
English,Choose the correct idiom: “To see eye to eye” means _____.,to agree,to fight,to avoid,to misunderstand,A
English,Choose the correct idiom: “To pull someone’s leg” means _____.,to joke with them,to hurt them,to chase them,to deceive them,A
English,Choose the correct idiom: “To be on cloud nine” means _____.,to be very happy,to be very sad,to be confused,to be angry,A
English,Choose the correct idiom: “To get cold feet” means _____.,to become afraid,to feel cold,to start running,to fall asleep,A
English,Choose the correct idiom: “To make ends meet” means _____.,to earn enough to live,to close something,to argue,to stop work,A
English,The phrasal verb “give up” means _____.,to surrender,to donate,to continue,to rise,A
English,The phrasal verb “look after” means _____.,to search,to take care of,to watch,to follow,B
English,The phrasal verb “bring up” means _____.,to mention or raise a topic,to lift something,to grow something,to carry,A
English,The phrasal verb “turn down” means _____.,to reject,to reduce,to increase,to switch on,A
English,The phrasal verb “put off” means _____.,to delay,to stop,to turn off,to continue,A
English,The phrasal verb “call off” means _____.,to arrange,to cancel,to begin,to postpone,B
English,The phrasal verb “carry on” means _____.,to continue,to stop,to lift,to move,B
English,The phrasal verb “run into” means _____.,to collide with,to meet by chance,to escape,to chase,B
English,The phrasal verb “take off” means _____.,to remove clothes,to fly,to leave,to begin,A
English,The phrasal verb “break down” means _____.,to fail,to cry,to stop working,to fall,A
English,The phrasal verb “fill in” means _____.,to complete a form,to enter a room,to decorate,to explain,A
English,The phrasal verb “look for” means _____.,to watch,to search for,to take care,to wait,B
English,The phrasal verb “look forward to” means _____.,to expect something with pleasure,to turn around,to think of,to talk about,A
English,The phrasal verb “put out” means _____.,to extinguish,to light,to bring in,to remove,A
English,The phrasal verb “set out” means _____.,to start a journey,to sit down,to run fast,to plan,A
English,The phrasal verb “get up” means _____.,to rise from bed,to sleep,to kneel,to shout,A
English,The phrasal verb “bring back” means _____.,to return something,to take away,to forget,to call back,A
English,The phrasal verb “cut down” means _____.,to reduce,to increase,to raise,to add,A
English,The phrasal verb “give in” means _____.,to submit,to resist,to argue,to protest,A
English,The phrasal verb “hand over” means _____.,to transfer possession,to take from,to collect,to borrow,A
English,The synonym of *happy* is _____.,sad,joyful,angry,afraid,B
English,The synonym of *angry* is _____.,furious,calm,gentle,quiet,A
English,The synonym of *big* is _____.,tiny,small,large,short,C
English,The synonym of *beautiful* is _____.,ugly,pretty,plain,bad,B
English,The synonym of *brave* is _____.,bold,timid,fearful,weak,A
English,The synonym of *begin* is _____.,end,start,close,stop,B
English,The synonym of *buy* is _____.,sell,purchase,exchange,give,B
English,The synonym of *finish* is _____.,start,begin,end,open,C
English,The synonym of *fast* is _____.,quick,slow,steady,weak,A
English,The synonym of *rich* is _____.,poor,wealthy,greedy,stingy,B
English,The antonym of *love* is _____.,like,hate,care,help,B
English,The antonym of *early* is _____.,late,fast,soon,quick,A
English,The antonym of *strong* is _____.,hard,weak,firm,tough,B
English,The antonym of *short* is _____.,long,small,thin,wide,A
English,The antonym of *cheap* is _____.,costly,small,soft,free,A
English,The antonym of *accept* is _____.,refuse,receive,take,give,A
English,The antonym of *arrival* is _____.,coming,leaving,departure,meeting,C
English,The antonym of *success* is _____.,achievement,failure,progress,victory,B
English,The antonym of *open* is _____.,close,break,tear,lock,A
English,The antonym of *hot* is _____.,warm,cold,freezing,chilly,B
English,The synonym of *intelligent* is _____.,wise,dull,weak,slow,A
English,The synonym of *lazy* is _____.,idle,hardworking,active,serious,A
English,The synonym of *humble* is _____.,modest,proud,angry,quiet,A
English,The antonym of *polite* is _____.,kind,rude,soft,shy,B
English,The antonym of *empty* is _____.,blank,filled,open,shallow,B
English,The antonym of *difficult* is _____.,hard,easy,rough,strong,B
English,The synonym of *quickly* is _____.,slowly,fast,softly,gently,B
English,The synonym of *honest* is _____.,truthful,deceitful,cunning,silent,A
English,The antonym of *noise* is _____.,quiet,sound,loudness,voice,A
English,The synonym of *help* is _____.,assist,ignore,disturb,refuse,A
English,The antonym of *light* is _____.,bright,heavy,soft,dim,B
English,The synonym of *teacher* is _____.,pupil,instructor,student,learner,B
English,The antonym of *victory* is _____.,win,defeat,glory,achievement,B
English,The antonym of *friend* is _____.,partner,enemy,stranger,companion,B
English,The synonym of *beautiful* is _____.,handsome,pretty,fair,ugly,B
English,The synonym of *error* is _____.,mistake,truth,correction,right,A
English,The antonym of *honest* is _____.,faithful,false,truthful,real,B
English,The synonym of *reply* is _____.,answer,question,ask,report,A
English,The antonym of *soft* is _____.,tough,hard,strong,solid,B
English,The antonym of *weak* is _____.,feeble,strong,slow,shy,B
English,The synonym of *beginning* is _____.,start,end,finish,stop,A
English,The antonym of *clean* is _____.,clear,dirty,tidy,bright,B
English,The antonym of *success* is _____.,failure,progress,development,victory,A
English,The synonym of *angry* is _____.,furious,calm,quiet,cool,A
English,The antonym of *love* is _____.,hate,joy,care,trust,A
English,The synonym of *happy* is _____.,joyful,sad,quiet,angry,A
English,The antonym of *dark* is _____.,bright,black,dim,dull,A
English,The antonym of *deep* is _____.,shallow,low,wide,long,A
English,The synonym of *rich* is _____.,wealthy,poor,stingy,humble,A
English,The antonym of *new* is _____.,modern,ancient,old,latest,C
English,The synonym of *clever* is _____.,intelligent,slow,careless,lazy,A
English,The antonym of *empty* is _____.,full,blank,light,open,A
English,The synonym of *small* is _____.,tiny,huge,large,big,A
English,The antonym of *happy* is _____.,sad,excited,calm,kind,A
English,The synonym of *good* is _____.,fine,bad,ugly,wrong,A
English,The antonym of *tall* is _____.,short,low,long,deep,A
English,The synonym of *easy* is _____.,simple,hard,difficult,strong,A
Chemistry,What type of hydrocarbons consist of carbon chains with only single bonds?,Alkenes,Alkynes,Alkanes,Aromatics,C
Chemistry,Which of the following is the general molecular formula for alkanes?,CnH2n,CnH2n-2,CnH2n+2,CnH2n-6,C
Chemistry,How is methane primarily prepared in the laboratory?,Heating ethanol with H2SO4,Heating ethanoate salt with alkali,Reacting ethene with water,Dehydration of ethanol,B
Chemistry,What is observed when methane undergoes combustion?,It burns with a smoky flame,It produces carbon monoxide and hydrogen,It produces steam, carbon (IV) oxide, and heat,It produces a black soot,C
Chemistry,Which of these is a use of methane?,Making plastics,As a fuel,Producing ethanol,Ripening fruits,B
Chemistry,What term describes compounds with the same molecular formula but different structural arrangements?,Isotopes,Allotropes,Isomers,Polymers,C
Chemistry,Which type of isomerism occurs due to different arrangements of the carbon chain?,Functional isomerism,Positional isomerism,Chain isomerism,Stereo isomerism,C
Chemistry,In IUPAC nomenclature, what does the 'root' name represent?,The functional group,The longest carbon chain,The substituents,The suffix,B
Chemistry,What is the IUPAC name for CH3CHClCH2OH?,1-chloropropan-2-ol,2-chloropropan-1-ol,Chloroethanol,Propan-2-chloro-ol,A
Chemistry,Which of these compounds exhibits geometric isomerism?,Methane,Ethane,But-2-ene,Propanol,C
Chemistry,What are unsaturated hydrocarbons characterized by?,Single bonds only,Multiple bonds between carbon atoms,Ring structures,Containing oxygen,B
Chemistry,How is ethene commonly prepared in the laboratory?,Heating calcium carbide with water,Heating ethanol with concentrated H2SO4,Reacting ethane with chlorine,Fermentation of sugar,B
Chemistry,What happens when ethene reacts with acidified potassium permanganate?,It turns green,It turns purple,It decolorizes,It produces a black precipitate,C
Chemistry,Which reaction involves ethene adding a water molecule to form ethanol?,Halogenation,Hydration,Hydrogenation,Polymerization,B
Chemistry,What is a major industrial use of ethene?,Making soap,Manufacturing plastics,Producing ammonia,As a solvent,B
Chemistry,Which homologous series has the general formula CnH2n-2?,Alkanes,Alkenes,Alkynes,Aromatics,C
Chemistry,How is ethyne typically prepared in the laboratory?,Dehydration of ethanol,Heating sodium ethanoate,Action of water on calcium carbide,Cracking of propane,C
Chemistry,What type of flame does ethyne produce in plenty of air?,Smoky and luminous,Non-luminous and very hot,Colorless and odorless,No flame,B
Chemistry,Which reagent is used to distinguish alkynes from alkenes?,Bromine water,Acidified KMnO4,Ammoniacal CuCl,Litmus paper,C
Chemistry,What is a common use of ethyne?,Making margarine,As an anesthetic,Producing oxyacetylene flame for welding,Manufacturing soap,C
Chemistry,What is the molecular formula of benzene?,C6H6,C6H12,C6H10,C6H14,A
Chemistry,Which of these is a method for preparing benzene?,Fermentation of sugar,From coal tar,Electrolysis of brine,Heating ethanol,B
Chemistry,What type of reaction does benzene primarily undergo?,Addition,Substitution,Polymerization,Hydrolysis,B
Chemistry,Which derivative of benzene is also known as toluene?,Nitrobenzene,Phenol,Methyl benzene,Chlorobenzene,C
Chemistry,What is a common use of benzene?,As a food preservative,As a solvent,In making soaps,As a fuel additive,B
Chemistry,What is the functional group in alkanols?,Carboxyl group,Carbonyl group,Hydroxyl group,Amino group,C
Chemistry,Which class of alkanol has the hydroxyl group attached to a carbon with only one alkyl group?,Primary,Secondary,Tertiary,Polyhydric,A
Chemistry,What is the industrial process of producing ethanol from sugar called?,Cracking,Distillation,Fermentation,Polymerization,C
Chemistry,Which enzyme converts glucose to ethanol and carbon dioxide?,Maltase,Diastase,Zymase,Invertase,C
Chemistry,What is observed when a primary alkanol is oxidized with acidified K2Cr2O7?,It turns purple,It turns from orange to green,It turns blue,It turns red,B
Chemistry,What is the general molecular formula for alkanoic acids?,CnH2nO2,RCOOH,CnH2n+1COOH,ROH,B
Chemistry,How can ethanoic acid be prepared from ethanol?,Dehydration,Distillation,Oxidation,Fermentation,C
Chemistry,What is the common name for ethanoic acid when it is pure and frozen?,Glacial acetic acid,Formic acid,Acetone,Vinegar,A
Chemistry,Which of these is a chemical property of ethanoic acid?,It turns blue litmus red,It has a pungent smell,It is soluble in water,It liberates CO2 from carbonates,D
Chemistry,What is formed when an alkanoic acid reacts with an alkanol?,A salt,An ester,An alkene,An amine,B
Chemistry,What is the general structure of an ester?,ROR',RCOOH,RCOOR',RNH2,C
Chemistry,Which process describes the hydrolysis of fats and oils with alkali?,Esterification,Hydrogenation,Saponification,Polymerization,C
Chemistry,What are the two main parts of a soap molecule?,Acidic and basic parts,Hydrophobic and hydrophilic parts,Reducing and oxidizing parts,Saturated and unsaturated parts,B
Chemistry,Which of the following is a soapless detergent?,Sodium stearate,Alkylbenzene sulphonate,Potassium palmitate,Glycerol,B
Chemistry,What is a polymer?,A small molecule,A giant molecule made of repeating units,A type of salt,A single atom,B
Chemistry,Which type of polymerization involves the elimination of a small molecule like water?,Addition polymerization,Condensation polymerization,Chain polymerization,Substitution polymerization,B
Chemistry,What is the monomer unit in polythene?,Ethene,Ethyne,Propene,Styrene,A
Chemistry,Which of these is a thermosetting plastic?,Polythene,Nylon,Bakelite,Perspex,C
Chemistry,What is the process of heating natural rubber with sulphur called?,Polymerization,Vulcanization,Hydrogenation,Saponification,B
Chemistry,What is the general formula for carbohydrates?,Cn(H2O)n,CnH2nO2,CnH2n+2O,CnH2nO,A
Chemistry,Which of these is a monosaccharide?,Sucrose,Lactose,Maltose,Glucose,D
Chemistry,How is glucose commonly tested for in the laboratory?,With bromine water,With Fehling's solution,With litmus paper,With silver nitrate,B
Chemistry,What are the products of hydrolysis of sucrose?,Glucose and galactose,Glucose and fructose,Fructose and galactose,Glucose only,B
Chemistry,Which of these is a polysaccharide?,Glucose,Fructose,Starch,Sucrose,C
Chemistry,What are the monomer units of proteins?,Fatty acids,Monosaccharides,Amino acids,Nucleotides,C
Chemistry,Which test gives a violet colour with proteins?,Fehling's test,Benedict's test,Biuret test,Seliwanoff's test,C
Chemistry,What functional groups are present in an amino acid?,Amino and carbonyl,Amino and carboxyl,Hydroxyl and carboxyl,Hydroxyl and carbonyl,B
Chemistry,What is the general formula for a primary amine?,RNH2,R2NH,R3N,RNH3+,A
Chemistry,How are amides commonly prepared?,From alkanes,From esters and ammonia,From alkenes,From amines,B
Chemistry,What is the common name for carbamide?,Urea,Ammonia,Ethanamide,Methylamine,A
English,A figure of speech is used to _____.,make language dull,add beauty and meaning,make writing confusing,repeat ideas,B
English,The expression “as brave as a lion” is an example of a _____.,metaphor,simile,personification,hyperbole,B
English,The expression “The world is a stage” is an example of a _____.,simile,metaphor,personification,alliteration,B
English,The statement “The sun smiled on us” is an example of _____.,simile,personification,metaphor,irony,B
English,The expression “He cried a river” is an example of _____.,metaphor,hyperbole,simile,personification,B
English,The phrase “The silence was deafening” is an example of _____.,paradox,metaphor,simile,irony,A
English,The statement “Honesty is the best policy” is a _____.,proverb,metaphor,idiom,simile,A
English,The expression “She sells seashells by the seashore” illustrates _____.,simile,alliteration,personification,metaphor,B
English,The phrase “The fire swallowed the house” is an example of _____.,metaphor,personification,simile,hyperbole,B
English,The statement “Time flies” is an example of _____.,personification,metaphor,hyperbole,simile,A
English,The expression “as white as snow” is an example of _____.,metaphor,simile,hyperbole,alliteration,B
English,The phrase “sweet sorrow” is an example of _____.,oxymoron,simile,personification,metaphor,A
English,The figure of speech in “The pen is mightier than the sword” is _____.,personification,metaphor,metonymy,irony,C
English,The expression “a sea of troubles” is an example of _____.,simile,metaphor,personification,idiom,B
English,The phrase “I have told you a thousand times” is an example of _____.,hyperbole,simile,personification,irony,A
English,The statement “He kicked the bucket” means _____.,he died,he fell,he kicked something,he shouted,A
English,The expression “a round square” is an example of _____.,paradox,oxymoron,metaphor,simile,B
English,The figure of speech in “He is the black sheep of the family” is a/an _____.,simile,idiom,metaphor,proverb,C
English,The expression “He fought like a lion” is a _____.,metaphor,simile,idiom,proverb,B
English,The phrase “The wind whispered” is an example of _____.,personification,hyperbole,metaphor,simile,A
English,The expression “as busy as a bee” is an example of _____.,metaphor,simile,idiom,irony,B
English,The statement “The news hit me like a ton of bricks” is a _____.,simile,hyperbole,metaphor,idiom,A
English,The figure of speech in “The stars danced in the sky” is _____.,metaphor,simile,personification,oxymoron,C
English,The phrase “as cold as ice” is an example of _____.,simile,metaphor,personification,paradox,A
English,The expression “He has a heart of stone” is a _____.,metaphor,simile,personification,idiom,A
English,The phrase “He eats like a pig” is a _____.,simile,metaphor,hyperbole,idiom,A
English,The figure of speech “Don’t bite the hand that feeds you” is a _____.,proverb,idiom,metaphor,hyperbole,A
English,The statement “The classroom was a zoo” is a _____.,personification,metaphor,simile,oxymoron,B
English,The figure of speech in “The thunder roared angrily” is _____.,personification,metaphor,simile,irony,A
English,The expression “as light as a feather” is a _____.,simile,metaphor,idiom,hyperbole,A
English,The figure of speech in “All that glitters is not gold” is a _____.,proverb,idiom,metaphor,hyperbole,A
English,The repetition of consonant sounds at the beginning of words is called _____.,alliteration,assonance,consonance,ellipsis,A
English,The repetition of vowel sounds in nearby words is called _____.,alliteration,assonance,consonance,onomatopoeia,B
English,The use of words that imitate sounds is called _____.,onomatopoeia,hyperbole,simile,irony,A
English,The statement “Boom! went the gun” is an example of _____.,alliteration,onomatopoeia,hyperbole,metaphor,B
English,The phrase “better late than never” is a _____.,proverb,idiom,metaphor,simile,A
English,The expression “He met his Waterloo” means _____.,he won a prize,he suffered defeat,he traveled far,he succeeded,B
English,The expression “to add insult to injury” means _____.,to make a bad situation worse,to apologize,to forgive,to repair,A
English,The phrase “as cool as a cucumber” means _____.,very calm,very cold,very hot,very angry,A
English,The expression “the handwriting on the wall” means _____.,a warning of trouble,a letter,a sign,a drawing,A
English,The figure of speech in “as blind as a bat” is a _____.,metaphor,simile,idiom,proverb,B
English,The phrase “He was buried in his books” is an example of _____.,metaphor,simile,idiom,hyperbole,A
English,The expression “She has eyes like a hawk” is a _____.,simile,metaphor,personification,hyperbole,A
English,The figure of speech in “as gentle as a dove” is a _____.,simile,metaphor,personification,idiom,A
English,The expression “Life is a journey” is a _____.,metaphor,simile,idiom,proverb,A
English,The statement “He ran faster than the wind” is a _____.,hyperbole,simile,idiom,metaphor,A
English,The expression “a wolf in sheep’s clothing” means _____.,a deceitful person,a kind man,a quiet person,a brave man,A
English,The phrase “as hard as rock” is a _____.,simile,metaphor,idiom,hyperbole,A
English,The statement “as black as coal” is a _____.,simile,metaphor,idiom,proverb,A
English,The phrase “No pain, no gain” is a _____.,idiom,proverb,metaphor,hyperbole,B
English,The figure of speech “A stitch in time saves nine” teaches _____.,delay is dangerous,hard work pays,help others,wait patiently,A
Chemistry,What is the primary product when ethanol undergoes complete combustion?,Carbon monoxide and water,Carbon dioxide and water,Methane and oxygen,Ethene and steam,B
Chemistry,Which type of alkanol is resistant to oxidation under normal conditions?,Primary alkanol,Secondary alkanol,Tertiary alkanol,Dihydric alkanol,C
Chemistry,What is the correct IUPAC name for CH3CH2CH(OH)CH3?,Butan-1-ol,Butan-2-ol,2-hydroxybutane,1-methylpropanol,B
Chemistry,Which compound is formed when ethanoic acid reacts with sodium carbonate?,Sodium ethanoate and water,Sodium ethanoate and CO2,Ethanol and CO2,Ethane and water,B
Chemistry,What is the common name for the ester formed from ethanoic acid and methanol?,Methyl ethanoate,Ethyl methanoate,Methyl methanoate,Ethyl ethanoate,A
Chemistry,Which process converts oils into margarine?,Saponification,Hydrogenation,Polymerization,Esterification,B
Chemistry,In a soap molecule, which part is soluble in oil?,The ionic head,The hydrophobic tail,The hydrophilic head,The carboxylate group,B
Chemistry,What is the primary difference between soaps and soapless detergents?,Soaps are synthetic,Soapless detergents do not form scum with hard water,Soaps are made from petrochemicals,Soapless detergents are biodegradable,B
Chemistry,Which of these is a natural polymer?,Nylon,Polythene,Polypropene,Starch,D
Chemistry,What type of polymerization is used to produce nylon?,Addition polymerization,Condensation polymerization,Chain polymerization,Free-radical polymerization,B
Chemistry,Which carbohydrate is known as milk sugar?,Maltose,Sucrose,Lactose,Fructose,C
Chemistry,What is the product of the hydrolysis of starch?,Glucose,Fructose,Sucrose,Galactose,A
Chemistry,Which test is used to identify proteins with a violet colour change?,Benedict's test,Biuret test,Fehling's test,Iodine test,B
Chemistry,What are the building blocks of proteins?,Fatty acids,Monosaccharides,Amino acids,Nucleotides,C
Chemistry,Which functional group is characteristic of amines?,–COOH,–OH,–NH2,–CHO,C
Chemistry,How are primary amines classified?,R2NH,R3N,RNH2,R4N+,C
Chemistry,What is formed when an amide is hydrolyzed with an acid?,Amine and alcohol,Carboxylic acid and ammonia,Ester and water,Aldehyde and ammonia,B
Chemistry,Which compound is commonly known as urea?,Ethanamide,Carbamide,Methanamide,Formamide,B
Chemistry,What is the molecular formula of the simplest alkyne?,C2H2,C2H4,C2H6,CH4,A
Chemistry,Which reagent is used to test for unsaturation in organic compounds?,Litmus paper,Bromine water,Fehling's solution,Benedict's solution,B
Chemistry,What is the main component of natural gas?,Ethene,Ethyne,Methane,Propane,C
Chemistry,Which hydrocarbon is a major constituent of gasoline?,Benzene,Methane,Ethene,Ethane,A
Chemistry,What is the product when ethene undergoes polymerization?,Polythene,Polypropene,Polyvinyl chloride,Polystyrene,A
Chemistry,Which compound is responsible for the characteristic odor of rotten fish?,Amines,Amides,Esters,Carboxylic acids,A
Chemistry,What is the general formula for a secondary amine?,RNH2,R2NH,R3N,R4N+,B
Chemistry,Which alcohol is commonly used in alcoholic beverages?,Methanol,Ethanol,Propanol,Butanol,B
Chemistry,What is the functional group in aldehydes?,–OH,–COOH,–CHO,–CO–,C
Chemistry,Which compound is used as an antifreeze in car radiators?,Methanol,Ethanol,Propanol,Glycerol,B
Chemistry,What is the product of the reaction between ethanol and sodium?,Sodium ethoxide and hydrogen,Sodium ethanoate and hydrogen,Sodium hydroxide and ethane,Sodium chloride and water,A
Chemistry,Which acid is present in vinegar?,Methanoic acid,Ethanoic acid,Propanoic acid,Butanoic acid,B
Chemistry,What type of isomerism is shown by compounds with the same molecular formula but different functional groups?,Chain isomerism,Positional isomerism,Functional isomerism,Stereoisomerism,C
Chemistry,Which of these is an example of a dicarboxylic acid?,Methanoic acid,Ethanoic acid,Oxalic acid,Benzoic acid,C
Chemistry,What is the common name for methanoic acid?,Acetic acid,Formic acid,Propionic acid,Butyric acid,B
Chemistry,Which polymer is used for making non-stick cookware?,Polythene,Polypropene,Polystyrene,Polytetrafluoroethene,D
Chemistry,What is the monomer of natural rubber?,Isoprene,Ethene,Ethyne,Styrene,A
Chemistry,Which carbohydrate is a non-reducing sugar?,Glucose,Fructose,Sucrose,Maltose,C
Chemistry,What is the product of the fermentation of glucose?,Ethanol and CO2,Methanol and CO2,Ethanoic acid and water,Ethene and water,A
Chemistry,Which element is added during vulcanization of rubber?,Carbon,Sulphur,Nitrogen,Oxygen,B
Chemistry,What is the primary use of hydrogenation in the food industry?,To make soaps,To produce margarine,To make detergents,To produce ethanol,B
Chemistry,Which type of plastic can be remoulded upon heating?,Thermosetting plastic,Thermoplastic,Bakelite,Urea-methanal,B
Chemistry,What is the name of the process where large molecules are broken down into smaller ones?,Polymerization,Condensation,Hydrolysis,Hydrogenation,C
Chemistry,Which gas is produced when calcium carbide reacts with water?,Methane,Ethene,Ethyne,Carbon dioxide,C
Chemistry,What is the structural formula of benzene often represented as?,A straight chain,A ring with alternating double bonds,A tetrahedral structure,A linear chain with triple bonds,B
Chemistry,Which compound is used as a solvent for oils and fats?,Water,Benzene,Ethanol,Methanol,B
Chemistry,What is the name of the reaction where an alcohol is converted to an alkene?,Esterification,Dehydration,Hydrogenation,Hydrolysis,B
Chemistry,Which functional group is present in ketones?,–CHO,–COOH,–OH,–CO–,D
Chemistry,What is the product when an aldehyde is oxidized?,Carboxylic acid,Alcohol,Ketone,Ester,A
Chemistry,Which compound is used in the manufacture of explosives like TNT?,Benzene,Toluene,Phenol,Nitrobenzene,B
English,Reading comprehension helps to improve _____.,speaking,understanding,writing,acting,B
English,The main idea of a passage is _____.,the title,the most important point,the first line,the last sentence,B
English,Skimming is a reading technique used to _____.,read every word,find main ideas quickly,memorize text,analyze grammar,B
English,Scanning is used to _____.,find specific information,read slowly,analyze meanings,write summaries,A
English,The purpose of reading for gist is to _____.,get a general idea,understand details,memorize lines,analyze tone,A
English,The topic sentence of a paragraph usually appears at the _____.,beginning,middle,end,nowhere,A
English,To infer means to _____.,guess meaning from clues,read aloud,translate words,count sentences,A
English,The writer’s attitude in a passage is called the _____.,tone,theme,title,plot,A
English,The central message of a passage is the _____.,topic,theme,summary,thesis,B
English,The word that describes the writer’s choice of words is _____.,tone,style,theme,grammar,B
English,Active reading means _____.,reading passively,engaging with the text,reading quickly,memorizing lines,B
English,The best title for a passage should _____.,be short and relevant,be long and detailed,be funny,mention every detail,A
English,In comprehension, context clues help readers to _____.,understand new words,find names,read faster,skip questions,A
English,The main function of punctuation marks in reading is to _____.,indicate pauses and meaning,decorate text,replace words,shorten sentences,A
English,The word *synonym* means _____.,words with opposite meanings,words with similar meanings,words with same spelling,different words,B
English,The word *antonym* means _____.,words that sound alike,words with opposite meanings,words with same meaning,words with similar spelling,B
English,To summarize a passage, a reader should _____.,include all details,write only main points,copy the whole text,guess meaning,B
English,Good readers often _____.,ignore punctuation,predict meaning,skip paragraphs,read aloud always,B
English,When reading aloud, correct pronunciation and _____ are important.,intonation,summary,guessing,grammar,A
English,The best way to increase vocabulary is by _____.,memorizing dictionary words,reading regularly,listening to songs,copying notes,B
English,Listening skills are important because they help us to _____.,speak less,understand others better,read faster,write correctly,B
English,Good listening requires _____.,attention and concentration,sleeping,interrupting others,looking away,A
English,When listening to directions, one should _____.,interrupt,summarize,follow carefully,ignore,C
English,Note-taking during listening helps to _____.,remember key points,forget details,avoid focus,read aloud,A
English,During a lecture, listeners should _____.,argue with speaker,focus on main ideas,write everything,remain silent only,B
English,Barriers to good listening include _____.,noise and distraction,attention and focus,understanding and recall,good memory,A
English,Effective listening involves _____.,hearing and understanding only,hearing,understanding and responding,ignoring the speaker,speaking fast,B
English,The process of listening begins with _____.,interpreting,hearing,remembering,responding,B
English,Listening comprehension means _____.,understanding what is heard,reading silently,writing notes,copying answers,A
English,Paraphrasing means _____.,rewriting in your own words,copying the same words,reading aloud,translating language,A
English,The best way to answer comprehension questions is to _____.,read the questions first,ignore the passage,guess answers,memorize words,A
English,The difference between hearing and listening is _____.,listening requires attention,hearing is understanding,listening is passive,hearing is active,A
English,When reading, context refers to _____.,the surrounding words and situation,the title of the book,the first line only,the author’s name,A
English,Silent reading helps a student to _____.,read faster,memorize better,speak louder,translate words,A
English,The skill of predicting outcomes in reading means _____.,guessing what will happen next,writing the ending,copying words,skipping lines,A
English,The act of dividing a passage into paragraphs helps to _____.,organize ideas,make it longer,confuse readers,fill space,A
English,The main difference between summary and paraphrase is that a summary is _____.,shorter,exactly same,translated,longer,A
English,The tone of a passage can be _____.,sad,angry,joyful,all of the above,D
English,Reading comprehension questions often test _____.,understanding and inference,spelling,grammar,handwriting,A
English,In reading comprehension, the first thing to do is to _____.,read the passage carefully,memorize it,copy it,skip it,A
English,The best way to improve reading comprehension is to _____.,practice regularly,read once,avoid questions,read fast only,A
English,The opposite of active listening is _____.,passive listening,fast listening,deep listening,focused listening,A
English,Effective readers often _____.,take notes and summarize,skip details,read aloud always,avoid punctuation,A
English,The author’s purpose in a passage could be to _____.,inform,entertain,persuade,all of the above,D
English,Reading aloud helps to improve _____.,pronunciation and confidence,writing speed,listening skills,reading silently,A
English,When summarizing, irrelevant information should be _____.,added,removed,highlighted,ignored,B
English,One good habit of an effective listener is _____.,interrupting,maintaining eye contact,thinking of other things,speaking over others,B
English,To interpret a message correctly, a listener must _____.,pay full attention,ignore tone,focus on self,guess often,A
English,In comprehension, factual questions require _____.,recall of exact details,opinions,imaginations,grammar rules,A
English,The word *skim* in reading means to _____.,read quickly for main idea,read aloud slowly,memorize lines,find details,A
Physics,Electromagnetic waves are fundamentally classified as what type of waves?,Longitudinal waves,Stationary waves,Transverse waves,Sound waves,C
Physics,Which segment of the electromagnetic spectrum is characterized by having the longest wavelengths?,Gamma rays,Ultraviolet rays,Radio waves,X-rays,C
English,Essay writing is also known as _____.,composition,summary,letter,dialogue,A
English,The main purpose of essay writing is to _____.,express ideas,copy others,memorize text,translate,A
English,The opening paragraph of an essay is called the _____.,introduction,body,conclusion,summary,A
English,The last paragraph of an essay is called the _____.,ending,summary,conclusion,body,C
English,The main part of an essay that develops the ideas is the _____.,body,heading,introduction,summary,A
English,A good essay must have _____.,clear structure,unclear ideas,random thoughts,short sentences,A
English,The features of a good essay include _____.,clarity,coherence,unity,all of the above,D
English,The type of essay that tells a story is a _____ essay.,narrative,descriptive,expository,argumentative,A
English,The type of essay that describes something is called a _____ essay.,narrative,descriptive,argumentative,expository,B
English,An essay that explains how or why something happens is _____.,expository,argumentative,narrative,letter,A
English,An essay that tries to convince readers is a _____ essay.,narrative,argumentative,descriptive,expository,B
English,In an argumentative essay, you must present _____.,facts and opinions,stories only,descriptions only,dialogues,A
English,An informal letter is written to _____.,friends or relatives,government officials,editors,business partners,A
English,A formal letter is written to _____.,friends,relatives,officials,peers,C
English,An official letter should begin with _____.,Dear Sir/Madam,Hello friend,Hi there,Hey you,A
English,The address of the writer in a formal letter is written _____.,at the top right corner,at the bottom,at the center,anywhere,A
English,The date in a formal letter comes _____ the writer’s address.,before,after,below,beside,B
English,The salutation in a friendly letter is written as _____.,Dear Tolu,Dear Sir,Respected Madam,To Whom It May Concern,A
English,The closing of a formal letter is usually _____.,Yours faithfully,Yours sincerely,Best regards,From your friend,A
English,The closing of an informal letter is usually _____.,Yours sincerely,Yours faithfully,Your loving friend,Yours obediently,C
English,The subject of a formal letter should be written _____.,in capital letters,at the end,in small letters,nowhere,A
English,In a friendly letter, you can use _____ language.,formal,informal,official,technical,B
English,In letter writing, the part that shows gratitude is the _____.,complimentary close,body,heading,signature,B
English,A report writing must include _____.,title,content,date,all of the above,D
English,The first paragraph of a report should state _____.,the purpose of the report,the writer’s name,an opinion,a question,A
English,In an article writing, the writer’s name appears _____.,below the title,above the title,at the end,nowhere,A
English,The title of an essay should be _____.,short and clear,very long,irrelevant,complex,A
English,A descriptive essay mainly focuses on _____.,the senses and details,facts and arguments,opinions only,statistics,A
English,An argumentative essay must include _____.,points for and against,poems,stories,dialogues,A
English,A good paragraph should have a _____.,topic sentence,conclusion only,random idea,title only,A
English,The word *composition* means _____.,putting ideas together,reading stories,copying from text,memorizing,A
English,The tone of a formal letter should be _____.,respectful,rude,emotional,joking,A
English,The tone of an informal letter should be _____.,friendly,official,strict,technical,A
English,A story essay should have _____.,a beginning, middle and end,only a beginning,a conclusion only,a title only,A
English,The use of paragraphs in essays helps to _____.,organize ideas,confuse readers,make it longer,add decoration,A
English,The phrase “Yours faithfully” is used when _____.,you don’t know the name of the person,you know the person,writing to a friend,writing an article,A
English,The phrase “Yours sincerely” is used when _____.,you know the name of the person,writing to strangers,writing reports,writing to editors,A
English,The body of a formal letter should be written in _____ paragraphs.,two or more,one,none,five,A
English,A story must be written in _____ order.,chronological,reverse,random,mixed,A
English,The title of a formal letter should be _____.,underlined,hidden,italicized,omitted,A
English,A narrative essay should contain _____.,characters,setting,plot,all of the above,D
English,An article is written mainly to _____.,inform or educate,chat with friends,entertain personally,advertise only,A
English,A good report should be _____.,clear and factual,opinionated,short and unclear,too emotional,A
English,In a debate, the speaker must _____.,argue for or against a motion,read a poem,write an essay,act a play,A
English,A good speech should begin with _____.,a greeting and introduction,conclusion,examples only,a poem,A
English,Minutes of meeting usually include _____.,date,time,decisions,all of the above,D
English,Formal speeches are usually delivered to _____.,an audience,one person,friends only,teachers only,A
English,In an article, the paragraph that summarizes the discussion is the _____.,conclusion,body,introduction,heading,A
English,A short piece of writing about current issues in newspapers is called a _____.,article,story,poem,report,A
English,One feature of a good composition is _____.,unity of ideas,confusion,verbosity,irrelevance,A
English,In essay writing, coherence means _____.,ideas flow logically,ideas are scattered,words are long,spelling is perfect,A
English,A debate topic is always presented as a _____.,motion,poem,title,question,A
English,A letter to the editor belongs to the _____ type of writing.,formal,informal,friendly,descriptive,A
English,The abbreviation “P.S.” at the end of a letter stands for _____.,postscript,personal statement,public speech,paragraph summary,A
Chemistry,What is the product when ethanoic acid reacts with phosphorus pentachloride?,Ethanoyl chloride,Ethanol,Ethene,Ethane,A
Chemistry,Which compound is produced when ethanol is oxidized with acidified potassium dichromate?,Ethanal,Ethanoic acid,Ethene,Ethane,B
Chemistry,What is the general formula for cycloalkanes?,CnH2n,CnH2n-2,CnH2n+2,CnH2n-6,A
Chemistry,Which of these is a characteristic of benzene?,It readily undergoes addition reactions,It burns with a non-sooty flame,It has a structure with alternating double bonds,It is saturated hydrocarbon,C
Chemistry,What is the name of the process where alkanes are broken down into smaller molecules?,Polymerization,Cracking,Reforming,Hydrogenation,B
Chemistry,Which alcohol is poisonous and can cause blindness?,Ethanol,Propanol,Methanol,Butanol,C
Chemistry,What is the functional group in a ketone?,–CHO,–COOH,–OH,–CO–,D
Chemistry,Which compound is used as a preservative for biological specimens?,Methanol,Ethanol,Ethanoic acid,Formalin,D
Chemistry,What is the product of the reaction between an alkanol and an alkanoic acid?,Ester,Ether,Aldehyde,Ketone,A
Chemistry,Which gas is produced when ethanol reacts with sodium?,Hydrogen,Oxygen,Carbon dioxide,Chlorine,A
Chemistry,What is the test for a carbonyl group in an aldehyde?,Turns blue litmus red,Forms a silver mirror with Tollens' reagent,Decolorizes bromine water,Produces a violet color with FeCl3,B
Chemistry,Which polymer is used for making bottles and containers?,Polystyrene,Polythene,Polyvinyl chloride,Nylon,B
Chemistry,What is the monomer unit in PVC?,Ethene,Chloroethene,Ethyne,Propene,B
Chemistry,Which carbohydrate gives a blue-black color with iodine solution?,Glucose,Sucrose,Starch,Cellulose,C
Chemistry,What is the product of the complete hydrolysis of proteins?,Fatty acids,Amino acids,Monosaccharides,Glycerol,B
Chemistry,Which type of isomerism is possible in alkenes but not in alkanes?,Chain isomerism,Positional isomerism,Geometric isomerism,Functional isomerism,C
Chemistry,What is the common name for 2-methylpropan-2-ol?,n-butanol,Isobutanol,tert-butanol,Sec-butanol,C
Chemistry,Which compound is used in the manufacture of dynamite?,Benzene,Toluene,Glycerol,Phenol,C
Chemistry,What is the product when ethene reacts with steam in the presence of a catalyst?,Ethanol,Ethanal,Ethanoic acid,Ethane,A
Chemistry,Which reagent is used to convert an aldehyde to a primary alcohol?,Acidified K2Cr2O7,Lithium aluminium hydride,Bromine water,Fehling's solution,B
Chemistry,What is the name of the reaction where an ester is formed from an acid and an alcohol?,Esterification,Saponification,Hydrolysis,Hydrogenation,A
Chemistry,Which compound is responsible for the smell of oranges?,Esters,Amines,Amides,Carboxylic acids,A
Chemistry,What is the general formula for ethers?,ROR',ROH,RCOOH,RNH2,A
Chemistry,Which fuel has the highest octane number?,Diesel,Kerosene,Petroleum,CNG,C
Chemistry,What is the product when calcium carbide reacts with water?,Ethene,Ethyne,Methane,Ethanol,B
Chemistry,Which compound is used as an antifreeze?,Methanol,Ethanol,Glycerol,Ethylene glycol,D
Chemistry,What is the name of the process where glucose is converted to ethanol and CO2?,Photosynthesis,Fermentation,Respiration,Distillation,B
Chemistry,Which vitamin is also known as ascorbic acid?,Vitamin A,Vitamin B,Vitamin C,Vitamin D,C
Chemistry,What is the functional group in a carboxylic acid?,–OH,–CHO,–COOH,–CO–,C
Chemistry,Which compound is used in making smokeless gunpowder?,Cellulose nitrate,Cellulose acetate,Polytheme,Nylon,A
Chemistry,What is the product when an alkene reacts with hydrogen in the presence of nickel?,Alkane,Alkyne,Alcohol,Aldehyde,A
Chemistry,Which gas is used for ripening fruits artificially?,Ethene,Ethyne,Methane,Carbon dioxide,A
Chemistry,What is the name of the process where oils are converted to fats?,Hydrogenation,Saponification,Polymerization,Esterification,A
Chemistry,Which compound is used in the manufacture of bakelite?,Formaldehyde,Acetaldehyde,Acetone,Formic acid,A
Chemistry,What is the product when an aldehyde is reduced?,Primary alcohol,Secondary alcohol,Carboxylic acid,Ketone,A
Chemistry,Which carbohydrate is also known as fruit sugar?,Glucose,Fructose,Galactose,Sucrose,B
Chemistry,What is the test for an amino group?,Turns red litmus blue,Forms a precipitate with AgNO3,Decolorizes bromine water,Produces a violet color with ninhydrin,A
Chemistry,Which polymer is used for making textiles and ropes?,Polythene,Polypropene,Nylon,Polystyrene,C
Chemistry,What is the monomer unit in natural rubber?,Isoprene,Butadiene,Styrene,Chloroethene,A
Chemistry,Which compound is used as a solvent for lacquer?,Acetone,Ether,Ethanol,Methanol,A
Chemistry,What is the product when an amine reacts with an acid?,Ammonium salt,Amide,Ester,Alcohol,A
Chemistry,Which vitamin is fat-soluble?,Vitamin B,Vitamin C,Vitamin A,Vitamin B12,C
Chemistry,What is the name of the process where naphtha is converted to gasoline?,Cracking,Reforming,Distillation,Hydrogenation,B
Chemistry,Which compound is used in the manufacture of dyes and drugs?,Benzene,Ethane,Ethene,Ethyne,A
Chemistry,What is the product when an alkane undergoes complete combustion?,Carbon monoxide and water,Carbon dioxide and water,Carbon and water,Methane and oxygen,B
Chemistry,Which carbohydrate is stored in the liver as glycogen?,Glucose,Fructose,Galactose,Sucrose,A
Chemistry,What is the test for a double bond in an organic compound?,Turns blue litmus red,Decolorizes bromine water,Forms a silver mirror,Produces a violet color,B
English,The word *vocabulary* refers to _____.,a person’s knowledge of words,grammar rules,essay writing,story telling,A
English,The process of forming new words from existing ones is called _____.,word formation,conjugation,inflection,translation,A
English,The word *careless* is formed by adding the suffix _____ to *care*.,-ful,-less,-ness,-ly,B
English,The word *unhappy* is formed by adding the prefix _____ to *happy*.,dis-,un-,mis-,in-,B
English,The word *teacher* is formed from *teach* by adding the suffix _____.,-ness,-er,-ful,-tion,B
English,The word *darkness* is formed from *dark* by adding the suffix _____.,-ly,-ness,-ful,-able,B
English,The word *quickly* is formed from *quick* by adding the suffix _____.,-er,-ly,-ness,-ful,B
English,The word *impossible* is formed by adding the prefix _____ to *possible*.,dis-,un-,in-,im-,D
English,The prefix *dis-* usually means _____.,not,again,without,very,A
English,The suffix *-ness* usually changes an adjective into a _____.,noun,verb,adverb,preposition,A
English,The prefix *re-* means _____.,again,not,opposite,too much,A
English,The word *rewrite* means _____.,to write again,to cancel,to write wrongly,to write less,A
English,The prefix *pre-* means _____.,before,after,around,within,A
English,The suffix *-ment* forms a _____.,verb,noun,adverb,adjective,B
English,The word *development* is a _____.,verb,noun,adverb,adjective,B
English,The word *beautiful* is a _____.,noun,adjective,adverb,verb,B
English,The adverb form of *quick* is _____.,quickly,quicker,quickest,quickness,A
English,The adjective form of *danger* is _____.,dangerous,dangerously,endanger,dangered,A
English,The noun form of *decide* is _____.,decision,deciding,decided,decisive,A
English,The adjective form of *create* is _____.,creation,creative,creatively,creator,B
English,The adjective form of *hope* is _____.,hopeful,hopeless,hopefully,hoping,A
English,The adverb form of *sad* is _____.,sadness,sadly,sadder,saddened,B
English,The noun form of *strong* is _____.,strength,strongly,strongness,stronger,A
English,The adjective form of *beauty* is _____.,beautiful,beautify,beautifully,beautified,A
English,The adverb form of *polite* is _____.,politely,politeness,politer,polity,A
English,The word *employment* comes from the verb _____.,employ,employee,employer,employment,A
English,The word *happiness* is derived from the adjective _____.,happy,happily,happier,happiness,A
English,The opposite of *legal* is _____.,illegal,dislegal,unlegal,nonlegal,A
English,The opposite of *possible* is _____.,impossible,nonpossible,unpossible,dispossible,A
English,The word *irregular* means _____.,not regular,too regular,more regular,regular,A
English,The word *careful* means _____.,full of care,without care,lack of care,careless,A
English,The word *careless* means _____.,without care,full of care,very caring,careful,A
English,The word *readable* means _____.,easy to read,hard to read,not written,being read,A
English,The prefix *anti-* means _____.,before,against,with,after,B
English,The prefix *auto-* means _____.,self,other,half,below,A
English,The prefix *bi-* means _____.,two,three,one,four,A
English,The prefix *tri-* means _____.,three,two,four,five,A
English,The word *childhood* is formed by adding the suffix _____.,-hood,-ship,-ment,-ness,A
English,The word *friendship* is formed by adding the suffix _____.,-hood,-ship,-ness,-able,B
English,The word *agreement* is formed by adding the suffix _____.,-tion,-ment,-ness,-er,B
English,The word *movement* is a _____.,noun,verb,adverb,adjective,A
English,The noun form of *advise* is _____.,advice,adviser,advising,advised,A
English,The verb form of *advice* is _____.,advise,adviser,advising,advised,A
English,The noun form of *arrive* is _____.,arrival,arriver,arriving,arrived,A
English,The adjective form of *fame* is _____.,famous,fameful,famed,fameless,A
English,The noun form of *choose* is _____.,choice,chooser,choosing,chosen,A
English,The adjective form of *sun* is _____.,sunny,sunned,sunning,sunlighted,A
English,The noun form of *strong* is _____.,strength,strongly,strongness,stronger,A
English,The adjective form of *danger* is _____.,dangerous,dangerously,endangered,dangered,A
English,The adjective form of *anger* is _____.,angry,angered,angrily,angerful,A
English,The noun form of *know* is _____.,knowledge,knowing,known,knower,A
English,The adjective form of *fool* is _____.,foolish,fooly,fooled,fooling,A
English,The noun form of *wise* is _____.,wisdom,wise,wisehood,wiseness,A
English,The adverb form of *careful* is _____.,carefully,careful,carelessly,carefuler,A
English,The adverb form of *quiet* is _____.,quietly,quietness,quieter,quieted,A
English,The adjective form of *use* is _____.,useful,used,useless,using,A
English,The adjective form of *noise* is _____.,noisy,noiseful,noiseless,noisehood,A
English,The noun form of *fail* is _____.,failure,failing,failed,failness,A
English,The word *builder* is formed from the verb _____.,build,built,building,builded,A
English,The word *singer* is formed from the verb _____.,sing,sang,sung,singing,A
English,The word *librarian* is formed from the noun _____.,library,liberation,liberty,librarium,A
English,The word *childish* means _____.,like a child,very mature,young person,childlike,A
English,The word *painful* means _____.,causing pain,without pain,full of joy,avoiding pain,A
English,The word *colourless* means _____.,without colour,full of colour,bright colour,painted,A
English,The prefix *sub-* means _____.,below,above,across,inside,A
English,The word *cooperate* means _____.,work together,work alone,work against,work slowly,A
English,The word *interact* means _____.,communicate with others,act alone,read together,sleep early,A
English,The word *preview* means _____.,see before,see after,view again,see clearly,A
English,The word *overcome* means _____.,succeed over,fail before,come early,finish work,A
English,The word *postpone* means _____.,delay,advance,start early,replace,A
English,The prefix *mis-* means _____.,wrongly,again,not,too much,A
English,The word *misunderstand* means _____.,understand wrongly,understand clearly,explain well,ignore meaning,A
English,The prefix *non-* means _____.,not,against,within,over,A
English,The suffix *-able* means _____.,capable of,full of,without,opposite of,A
English,The word *readable* means _____.,able to be read,unable to read,hard to read,not written,A
English,The suffix *-ist* refers to _____.,a person who practices something,an event,a place,a thing,A
English,The word *pianist* means _____.,a person who plays the piano,a piano maker,a piano shop,a song writer,A
English,The suffix *-tion* forms a _____.,noun,verb,adverb,adjective,A
English,The word *information* comes from the verb _____.,inform,informant,informer,informing,A
English,The word *education* comes from the verb _____.,educate,educator,educational,educating,A
English,The word *construction* comes from the verb _____.,construct,constructor,constructing,constructed,A
English,The word *creation* comes from the verb _____.,create,creator,creative,creating,A
English,The prefix *over-* means _____.,too much,too little,inside,before,A
English,The prefix *under-* means _____.,below,above,inside,beyond,A
English,The suffix *-ful* means _____.,full of,without,against,opposite of,A
English,The suffix *-less* means _____.,without,with,inside,around,A
English,The word *helpless* means _____.,without help,with help,helping,helpful,A
English,The word *helpful* means _____.,ready to help,without help,not kind,not caring,A
English,The word *endless* means _____.,without end,with an end,at the end,ending soon,A
Chemistry,Which compound is formed when ethanol is dehydrated with concentrated H2SO4 at 170°C?,Ethene,Ethyne,Ethane,Ethanal,A
Chemistry,What is the general molecular formula for alkenes?,CnH2n,CnH2n+2,CnH2n-2,CnH2n-6,A
Chemistry,Which reagent is used to test for the presence of a primary alcohol?,Acidified potassium dichromate,Bromine water,Tollens' reagent,Fehling's solution,A
Chemistry,What is the product when propanoic acid reacts with ethanol?,Ethyl propanoate,Propyl ethanoate,Methyl propanoate,Propyl methanoate,A
Chemistry,Which type of reaction is used to convert an alkene to an alkane?,Hydrogenation,Hydration,Dehydration,Halogenation,A
Chemistry,What is the common name for the simplest carboxylic acid?,Acetic acid,Formic acid,Propionic acid,Butyric acid,B
Chemistry,Which compound is produced when ethyne is passed through a red-hot iron tube?,Benzene,Ethene,Ethane,Cyclohexane,A
Chemistry,What is the functional group present in esters?,-COO-,-COOH,-OH,-CHO,A
Chemistry,Which carbohydrate is also known as dextrose?,Fructose,Glucose,Galactose,Sucrose,B
Chemistry,What is the product of the reaction between an amine and an acid chloride?,Amide,Amine salt,Ester,Alcohol,A
Chemistry,Which polymer is used for making synthetic fibers like polyester?,Polythene,Polypropene,Terylene,Nylon,C
Chemistry,What is the test for unsaturation in organic compounds?,Iodine test,Bromine test,Benedict's test,Biuret test,B
Chemistry,Which compound is used as a refrigerant and in aerosol propellants?,Chlorofluorocarbons,Hydrocarbons,Alcohols,Ethers,A
Chemistry,What is the product when methanol is oxidized with copper catalyst?,Methanal,Methanoic acid,Carbon dioxide,Water,A
Chemistry,Which vitamin deficiency causes scurvy?,Vitamin A,Vitamin B,Vitamin C,Vitamin D,C
Chemistry,What is the name of the process where an alkane is converted to an alkene?,Dehydrogenation,Hydrogenation,Hydration,Dehydration,A
Chemistry,Which compound is used in the manufacture of vinegar?,Methanoic acid,Ethanoic acid,Propanoic acid,Butanoic acid,B
Chemistry,What is the product when an aldehyde is oxidized with Tollens' reagent?,Carboxylic acid,Silver mirror,Alcohol,Ketone,B
Chemistry,Which carbohydrate is a disaccharide made of glucose and fructose?,Maltose,Sucrose,Lactose,Cellulose,B
Chemistry,What is the functional group in amides?,-CONH2,-NH2,-COOH,-OH,A
Chemistry,Which compound is used as a solvent for fats and oils?,Water,Ethanol,Chloroform,Benzene,D
Chemistry,What is the product when ethene reacts with hydrogen bromide?,Bromoethane,1,2-dibromoethane,Dibromomethane,Bromomethane,A
Chemistry,Which polymer is used for making insulation and packaging materials?,Polystyrene,Polythene,Polyvinyl chloride,Nylon,A
Chemistry,What is the test for the presence of a carbonyl group in ketones?,Tollens' test,Fehling's test,Benedict's test,2,4-DNP test,D
Chemistry,Which compound is produced when calcium carbonate is heated?,Calcium oxide and CO2,Calcium hydroxide,Calcium carbide,Calcium chloride,A
Chemistry,What is the name of the process where an ester is hydrolyzed with an alkali?,Saponification,Esterification,Neutralization,Hydrogenation,A
Chemistry,Which vitamin is also known as tocopherol?,Vitamin A,Vitamin B,Vitamin E,Vitamin K,C
Chemistry,What is the product when an alkene reacts with water in the presence of acid?,Alcohol,Aldehyde,Carboxylic acid,Ketone,A
Chemistry,Which carbohydrate is used as a storage polysaccharide in plants?,Glycogen,Starch,Cellulose,Chitin,B
Chemistry,What is the functional group in ethers?,-O-,-OH,-COOH,-CHO,A
Chemistry,Which compound is used in the manufacture of soap?,Sodium hydroxide,Potassium hydroxide,Calcium hydroxide,Ammonium hydroxide,A
Chemistry,What is the product when an amine reacts with nitrous acid?,Diazonium salt,Amide,Nitro compound,Alcohol,A
Chemistry,Which polymer is used for making non-stick coatings?,Polytetrafluoroethylene,Polystyrene,Polypropene,Nylon,A
Chemistry,What is the test for the presence of a phenol group?,Neutral FeCl3 test,Bromine test,Tollens' test,Benedict's test,A
Chemistry,Which compound is used as an anesthetic in surgery?,Chloroform,Ether,Ethanol,Methanol,A
Chemistry,What is the product when an alkyne undergoes complete combustion?,CO2 and H2O,CO and H2O,CO2 and H2,CO and H2,A
Chemistry,Which vitamin is synthesized in the skin on exposure to sunlight?,Vitamin A,Vitamin B,Vitamin C,Vitamin D,D
Chemistry,What is the name of the process where glucose is converted to pyruvate?,Glycolysis,Fermentation,Respiration,Photosynthesis,A
Chemistry,Which compound is used as a preservative in food?,Sodium benzoate,Sodium chloride,Sodium bicarbonate,Sodium hydroxide,A
Chemistry,What is the product when an alcohol is oxidized with PCC (pyridinium chlorochromate)?,Aldehyde,Carboxylic acid,Ketone,Alkene,A
Chemistry,Which carbohydrate is a structural polysaccharide in plants?,Starch,Cellulose,Glycogen,Chitin,B
Chemistry,What is the functional group in alkyl halides?,-X (halogen),-OH,-COOH,-NH2,A
Chemistry,Which compound is used in the manufacture of explosives?,Nitroglycerin,Glycerol,Ethanol,Methanol,A
Chemistry,What is the product when benzene undergoes nitration?,Nitrobenzene,Chlorobenzene,Bromobenzene,Aminobenzene,A
Chemistry,Which polymer is used for making rubber tires?,Natural rubber,Polystyrene,Polytheme,Nylon,A
Chemistry,What is the test for the presence of an amino acid?,Ninhydrin test,Biuret test,Benedict's test,Tollens' test,A
Chemistry,Which compound is used as a solvent in dry cleaning?,Tetrachloroethene,Ethanol,Water,Benzene,A
Chemistry,What is the product when an alkene undergoes ozonolysis?,Carbonyl compounds,Alcohols,Carboxylic acids,Alkanes,A
Chemistry,What is the definition of an acid according to the document?,A proton acceptor,A substance that produces hydroxonium ions in aqueous solution,A substance that turns red litmus blue,A compound containing oxygen,B
Chemistry,Which of the following is an example of an organic acid?,Hydrochloric acid,Trioxonitrate(V) acid,Ethanoic acid,Tetraoxosulphate(VI) acid,C
Chemistry,What distinguishes a strong acid from a weak acid?,Strong acids are concentrated, while weak acids are dilute,Strong acids ionize completely, while weak acids ionize partially,Strong acids have a higher pH than weak acids,Strong acids are organic, while weak acids are inorganic,B
Chemistry,What is the basicity of tetraoxosulphate(VI) acid?,1,2,3,4,B
Chemistry,Which physical property is common to all acids?,They turn red litmus blue,They have a bitter taste,They have a sour taste,They are soapy to touch,C
Chemistry,What gas is liberated when acids react with most metals?,Carbon dioxide,Oxygen,Hydrogen,Nitrogen,C
Chemistry,Which of the following methods can be used to prepare an acid?,Dissolving a basic oxide in water,Combining a metal with water,Dissolving an acid anhydride in water,Heating a carbonate,C
Chemistry,What is the pH of a neutral solution?,0,7,14,It depends on the acid,B
Chemistry,If the hydrogen ion concentration of a solution is 1 x 10⁻³ mol/dm³, what is its pH?,1,3,11,13,B
Chemistry,Which of the following best describes a base?,A substance that produces hydroxide ions in water,A proton donor,A substance that turns blue litmus red,A substance with a pH less than 7,A
Chemistry,What is the difference between a base and an alkali?,All alkalis are bases, but not all bases are alkalis,All bases are alkalis, but not all alkalis are bases,Bases are soluble, while alkalis are insoluble,There is no difference; the terms are interchangeable,A
Chemistry,Which of the following is a strong base?,Calcium hydroxide,Ammonia solution,Sodium hydroxide,Aluminium hydroxide,C
Chemistry,What is the product of a neutralization reaction?,Salt and hydrogen gas,Salt and water only,Salt, water, and carbon dioxide,Acid and base,B
Chemistry,Which type of salt is formed when all replaceable hydrogen ions in an acid are replaced by a metal ion?,Acid salt,Basic salt,Normal salt,Double salt,C
Chemistry,What is the general formula for an acid salt?,MCO3,MHCO3,M2CO3,MOH,B
Chemistry,Which of the following salts is insoluble in water?,Sodium chloride,Potassium nitrate,Ammonium carbonate,Silver chloride,D
Chemistry,What process is used to recover a soluble salt that decomposes on heating?,Evaporation to dryness,Decantation,Crystallization,Filtration,C
Chemistry,A hydrated salt is one that:,Does not contain water molecules,Contains water of crystallization,Is always deliquescent,Is efflorescent,B
Chemistry,What term describes a substance that absorbs moisture from the air and forms a solution?,Efflorescent,Hygroscopic,Deliquescent,Anhydrous,C
Chemistry,Which of the following is a crystalline allotrope of carbon?,Charcoal,Coal,Coke,Diamond,D
Chemistry,What property of diamond makes it suitable for use in cutting tools?,It is a good conductor of electricity,It is soft and slippery,It is extremely hard,It has a low density,C
Chemistry,Why is graphite a good conductor of electricity?,It has a high density,It contains free delocalized electrons,It is transparent,It has a giant ionic structure,B
Chemistry,Which of the following is an amorphous form of carbon?,Graphite,Diamond,Lampblack,Fullerene,C
Chemistry,What is the main product when carbon burns in excess oxygen?,Carbon monoxide,Carbon dioxide,Water,Hydrogen gas,B
Chemistry,Which gas is produced when carbon reduces copper(II) oxide?,Carbon dioxide,Carbon monoxide,Oxygen gas,Hydrogen gas,A
Chemistry,How is carbon(IV) oxide typically prepared in the laboratory?,Heating potassium trioxocarbonate(IV),Action of dilute acid on a trioxocarbonate(IV),Heating carbon in air,Burning methane,B
Chemistry,Which method is used to collect carbon(IV) oxide gas?,Upward delivery,Downward delivery,Over water,Using a gas syringe,B
Chemistry,What is observed when carbon(IV) oxide is bubbled through lime water?,The lime water turns blue,The lime water turns milky,The lime water turns red,The lime water becomes warm,B
Chemistry,What is the main use of carbon(IV) oxide in fire extinguishers?,It is flammable,It supports combustion,It is denser than air and does not support combustion,It has a pleasant smell,C
Chemistry,How is carbon(II) oxide prepared from methanoic acid?,By dehydration with concentrated H2SO4,By reaction with water,By heating with limestone,By fermentation,A
Chemistry,Why is carbon(II) oxide considered dangerous?,It is flammable,It has a pleasant smell,It is poisonous and combines irreversibly with haemoglobin,It is a strong acid,C
Chemistry,Which of the following is a use of carbon(II) oxide?,In fire extinguishers,In the extraction of metals,In carbonated drinks,As a refrigerant,B
Chemistry,What is the highest grade of coal with the highest carbon content?,Peat,Lignite,Bituminous,Anthracite,D
Chemistry,What process is used to obtain various products from coal by heating in the absence of air?,Distillation,Cracking,Destructive distillation,Fractional distillation,C
Chemistry,Which of the following is NOT a product of the destructive distillation of coal?,Coal gas,Ammoniacal liquor,Coal tar,Oxygen,D
Chemistry,What is the primary use of coke?,As a fuel and reducing agent in metal extraction,In making jewelry,As a fertilizer,In the food industry,A
Chemistry,What is producer gas a mixture of?,Carbon monoxide and hydrogen,Carbon monoxide and nitrogen,Methane and hydrogen,Carbon dioxide and nitrogen,B
Chemistry,How is water gas produced?,Passing air over red-hot coke,Passing steam over white-hot coke,Heating coal,Distilling crude oil,B
Chemistry,What is the main difference between producer gas and water gas?,Producer gas has a higher calorific value,Water gas has a higher calorific value,Producer gas is a mixture of CO and H2,Water gas is a mixture of CO and N2,B
Chemistry,What is the chemical formula for trioxocarbonate(IV) acid?,H2CO3,H2CO2,HCO3,H3CO3,A
Chemistry,How are soluble trioxocarbonates(IV) like Na2CO3 prepared?,By precipitation,By bubbling CO2 through the corresponding alkali,By direct combination of elements,By heating the metal,B
Chemistry,What is the test for a trioxocarbonate(IV) ion?,It turns lime water milky,It gives a white precipitate with silver nitrate,It liberates ammonia when heated,It decolorizes bromine water,A
Chemistry,What happens when a hydrogen trioxocarbonate(IV) salt is heated?,It melts,It decomposes to give the normal carbonate, water, and CO2,It turns into a gas,It becomes efflorescent,B
Chemistry,What is the primary source of aliphatic hydrocarbons?,Coal,Natural gas and petroleum,Plants and animals,The atmosphere,B
Chemistry,What process is used to separate crude oil into fractions?,Cracking,Reforming,Polymerization,Fractional distillation,D
Chemistry,Which petroleum fraction is used as fuel for jet engines?,Petroleum gas,Petrol,Kerosene,Lubricating oil,C
Chemistry,What is the purpose of cracking in the petroleum industry?,To separate different fractions,To break down large hydrocarbons into smaller ones,To remove impurities,To combine small hydrocarbons into larger ones,B
Chemistry,What is the octane number of 2,2,4-trimethylpentane (iso-octane)?,0,50,100,-10,C
Chemistry,What is a petrochemical?,A chemical derived from plants,A chemical derived from petroleum,A type of fuel,A type of metal ore,B
Chemistry,Which of the following is a heavy chemical?,A perfume,A drug,Sulphuric acid,A pesticide,C
Chemistry,What is the primary raw material for the plastic industry?,Coal,Natural gas,Ethene from petroleum,Sodium chloride,C
Chemistry,Which industry produces substances like NH4NO3 and urea?,Paint industry,Fertilizer industry,Pharmaceutical industry,Cement industry,B
Chemistry,What is the main component of natural gas?,Ethane,Propane,Methane,Butane,C
Chemistry,Which of the following is a fine chemical?,Sodium hydroxide,Sulphuric acid,A laboratory reagent,Ammonia,C
Physics,The S.I. unit of heat is _____.,joule,calorie,newton,watt,A
Physics,The S.I. unit of temperature is _____.,degree Celsius,kelvin,centigrade,fahrenheit,B
Physics,The instrument used to measure temperature is the _____.,thermometer,barometer,hygrometer,manometer,A
Physics,The fixed points on the Celsius scale are based on _____.,boiling and freezing points of water,melting and sublimation points,room temperature and pressure,boiling and condensation points,A
Physics,The ice point on the Celsius scale is _____.,0°C,100°C,273°C,37°C,A
Physics,The steam point on the Celsius scale is _____.,0°C,100°C,37°C,212°C,B
Physics,Temperature is a measure of the _____.,degree of hotness or coldness,quantity of heat,amount of energy,pressure of a gas,A
Physics,Heat is a form of _____.,energy,matter,light,force,A
Physics,When a body absorbs heat, its temperature _____.,increases,decreases,remains constant,disappears,A
Physics,When a body loses heat, its temperature _____.,increases,decreases,remains constant,freezes,B
Physics,The process by which heat is transferred through a metal rod is called _____.,conduction,convection,radiation,reflection,A
Physics,The process by which heat is transferred through a fluid is called _____.,convection,conduction,radiation,evaporation,A
Physics,The process by which heat is transferred without a medium is called _____.,radiation,conduction,convection,evaporation,A
Physics,Metals are good conductors of heat because they contain _____.,free electrons,atoms,protons,ions,A
Physics,In a vacuum flask, heat loss by conduction is prevented by _____.,glass stopper,air gap,silvered surface,plastic cover,B
Physics,In a vacuum flask, heat loss by radiation is prevented by _____.,silvered surface,air gap,plastic lid,double wall,A
Physics,In a vacuum flask, heat loss by convection is prevented by _____.,vacuum,metallic cover,silvered surface,plastic cork,A
Physics,The S.I. unit of specific heat capacity is _____.,J/kgK,J/kg,J/K,W/kg,B
Physics,Specific heat capacity is defined as the quantity of heat required to raise the temperature of _____.,1 kg of a substance by 1 K,1 g of a substance by 1 K,1 kg of water by 100 K,1 kg of a substance by 10 K,A
Physics,The heat energy required to change a solid to liquid at constant temperature is called _____.,latent heat of fusion,latent heat of vaporization,specific heat,conduction,A
Physics,The latent heat of vaporization refers to the heat needed to _____.,change liquid to gas,change solid to liquid,boil water to 50°C,heat a solid substance,A
Physics,The S.I. unit of latent heat is _____.,J/kg,J/K,J,W,A
Physics,Evaporation takes place at _____.,all temperatures,100°C,0°C,high temperature only,A
Physics,Boiling takes place at _____.,a fixed temperature,all temperatures,low temperature,changing temperature,A
Physics,Evaporation causes cooling because _____.,the faster molecules escape,heat is produced,temperature increases,liquid expands,A
Physics,Expansion of solids when heated is due to _____.,increase in molecular motion,chemical reaction,increase in mass,decrease in pressure,A
Physics,The expansion of a solid depends on _____.,the nature of the material,the color of the solid,its weight,its density,A
Physics,The rise in the level of mercury in a thermometer is due to _____.,expansion of mercury,pressure of gas,contraction of glass,temperature drop,A
Physics,A bimetallic strip bends when heated because the metals _____.,expand unequally,are different in color,contract equally,are similar,A
Physics,The expansion of liquids is measured using _____.,dilatometers,thermometers,barometers,calorimeters,A
Physics,The S.I. unit of linear expansivity is _____.,K⁻¹,J/kgK,m/s,K,A
Physics,The linear expansivity of a material depends on _____.,its nature and temperature change,its size only,its color,its density,A
Physics,An example of expansion in everyday life is _____.,cracking of glass in hot water,rust formation,evaporation of water,boiling of water,A
Physics,A thermostat works on the principle of _____.,bimetallic strip expansion,evaporation,heat radiation,reflection of heat,A
Physics,When a metal ring is heated, the hole in it _____.,expands,contracts,remains same,disappears,A
Physics,The quantity of heat gained or lost by a body is given by _____.,Q = mcΔθ,Q = mgh,Q = pt,Q = mv²,A
Physics,The specific heat capacity of water is approximately _____.,4200 J/kgK,1000 J/kgK,2100 J/kgK,8000 J/kgK,A
Physics,The specific latent heat of fusion of ice is approximately _____.,3.36 × 10⁵ J/kg,2.1 × 10³ J/kg,4.2 × 10³ J/kg,1.0 × 10⁵ J/kg,A
Physics,The specific latent heat of vaporization of steam is approximately _____.,2.26 × 10⁶ J/kg,4.2 × 10³ J/kg,3.36 × 10⁵ J/kg,1.0 × 10⁴ J/kg,A
Physics,When ice melts at 0°C, its temperature remains constant because _____.,heat is used to change its state,heat is lost to the air,temperature cannot rise,heat escapes quickly,A
Physics,When water boils, its temperature remains constant because _____.,heat is used to change its state,steam escapes,pressure increases,temperature drops,A
Physics,The device used to measure the quantity of heat is called a _____.,calorimeter,thermometer,barometer,voltmeter,A
Physics,The transfer of heat through space is called _____.,radiation,conduction,convection,expansion,A
Physics,The polished surface of a vacuum flask reduces heat loss by _____.,radiation,conduction,convection,evaporation,A
Physics,The property of a material that resists heat flow is called _____.,thermal resistance,thermal conductivity,heat capacity,expansivity,A
Physics,The higher the thermal conductivity of a material, the _____ it conducts heat.,faster,slower,less efficiently,poorer,A
Physics,A poor conductor of heat is called a _____.,insulator,transmitter,conductor,absorber,A
Physics,An example of a good conductor of heat is _____.,copper,wood,plastic,glass,A
Physics,An example of an insulator is _____.,rubber,aluminum,silver,copper,A
Physics,The process by which heat energy moves from the sun to the earth is _____.,radiation,conduction,convection,expansion,A
Chemistry,What is the primary source of organic acids?,Mineral elements,Plants and animal materials,Inorganic matter,Synthetic processes,B
Chemistry,Which of the following acids is monobasic?,H2SO4,H3PO4,HNO3,H2CO3,C
Chemistry,What happens when a dilute acid reacts with a trioxocarbonate(IV) salt?,Salt and hydrogen gas are produced,Salt, water and carbon dioxide are produced,Only salt is produced,The solution turns blue,B
Chemistry,Which of the following is a property of alkalis?,They turn red litmus blue,They have a sour taste,They are corrosive to skin,They produce H+ ions in water,A
Chemistry,What is formed when an alkali reacts with an ammonium salt?,Salt and hydrogen gas,Salt, water and ammonia gas,Only salt is produced,Water and carbon dioxide,B
Chemistry,Which type of salt contains water molecules loosely attached to its structure?,Anhydrous salt,Efflorescent salt,Deliquescent salt,Hydrated salt,D
Chemistry,What is the process called when a hydrated salt loses its water of crystallization on exposure to air?,Deliquescence,Efflorescence,Hygroscopy,Hydrolysis,B
Chemistry,Which of the following is a use of calcium trioxocarbonate(IV)?,As a fuel,In making cement,As a drying agent,In fire extinguishers,B
Chemistry,What is the main reason graphite is used as a lubricant?,It has a high density,It is a good conductor,Its layers can slide over each other,It is very hard,C
Chemistry,Which of the following statements about diamond is correct?,It conducts electricity,It has a low melting point,It is the hardest natural substance,It is soft and slippery,C
Chemistry,What is produced when carbon reduces iron(III) oxide?,Iron and carbon dioxide,Iron and carbon monoxide,Iron and water,Iron and oxygen,B
Chemistry,Which gas is used in fire extinguishers because it does not support combustion?,Carbon(II) oxide,Producer gas,Carbon(IV) oxide,Water gas,C
Chemistry,What is the chemical test for carbon(IV) oxide?,It turns lime water milky,It burns with a pop sound,It decolorizes bromine water,It turns cobalt chloride paper pink,A
Chemistry,Why is carbon(II) oxide dangerous to humans?,It supports combustion,It is highly flammable,It combines with haemoglobin in blood,It has a strong odor,C
Chemistry,Which type of coal has the highest carbon content?,Peat,Lignite,Bituminous,Anthracite,D
Chemistry,What is the liquid product obtained from destructive distillation of coal?,Coal gas,Ammoniacal liquor,Coke,Producer gas,B
Chemistry,Which fuel gas is a mixture of carbon monoxide and nitrogen?,Water gas,Producer gas,Natural gas,Coal gas,B
Chemistry,What is the main component of natural gas?,Ethane,Propane,Methane,Butane,C
Chemistry,Which process increases the octane rating of petrol?,Cracking,Reforming,Fractional distillation,Destructive distillation,B
Chemistry,What is the octane number of n-heptane?,0,50,100,25,A
Chemistry,Which industry produces substances like paints and dyes?,Fertilizer industry,Pharmaceutical industry,Paint industry,Plastic industry,C
Chemistry,What is the primary raw material for the manufacture of cement?,Clay and limestone,Coal and water,Petroleum and air,Sand and salt,A
Chemistry,Which of the following is a fine chemical?,Sulphuric acid,Sodium hydroxide,A laboratory reagent,Ammonia gas,C
Chemistry,What is the main use of fertilizers?,To cure diseases,To increase agricultural production,As building materials,As fuel additives,B
Chemistry,Which substance is used as an electrolyte in lead-acid accumulators?,Hydrochloric acid,Sulphuric acid,Nitric acid,Ethanoic acid,B
Chemistry,What is the pH range of an alkaline solution?,0-6,7,8-14,1-14,C
Chemistry,Which salt is used as a laxative in medicine?,Sodium chloride,Calcium carbonate,Magnesium sulphate,Ammonium chloride,C
Chemistry,What happens when sodium hydrogen trioxocarbonate(IV) is heated?,It melts,It decomposes to sodium carbonate, water and CO2,It turns into a gas,It becomes deliquescent,B
Chemistry,Which of the following is an example of a complex salt?,Sodium chloride,Potassium alum,Calcium carbonate,Ammonium nitrate,B
Chemistry,What is the chemical formula for ammoniacal liquor?,NH4Cl,NH4OH,NH3,H2O,B
Chemistry,Which petroleum fraction is used in making candles and polishes?,Petrol,Kerosene,Lubricating oil,Bitumen,C
Chemistry,What is the process of breaking down large hydrocarbon molecules into smaller ones called?,Reforming,Polymerization,Cracking,Fractional distillation,C
Chemistry,Which element is added to petrol to prevent knocking?,Lead tetraethyl,Sodium chloride,Calcium carbonate,Ammonia gas,A
Chemistry,What is the primary raw material for the plastic industry?,Coal,Natural gas,Ethene,Water,C
Chemistry,Which industry produces drugs and medicines?,Fertilizer industry,Pharmaceutical industry,Paint industry,Cement industry,B
Chemistry,What is the main component of coal gas?,Methane and hydrogen,Carbon monoxide and nitrogen,Carbon dioxide and oxygen,Hydrogen and oxygen,A
Chemistry,Which of the following is a property of acids?,They turn blue litmus red,They feel soapy,They have a bitter taste,They are insoluble in water,A
Chemistry,What is the basicity of ethanoic acid?,1,2,3,4,A
Chemistry,Which gas is produced when acids react with trioxocarbonates(IV)?,Hydrogen,Oxygen,Carbon dioxide,Nitrogen,C
Chemistry,What is the pH of a solution with hydrogen ion concentration of 1×10⁻¹¹ mol/dm³?,1,3,11,13,C
Chemistry,Which of the following is a strong base?,Ammonia solution,Calcium hydroxide,Sodium hydroxide,Aluminium hydroxide,C
Chemistry,What is the product of neutralization between HCl and NaOH?,NaCl and H2O,NaCl and H2,NaOH and Cl2,Na and ClOH,A
Chemistry,Which salt is insoluble in water?,Sodium nitrate,Potassium chloride,Silver chloride,Ammonium carbonate,C
Chemistry,What is the term for substances that absorb moisture from air without dissolving?,Efflorescent,Deliquescent,Hygroscopic,Anhydrous,C
Chemistry,Which allotrope of carbon is used in pencils?,Diamond,Graphite,Charcoal,Coke,B
Chemistry,What is the main use of carbon(IV) oxide in the food industry?,As a fuel,As a refrigerant,In carbonated drinks,In making explosives,C
Chemistry,Which type of cracking uses a catalyst?,Thermal cracking,Catalytic cracking,Steam cracking,Fractional cracking,B
Chemistry,What is the primary raw material for the fertilizer industry?,Petroleum,Coal,Ammonia,Graphite,C
Chemistry,Which chemical industry produces items like PVC pipes?,Plastic industry,Pharmaceutical industry,Paint industry,Fertilizer industry,A
Physics,The process where Ultra Violet rays cause certain materials to visibly glow is known as what?,Refraction,Dispersion,Fluorescence,Luminescence,C
Physics,Which detector is specifically mentioned in the document for the detection of Gamma rays?,Thermometer,Photographic film,Geiger-Muller tube,Photo electric cell,C
Physics,Microwaves, the shortest of the radio waves, are commonly used in which application?,Sterilizing medical equipment,Radar and cooking,Destroying malignant growths,Observing crystal structures,B
Physics,X-rays are primarily used in hospitals for which diagnostic purpose?,Treating muscular problems,Inspecting broken bones,Measuring blood pressure,Detecting heat radiation,B
Physics,In the visible spectrum, which color of light possesses the longest wavelength?,Blue,Violet,Yellow,Red,DPhysics,Which statement accurately describes the orientation of the electric and magnetic forces in an electromagnetic wave?,They are parallel to each other and the direction of travel,They are perpendicular to each other and the direction of travel,They are parallel to each other but perpendicular to the direction of travel,They are perpendicular to each other but parallel to the direction of travel,B
Physics,Infra-red rays are useful to soldiers fighting in darkness through the use of which technology?,Infra-red signaling lamps,Ultraviolet lamps,Geiger-Muller tubes,X-ray machines,A
Physics,Which property of X-rays allows them to pass through substances opaque to white light?,Diffraction by crystals,Ionizing ability,Penetrating effect,Unaffected by magnetic fields,C
Physics,The use of Infra-red lamps to dry paints on painted items in manufacturing industries is an example of which process?,Heating,$P-N$ junction,Fluorescence,Polarization,A
Physics,A radio set, television set, or aerials are commonly used as detectors for which type of electromagnetic radiation?,X-rays,Infra-red rays,Visible rays,Radio waves,D
Physics,Gravitational field intensity is defined as the force per unit of which quantity placed at that point?,Acceleration,Distance,Mass,Velocity,CPhysics,What is the standard S.I. unit for Gravitational Field Intensity?,Newton-meter ($\text{Nm}$),Joule per kilogram ($\text{Jkg}^{-1}$),Newton per kilogram ($\text{N/kg}$),Kilogram-meter per second squared ($\text{kgm/s}^2$),C
Physics,The force of attraction between two particles, as described by Newton's Law of Universal Gravitation, is inversely proportional to the:,Cube of the distance between them,Square of the distance between them,Product of their masses,Sum of their masses,B
Physics,The Gravitational Potential at a point is the work done in taking a unit mass from:,The surface of the earth to that point,The center of the mass to that point,Infinity to that point,That point to the surface of the earth,C
Physics,The negative sign in the gravitational potential equation ($V = -Gm/r$) indicates that:,The potential is a vector quantity,Gravitational force is repulsive,The potential close to the mass is higher than at infinity,The potential at infinity (zero) is higher than the potential close to the mass,D
Physics,The minimum velocity required for an object to permanently leave the gravitational influence of an astronomical body is known as:,Terminal velocity,Orbital velocity,Initial velocity,Escape velocity,D
Physics,For a satellite in a circular orbit, the Potential Energy is related to its Kinetic Energy by the fact that:,PE is equal to KE,PE is half of KE,PE is twice KE and of the opposite sign,PE is four times KE,CPhysics,In the equation $g = GM/r^2$, what does M represent if $g$ is the gravitational field intensity due to a body?,Mass of a test object,Universal Gravitational Constant,Mass of the body exerting the force,Radius of the orbit,C
Physics,The Gravitational Potential is a:,Scalar quantity,Vector quantity,Tensor quantity,Unitless quantity,A
Physics,Gravitation is the force of attraction exerted by a body on all other bodies in the universe and primarily holds together:,Air molecules,Chemical bonds,Planets, stars and galaxies,Magnetic fields,C
Physics,How does the kinetic energy of a satellite in orbit change as the radius of its orbit decreases?,It increases,It decreases,It remains the same,It becomes zero,APhysics,The total energy of a satellite in orbit is equal in magnitude to its:,Potential energy,Centripetal force,Escape velocity,Kinetic energy,D
Physics,An electric field is defined as a region of space which surrounds a system of electric charges where electrical forces will act on a:,Unit negative charge,Neutral particle,Stationary object,Electric charge,D
Physics,The fundamental law of electrostatics states that:,Opposite poles repel,Like charges attract,Like charges repel,Masses attract each other,C
Physics,Coulomb's Law states that the force of attraction or repulsion between two charges is directly proportional to the:,Inverse of the distance between them,Square of the distance between them,Product of the two charges,Square of the product of the charges,C
Physics,The S.I. unit for the permittivity of free space ($\epsilon_o$) is:,Farad ($\text{F}$),Farad per meter ($\text{F/m}$),Coulomb per Newton ($\text{C/N}$),Volt ($\text{V}$),BPhysics,Electric Field Intensity ($E$) at any point in an electric field is the force experienced by a:,Unit negative test charge at that point,Unit positive test charge at that point,Total charge within the field,Electron,B
Physics,What is the S.I. unit for Electric Field Intensity ($E$)?,Joule per Coulomb ($\text{J/C}$),Volt per second ($\text{V/s}$),Newton per Coulomb ($\text{N/C}$),Coulomb per Meter ($\text{C/m}$),CPhysics,Electric Potential ($V$) at a point is the work done in bringing a unit positive charge from infinity to that point. The mathematical formula is:,$$V=q/W$$,$$V=W/q$$,$$V=qW$$,$$V=q^2/W$$,BPhysics,The potential of the earth is generally considered to be:,Negative,Positive,Zero,Infinitely high,C
Physics,The potential difference between any two points in an electric field is the work done in taking which of the following from one point to another in the field?,An electron,A unit negative charge,A neutral charge,A unit positive charge,DPhysics,The unit of energy known as the electron volt ($\text{eV}$) is the energy gained by an electron accelerating through a potential difference of:,One Ampere,One Joule,One Volt,One Coulomb,C
Physics,Which factor does NOT affect the capacitance of a parallel plate capacitor?,The area of the plates,The separation distance between the plates,The permittivity of the dielectric material,The material the plates are made of,D
Physics,A cell that can be recharged by passing current backwards through it is called a:,Primary cell,Secondary cell,Fuel cell,Simple voltaic cell,B
Physics,The defect in a simple cell caused by the collection of hydrogen bubbles at the positive electrode is called:,Local action,Polarization,Electrolysis,Amalgamation,BPhysics,Which substance is mentioned in the document as a depolarizer used to correct the defect caused by hydrogen bubbles in a cell?,Sulfuric acid ($\text{H}_2\text{SO}_4$),Mercury,Manganese oxide,Zinc chloride,C
Physics,The defect known as local action in a simple cell, caused by impurities in the zinc plate, can be prevented by:,Increasing the electrolyte concentration,Using a different positive electrode,Amalgamating the zinc with mercury,Connecting cells in series,C
Physics,The three states of matter are _____.,solid, liquid and gas,solid, gas and plasma,solid, water and air,metal, wood and gas,A
Physics,The kinetic theory of matter states that matter is made up of _____.,tiny particles in constant motion,continuous mass,molecules at rest,atoms without energy,A
Physics,The pressure of a gas is due to _____.,collisions of gas molecules with container walls,weight of gas molecules,heat of the gas,random motion of particles,A
Physics,The volume of a gas is the same as _____.,the volume of its container,the mass of the gas,the temperature of the gas,the pressure of the gas,A
Physics,The temperature of a gas is related to the _____ of its molecules.,average kinetic energy,chemical energy,potential energy,gravitational force,A
Physics,Boyle’s law states that at constant temperature, the pressure of a gas is _____ proportional to its volume.,inversely,directly,equally,not,A
Physics,The mathematical expression for Boyle’s law is _____.,P₁V₁ = P₂V₂,P₁/T₁ = P₂/T₂,V₁/T₁ = V₂/T₂,P = kV,B
Physics,Charles’ law states that at constant pressure, the volume of a gas is _____ proportional to its absolute temperature.,directly,inversely,equally,not,A
Physics,The mathematical expression for Charles’ law is _____.,V₁/T₁ = V₂/T₂,P₁V₁ = P₂V₂,P/T = k,PV = nRT,A
Physics,The Kelvin temperature is related to Celsius by _____.,K = °C + 273,K = °C − 273,K = °C × 273,K = °C ÷ 273,A
Physics,The volume of a gas becomes zero at _____.,−273°C,0°C,273°C,100°C,A
Physics,The temperature −273°C is called the _____.,absolute zero,normal temperature,freezing point,critical temperature,A
Physics,At absolute zero, the particles of a gas _____.,have minimum energy and stop moving,move faster,have maximum energy,collide more,A
Physics,The S.I. unit of pressure is _____.,pascal,newton,joule,dyne,A
Physics,1 atmosphere is equal to _____.,1.013 × 10⁵ Pa,101.3 Pa,10.13 Pa,1000 Pa,A
Physics,The instrument used to measure pressure in gases is the _____.,manometer,thermometer,barometer,hygrometer,A
Physics,The instrument used to measure atmospheric pressure is the _____.,barometer,thermometer,ammeter,manometer,A
Physics,The simple mercury barometer was invented by _____.,Torricelli,Boyle,Newton,Pascal,A
Physics,The height of mercury in a barometer at sea level is _____.,76 cm,50 cm,100 cm,60 cm,A
Physics,The Boyle’s law graph of pressure against volume gives a _____ curve.,hyperbolic,straight,parabolic,circular,A
Physics,The graph of volume against 1/pressure gives a _____ line.,straight,curved,vertical,parabolic,A
Physics,When a gas is compressed, its temperature _____.,increases,decreases,remains constant,falls sharply,A
Physics,The pressure of a gas increases when its volume _____.,decreases,increases,remains constant,doubles,A
Physics,Charles’ law shows that gases expand when _____.,heated,cooled,compressed,frozen,A
Physics,At constant temperature, the product of pressure and volume is _____.,constant,variable,zero,proportional to time,A
Physics,The S.I. unit of volume is _____.,m³,cm³,litre,kg,A
Physics,The S.I. unit of temperature in gas laws is _____.,kelvin,celsius,fahrenheit,degree,B
Physics,The ideal gas equation is expressed as _____.,PV = nRT,P₁V₁/T₁ = P₂V₂/T₂,P = F/A,Q = mcΔT,A
Physics,In the ideal gas equation, R represents the _____.,gas constant,specific gas volume,pressure ratio,thermal coefficient,A
Physics,The value of the universal gas constant R is _____.,8.31 J/mol·K,10 J/mol·K,273 J/mol·K,100 J/mol·K,A
Physics,The combined gas law equation is _____.,P₁V₁/T₁ = P₂V₂/T₂,P₁V₁ = P₂V₂,V₁/T₁ = V₂/T₂,P/T = V,A
Physics,The pressure of a gas is directly proportional to its _____.,temperature in kelvin,temperature in °C,volume in m³,mass,B
Physics,The kinetic energy of gas molecules increases when _____.,temperature increases,temperature decreases,volume decreases,pressure decreases,A
Physics,The density of a gas is _____ proportional to its volume.,inversely,directly,not,equally,A
Physics,The average kinetic energy of gas molecules is proportional to the _____.,absolute temperature,pressure,volume,mass,A
Physics,Avogadro’s law states that equal volumes of gases under the same conditions contain _____.,equal number of molecules,unequal number of atoms,different densities,different masses,A
Physics,The molar volume of a gas at standard temperature and pressure is _____.,22.4 dm³,273 cm³,76 cm³,1 m³,A
Physics,The pressure of a gas depends on _____.,temperature,volume,number of molecules,all of the above,D
Physics,The unit of the gas constant R in PV = nRT is _____.,J/mol·K,N/m²,Pa·m³/kg,J/kg·K,A
Physics,One mole of gas contains _____ molecules.,6.02 × 10²³,1.00 × 10³,3.14 × 10⁸,1.00 × 10⁶,A
Physics,When the temperature of a gas doubles, its average molecular speed _____.,increases,remains constant,decreases,halves,A
Physics,The pressure of a gas decreases when its temperature is _____.,reduced,increased,constant,raised,A
Physics,At constant volume, the pressure of a gas is directly proportional to its _____.,temperature,volume,density,mass,A
Physics,A graph of pressure against temperature (in Kelvin) gives a _____ line.,straight,curved,vertical,parabolic,A
Physics,The gas law that combines Boyle’s and Charles’ laws is the _____.,general gas law,Avogadro’s law,Gay-Lussac’s law,Pascal’s principle,A
Physics,The unit of density of a gas is _____.,kg/m³,N/m³,J/kg,Pa,A
Physics,The motion of tiny particles in a fluid due to collisions is called _____.,Brownian motion,random motion,elastic collision,vibration,A
Physics,Brownian motion provides evidence for the _____.,kinetic theory of matter,gravitational theory,newton’s law,atomic weight,A
Physics,An ideal gas is one that obeys _____.,all the gas laws perfectly,only Boyle’s law,only Charles’ law,none of the above,A
Physics,Real gases behave like ideal gases at _____.,low pressure and high temperature,high pressure and low temperature,room temperature only,very low volume,A
Physics,The area under the pressure-volume graph represents the _____.,work done,temperature,force,heat capacity,A
Physics,In gases, diffusion occurs _____.,rapidly,slowly,not at all,only when cooled,A
Physics,The process by which gases mix due to random motion is called _____.,diffusion,convection,compression,condensation,A
Physics,The Kelvin temperature scale starts at _____.,absolute zero,0°C,100°C,273°C,A
Physics,In Boyle’s law, when pressure doubles, volume _____.,halves,doubles,remains same,quadruples,A
Physics,At constant pressure, the graph of volume against temperature is a _____ line.,straight,curved,zigzag,vertical,A
Physics,The law that relates pressure, volume and temperature of a fixed mass of gas is the _____.,general gas law,Boyle’s law,Charles’ law,Avogadro’s law,A
Physics,The energy possessed by gas molecules due to motion is called _____.,kinetic energy,potential energy,heat energy,mechanical energy,A
Physics,When a gas is heated, its molecules move _____.,faster,slower,randomly,less,A
Physics,The temperature at which molecular motion stops is called _____.,absolute zero,critical point,boiling point,freezing point,A
Chemistry,What is the chemical formula for tetraoxosulphate(VI) acid?,H2SO3,H2SO4,HNO3,HCl,B
Chemistry,Which of the following is a characteristic of a concentrated acid?,It contains a large amount of water,It contains a small amount of water,It has a low concentration of H+ ions,It turns blue litmus red,B
Chemistry,What is the basicity of an acid that has three replaceable hydrogen ions?,1,2,3,4,C
Chemistry,Which of the following turns blue litmus paper red?,Sodium hydroxide solution,Calcium hydroxide solution,Ethanoic acid solution,Ammonia solution,C
Chemistry,What gas is produced when dilute hydrochloric acid reacts with zinc?,Chlorine,Oxygen,Hydrogen,Nitrogen,C
Chemistry,Which method of acid preparation involves dissolving an acid anhydride in water?,Combination of elements,Displacement from salts,Using an acid anhydride,Precipitation,C
Chemistry,What is the pH of a solution with a hydrogen ion concentration of 1×10⁻⁵ mol/dm³?,5,9,7,14,A
Chemistry,Which of the following is a weak base?,Sodium hydroxide,Potassium hydroxide,Calcium oxide,Ammonia solution,D
Chemistry,What is the product when magnesium oxide reacts with nitric acid?,Magnesium nitrate and water,Magnesium nitride and oxygen,Magnesium and nitrogen,Magnesium hydroxide and nitrite,A
Chemistry,Which type of salt turns red litmus blue?,Normal salt,Acid salt,Basic salt,Double salt,C
Chemistry,What is the solubility rule for all sodium salts?,They are insoluble,They are soluble,They are slightly soluble,They decompose in water,B
Chemistry,Which salt is used as a drying agent for gases?,Sodium chloride,Calcium chloride,Silver chloride,Lead chloride,B
Chemistry,What is the process of converting a soluble salt to crystals called?,Evaporation,Decantation,Crystallization,Filtration,C
Chemistry,Which of the following is an example of a hydrated salt?,NaCl,KNO3,CuSO4·5H2O,AgNO3,C
Chemistry,What term describes sodium trioxocarbonate(IV) decahydrate when it loses water on exposure to air?,Deliquescence,Efflorescence,Hygroscopy,Hydrolysis,B
Chemistry,Which allotrope of carbon has a tetrahedral structure?,Graphite,Diamond,Charcoal,Lampblack,B
Chemistry,Why is graphite used in nuclear reactors?,It is a good lubricant,It is a good conductor,It slows down neutrons,It is transparent,C
Chemistry,What is the main impurity in coal?,Oxygen,Nitrogen,Sulphur,Hydrogen,C
Chemistry,Which form of carbon is used in gas masks to absorb poisonous gases?,Diamond,Graphite,Charcoal,Coke,C
Chemistry,What is the product when carbon burns in a limited supply of air?,Carbon dioxide,Carbon monoxide,Water,Hydrogen gas,B
Chemistry,How is carbon(IV) oxide commercially produced as a by-product?,From fermentation,From burning coal,From cracking petroleum,From electrolysis,A
Chemistry,What is observed when excess CO2 is bubbled through lime water?,Permanent milkyness,The milkiness disappears,A yellow precipitate,No change,B
Chemistry,Which gas is produced by the dehydration of methanoic acid?,CO2,CO,H2,CH4,B
Chemistry,What is the main use of producer gas?,In chemical synthesis,As a fuel in furnaces,In carbonated drinks,As an anesthetic,B
Chemistry,Which type of coal has the lowest carbon content?,Anthracite,Bituminous,Lignite,Peat,D
Chemistry,What is the solid residue left after destructive distillation of coal?,Coal tar,Coal gas,Ammoniacal liquor,Coke,D
Chemistry,Which fuel gas has the highest calorific value?,Producer gas,Water gas,Coal gas,Natural gas,B
Chemistry,What is the chemical formula for trioxocarbonate(IV) ion?,CO3²⁻,HCO3⁻,CO2,H2CO3,A
Chemistry,How is sodium trioxocarbonate(IV) prepared in the laboratory?,By precipitation,By bubbling CO2 through NaOH,By direct combination,By heating NaHCO3,B
Chemistry,What is the test for hydrogen trioxocarbonate(IV) ion?,It gives CO2 with acids,It turns lime water milky,It liberates ammonia,It decolorizes bromine,A
Chemistry,What happens when potassium hydrogen trioxocarbonate(IV) is heated?,It melts,It decomposes to K2CO3, H2O and CO2,It turns into a gas,It becomes deliquescent,B
Chemistry,What is the primary source of aromatic hydrocarbons?,Coal tar,Petroleum,Natural gas,Plants,A
Chemistry,Which petroleum fraction has the lowest boiling point?,Lubricating oil,Kerosene,Petrol,Petroleum gas,D
Chemistry,What is the main purpose of fractional distillation of crude oil?,To break down molecules,To separate into fractions,To remove impurities,To increase octane number,B
Chemistry,Which process converts straight-chain hydrocarbons to branched-chain ones?,Cracking,Reforming,Polymerization,Distillation,B
Chemistry,What is the octane number of a fuel that causes severe knocking?,0,50,100,25,A
Chemistry,Which of the following is a petrochemical?,Ethanol from fermentation,Methane from natural gas,Benzene from coal tar,All of the above,D
Chemistry,What is the primary raw material for the soap industry?,Petroleum,Animal fat or vegetable oil,Coal,Natural gas,B
Chemistry,Which industry produces substances like antibiotics and vaccines?,Fertilizer industry,Pharmaceutical industry,Paint industry,Plastic industry,B
Chemistry,What is the main component of cement?,Clay and limestone,Sand and water,Gypsum and salt,Coal and oil,A
Chemistry,Which of the following is a heavy chemical?,A perfume,A laboratory reagent,Sulphuric acid,A drug,C
Chemistry,What is the pH of a solution with hydroxide ion concentration of 1×10⁻³ mol/dm³?,3,11,7,14,B
Chemistry,Which salt is used in dry cells as an electrolyte?,Sodium chloride,Ammonium chloride,Calcium carbonate,Silver nitrate,B
Chemistry,What is the chemical name for baking soda?,Sodium carbonate,Sodium hydrogen trioxocarbonate(IV),Sodium trioxocarbonate(IV),Sodium chloride,B
Chemistry,Which property makes diamond suitable for jewelry?,Its hardness,Its electrical conductivity,Its refractive index,Its solubility,C
Chemistry,What is the main use of carbon black?,As a lubricant,In printer's ink,As a fuel,In nuclear reactors,B
Chemistry,Which gas is produced when calcium trioxocarbonate(IV) reacts with dilute HCl?,Hydrogen,Oxygen,Carbon dioxide,Nitrogen,C
Chemistry,What is the chemical test for carbon(II) oxide?,It turns lime water milky,It burns with a blue flame,It has no effect on lime water,It decolorizes bromine,B
Chemistry,Which product from destructive distillation of coal is used in making dyes?,Coal gas,Ammoniacal liquor,Coal tar,Coke,C
Chemistry,What is the primary composition of water gas?,CO and H2,CO and N2,CH4 and H2,CO2 and H2,A
Chemistry,Which process increases the yield of petrol from heavy oil fractions?,Reforming,Cracking,Polymerization,Distillation,B
Chemistry,What is the primary raw material for the Haber process?,Oxygen,Nitrogen,Hydrogen,Carbon,B
Chemistry,Which industry is associated with the production of urea?,Fertilizer industry,Pharmaceutical industry,Plastic industry,Paint industry,A
Physics,The flow of electric charge through a conductor is called _____.,current,voltage,resistance,power,A
Physics,The S.I. unit of electric current is _____.,ampere,volt,ohm,watt,A
Physics,Electric current is measured using a _____.,ammeter,voltmeter,ohmmeter,galvanometer,A
Physics,Potential difference is measured in _____.,volts,amperes,ohms,joules,A
Physics,The S.I. unit of potential difference is _____.,volt,ampere,ohm,newton,A
Physics,The instrument used to measure potential difference is a _____.,voltmeter,ammeter,ohmmeter,thermometer,A
Physics,The device used to measure electrical resistance is the _____.,ohmmeter,voltmeter,ammeter,galvanometer,A
Physics,The S.I. unit of resistance is the _____.,ohm,volt,ampere,joule,A
Physics,Ohm’s law states that the current in a conductor is directly proportional to the _____.,voltage across it,temperature,resistance,charge,A
Physics,The mathematical expression for Ohm’s law is _____.,V = IR,P = IV,Q = It,W = Pt,A
Physics,In Ohm’s law, V represents _____.,potential difference,current,resistance,voltage and resistance together,A
Physics,The resistance of a conductor is given by _____.,R = ρL/A,R = A/L,ρ = RA/L,R = 1/ρL,A
Physics,The S.I. unit of resistivity (ρ) is _____.,ohm metre,ohm per metre,ohm/second,volt metre,A
Physics,The resistance of a wire increases with _____.,length,length and temperature,decrease in length,decrease in temperature,B
Physics,The resistance of a wire decreases with _____.,increase in cross-sectional area,decrease in cross-sectional area,increase in temperature,decrease in length,A
Physics,A resistor is used in a circuit to _____.,limit the current,increase voltage,store charge,produce heat,A
Physics,When resistors are connected in series, the total resistance is _____ the sum of the individual resistances.,equal to,less than,greater than,inversely proportional to,A
Physics,When resistors are connected in parallel, the total resistance is _____ than any of the resistors.,less,greater,equal,double,A
Physics,The S.I. unit of electric charge is _____.,coulomb,ampere,volt,newton,A
Physics,One coulomb is the charge that passes when a current of one ampere flows for _____.,one second,one minute,one hour,ten seconds,A
Physics,The relationship between charge, current and time is _____.,Q = It,P = IV,V = IR,E = Pt,A
Physics,An electric circuit is a _____.,path through which current flows,path of air,closed magnetic field,voltage supply only,A
Physics,A cell converts _____ energy into electrical energy.,chemical,thermal,mechanical,light,A
Physics,A battery is a combination of _____.,cells,capacitors,resistors,wires,A
Physics,A dry cell is a type of _____.,electrochemical cell,wet cell,voltaic pile,solar cell,A
Physics,The S.I. unit of electric power is the _____.,watt,joule,volt,ampere,A
Physics,Power is defined as the rate of doing _____.,work,energy,force,current,A
Physics,The relationship between power, voltage and current is _____.,P = IV,V = IR,Q = It,E = Pt,A
Physics,Electrical energy is measured in _____.,kilowatt-hour,volt,ohm,coulomb,A
Physics,One kilowatt-hour is equal to _____ joules.,3.6 × 10⁶,36 × 10⁶,3.6 × 10³,360,A
Physics,The fuse in an electric circuit is used to _____.,protect appliances from excess current,increase current,reduce resistance,store charge,A
Physics,A short circuit occurs when _____.,current bypasses the normal path,current is steady,current flows slowly,voltage is zero,A
Physics,The rate of flow of electric charge is called _____.,current,power,energy,voltage,A
Physics,A good conductor has _____ resistance.,low,high,very high,moderate,A
Physics,An insulator has _____ resistance.,high,low,moderate,variable,A
Physics,Copper is used for electrical wires because it has _____.,low resistance,high resistance,low conductivity,high weight,A
Physics,Electric current can produce _____.,heat,magnetism,chemical effects,all of the above,D
Physics,The heating effect of current is used in _____.,electric iron,bulbs,bread toasters,all of the above,D
Physics,The magnetic effect of current is used in _____.,electric bell,heater,cooker,fan,A
Physics,The chemical effect of current is used in _____.,electrolysis,magnetism,heating,illumination,A
Physics,The law that states that current is proportional to voltage is _____.,Ohm’s law,Kirchhoff’s law,Faraday’s law,Lenz’s law,A
Physics,When current flows through a resistor, electrical energy is converted to _____.,heat energy,light energy,kinetic energy,mechanical energy,A
Physics,Electrical energy consumed is given by _____.,E = IVt,E = It,P = IV,V = IR,A
Physics,The instrument used to open or close a circuit is called a _____.,switch,resistor,cell,ammeter,A
Physics,The reciprocal of resistance is called _____.,conductance,power,inductance,capacitance,A
Physics,The S.I. unit of conductance is _____.,siemens,ampere,ohm,volt,A
Physics,The device that maintains a steady potential difference is a _____.,cell,wire,fuse,resistor,A
Physics,The electric power dissipated in a resistor is given by _____.,P = I²R,P = IV,P = V²/R,all of the above,D
Physics,The heating effect of electric current is proportional to the _____.,square of current,resistance only,time only,voltage only,A
Physics,Electric bulbs work on the principle of _____.,heating effect of current,chemical effect,magnetic effect,photoelectric effect,A
Physics,The unit “ampere-hour” is used to measure _____.,electric charge,energy,resistance,power,A
Physics,The current through a circuit with 12 V and 6 Ω resistance is _____.,2 A,72 A,0.5 A,18 A,A
Physics,If a 10 Ω resistor carries 2 A, the potential difference is _____.,20 V,5 V,10 V,12 V,A
Physics,The resistance of a wire doubles when its length is _____.,doubled,halved,unchanged,reduced,A
Physics,For a given material, resistance depends on _____.,length and area,length only,area only,voltage,A
Physics,The energy stored by a 12 V battery supplying 2 A for 5 minutes is _____.,720 J,600 J,3600 J,7200 J,D
Physics,A 60 W bulb operating at 240 V draws a current of _____.,0.25 A,4 A,2 A,1 A,A
Physics,The current through a 100 Ω resistor connected to 200 V supply is _____.,2 A,4 A,1 A,0.5 A,A
Physics,An electric iron rated 1000 W, 250 V has a resistance of _____.,62.5 Ω,125 Ω,250 Ω,500 Ω,A
Physics,The fuse wire must have _____ melting point.,low,high,very high,moderate,A
Physics,The electric meter in homes measures _____.,energy consumption,voltage,current,power,A
Physics,The electric power company bills customers in units of _____.,kilowatt-hour,ampere-hour,joule,volt,A
Physics,The formula relating energy, power and time is _____.,E = Pt,P = Et,E = IV,E = I²R,A
Physics,An electric kettle converts electrical energy to _____ energy.,heat,light,mechanical,chemical,A
Physics,A material that attracts iron is called a _____.,magnet,metal,stone,rock,A
Physics,The ends of a magnet are called _____.,poles,edges,points,sides,A
Physics,The two poles of a magnet are _____.,north and south,east and west,positive and negative,top and bottom,A
Physics,Like poles of a magnet _____ each other.,repel,attract,neutralize,ignore,A
Physics,Unlike poles of a magnet _____ each other.,attract,repel,combine,ignore,A
Physics,The region around a magnet where its force is felt is the _____.,magnetic field,magnetic pole,electric field,neutral zone,A
Physics,The lines that represent the magnetic field are called _____.,magnetic field lines,electric lines,field patterns,magnetic currents,A
Physics,Magnetic field lines never _____ each other.,cross,join,bend,curve,A
Physics,Magnetic materials include _____.,iron,steel,nickel,all of the above,D
Physics,Non-magnetic materials include _____.,wood,plastic,glass,all of the above,D
Physics,The Earth itself acts as a _____.,magnet,planetary rod,field conductor,electromagnet,A
Physics,The north pole of a magnet points towards _____.,geographic north,magnetic north,geographic south,east,A
Physics,The instrument used to detect the direction of a magnetic field is the _____.,compass,ammeter,barometer,voltmeter,A
Physics,The magnetic field around a straight current-carrying conductor is _____.,circular,straight,rectangular,triangular,A
Physics,A magnet is a material that can _____.,attract magnetic materials,repel all metals,attract wood,conduct electricity,A
Physics,Materials that are attracted by magnets are called _____.,magnetic materials,non-magnetic materials,alloys,metalloids,A
Physics,Examples of magnetic materials are _____.,iron, cobalt and nickel,wood, copper and plastic,aluminium, silver and gold,zinc, tin and lead,A
Physics,The ends of a magnet are called _____.,poles,edges,centres,faces,A
Physics,The two poles of a magnet are _____.,north and south,east and west,top and bottom,positive and negative,A
Physics,Like poles of a magnet _____ each other.,repel,attract,neutralize,align,A
Physics,Unlike poles of a magnet _____ each other.,attract,repel,oppose,separate,A
Physics,The region around a magnet where magnetic force acts is called the _____.,magnetic field,magnetic pole,magnetic flux,magnetic charge,A
Physics,Magnetic field lines flow from _____.,north to south outside the magnet,south to north outside the magnet,centre to surface,edge to edge,A
Physics,The strength of a magnet is greatest at the _____.,poles,centre,edges,axis,A
Physics,The instrument used to detect magnetic fields is a _____.,magnetic compass,ammeter,voltmeter,barometer,A
Physics,The earth itself behaves as a _____.,giant magnet,giant conductor,giant insulator,giant battery,A
Physics,The magnetic north pole of the earth is near the _____.,geographical south,geographical north,equator,eastern horizon,A
Physics,The process of making a material magnetic is called _____.,magnetization,magnetometry,magnetism,magnetosphere,A
Physics,The process of losing magnetism is called _____.,demagnetization,depolarization,magnetization,polarization,A
Physics,Temporary magnets are made of _____.,soft iron,steel,copper,nickel,A
Physics,Permanent magnets are made of _____.,steel,soft iron,aluminium,brass,A
Physics,A magnetic field can be represented by _____.,field lines,electric lines,straight lines,thermal lines,A
Physics,The closer the magnetic field lines, the _____ the field.,stronger,weaker,neutral,longer,A
Physics,Magnetic induction occurs when _____.,a magnetic material becomes magnetized by another magnet,magnet is broken,magnet is heated,magnet is cooled,A
Physics,The device used to demagnetize a magnet is a _____.,demagnetizing coil,battery,solenoid,transformer,A
Physics,The magnetic effect of electric current was discovered by _____.,Oersted,Faraday,Ampere,Maxwell,A
Physics,When current flows through a conductor, it produces a _____.,magnetic field,electric field,static charge,light energy,A
Physics,The direction of the magnetic field around a straight conductor is determined by _____.,the right-hand grip rule,the left-hand rule,Fleming’s rule,Lenz’s law,A
Physics,The strength of the magnetic field around a current-carrying wire increases with _____.,current,length,voltage,resistance,A
Physics,A solenoid is a _____.,coil of wire carrying current,straight wire,permanent magnet,loop of copper,A
Physics,An electromagnet is produced when _____.,current passes through a solenoid,magnet is rubbed on metal,iron is heated,steel is cooled,A
Physics,The strength of an electromagnet increases when _____.,the number of turns and current increase,wire length decreases,core is removed,voltage drops,A
Physics,Electromagnets are used in _____.,electric bells,relays,cranes,all of the above,D
Physics,The device that converts electrical energy into mechanical energy is a _____.,electric motor,transformer,cell,galvanometer,A
Physics,The device that converts mechanical energy into electrical energy is a _____.,generator,motor,solenoid,transformer,A
Physics,In an electric motor, the force on a current-carrying conductor in a magnetic field is given by _____.,F = BIL,F = ma,F = qE,F = IR,A
Physics,The rule that gives the direction of motion in a motor is called _____.,Fleming’s left-hand rule,Fleming’s right-hand rule,Lenz’s law,Faraday’s law,A
Physics,The rule that gives the direction of induced current in a generator is _____.,Fleming’s right-hand rule,Fleming’s left-hand rule,Maxwell’s rule,Lenz’s rule,A
Physics,Electromagnetic induction was discovered by _____.,Faraday,Oersted,Ampere,Newton,A
Physics,The process of producing current by moving a conductor in a magnetic field is called _____.,electromagnetic induction,electrolysis,magnetization,current flow,A
Physics,According to Faraday’s law, the induced e.m.f is proportional to the _____.,rate of change of magnetic flux,magnetic field strength only,number of turns only,current flow,A
Physics,Lenz’s law states that the direction of induced current is such that it _____.,opposes the change producing it,supports the change,accelerates motion,slows current,A
Physics,The unit of magnetic flux is the _____.,weber,tesla,henry,coulomb,A
Physics,The S.I. unit of magnetic flux density is the _____.,tesla,ampere,weber,newton,A
Physics,1 tesla is equal to _____.,1 weber per square metre,1 coulomb per second,1 ampere per metre,1 newton per weber,A
Physics,The symbol for magnetic flux density is _____.,B,M,Φ,H,A
Physics,Magnetic flux is represented by the symbol _____.,Φ,B,F,M,A
Physics,The property of a material to retain magnetism is called _____.,retentivity,permeability,susceptibility,conductivity,A
Physics,The ability of a material to allow magnetic flux through it is called _____.,permeability,retentivity,susceptibility,conductivity,A
Physics,The force between two parallel conductors carrying current in the same direction is _____.,attractive,repulsive,zero,neutral,A
Physics,The force between two parallel conductors carrying current in opposite directions is _____.,repulsive,attractive,neutral,zero,A
Physics,The unit of magnetic field strength (H) is _____.,A/m,tesla,weber,ohm,A
Physics,An example of an electromagnetic device is _____.,electric bell,heater,battery,bulb,A
Physics,The magnetization of a material can be increased by _____.,using soft iron core,using aluminium,removing the core,reducing current,A
Physics,The direction of magnetic field inside a solenoid is _____.,from south to north,from north to south,random,upward,A
Physics,The shape of magnetic field around a solenoid resembles that of a _____.,bar magnet,straight wire,coil,loop,A
Physics,The space around a moving charge is both _____.,magnetic and electric,static and neutral,gravitational and magnetic,thermal and light,A
Physics,The unit of electromotive force (e.m.f) is the _____.,volt,ohm,ampere,watt,A
Physics,A wave is a disturbance that transfers _____ from one point to another.,energy,matter,particles,force,A
Physics,Waves which require a medium for transmission are called _____ waves.,mechanical,electromagnetic,longitudinal,stationary,A
Physics,Waves that do not require a medium for propagation are _____ waves.,electromagnetic,mechanical,longitudinal,transverse,A
Physics,Sound is a type of _____ wave.,mechanical,longitudinal,electromagnetic,transverse,B
Physics,Light is a type of _____ wave.,electromagnetic,longitudinal,mechanical,stationary,A
Physics,The distance between two successive crests or troughs of a wave is called the _____.,wavelength,frequency,amplitude,period,A
Physics,The number of waves produced per second is called _____.,frequency,amplitude,wavelength,velocity,A
Physics,The S.I. unit of frequency is _____.,hertz,newton,joule,watt,A
Physics,The height of a wave crest or depth of a trough from the rest position is the _____.,amplitude,wavelength,frequency,period,A
Physics,The time taken to produce one complete wave is the _____.,period,frequency,velocity,amplitude,A
Physics,The relationship between frequency and period is _____.,f = 1/T,f = T,f = T²,f = 2T,A
Physics,The speed of a wave is given by the formula _____.,v = fλ,v = f/T,v = λ/T,v = Tλ,A
Physics,The S.I. unit of wave speed is _____.,m/s,Hz,J,N,A
Physics,Sound cannot travel through a _____.,vacuum,solid,liquid,gas,A
Physics,The speed of sound is greatest in _____.,solids,liquids,gases,vacuum,A
Physics,The speed of sound in air at room temperature is approximately _____.,340 m/s,300 m/s,1500 m/s,100 m/s,A
Physics,The reflection of sound produces _____.,echo,resonance,refraction,interference,A
Physics,An echo is heard when the reflected sound reaches the ear after _____ seconds.,0.1,1,0.01,0.001,A
Physics,The persistence of sound due to multiple reflections is called _____.,reverberation,echo,dispersion,refraction,A
Physics,Sound waves are _____ waves.,longitudinal,transverse,electromagnetic,stationary,A
Physics,The pitch of a sound depends on its _____.,frequency,amplitude,wavelength,intensity,A
Physics,The loudness of sound depends on its _____.,amplitude,frequency,velocity,wavelength,A
Physics,The quality or timbre of sound helps to _____.,distinguish sounds of same pitch and loudness,increase amplitude,decrease frequency,produce echoes,A
Physics,The range of frequencies audible to the human ear is between _____.,20 Hz and 20,000 Hz,2 Hz and 200 Hz,200 Hz and 200,000 Hz,10 Hz and 100 Hz,A
Physics,The phenomenon of increase in amplitude when two waves combine is called _____.,constructive interference,destructive interference,resonance,refraction,A
Physics,The phenomenon of decrease in amplitude when two waves combine is called _____.,destructive interference,constructive interference,reflection,diffraction,A
Physics,The phenomenon where sound waves bend around obstacles is called _____.,diffraction,reflection,refraction,interference,A
Physics,The change in direction of a wave as it passes from one medium to another is called _____.,refraction,reflection,diffraction,dispersion,A
Physics,The bouncing back of a wave when it meets a barrier is called _____.,reflection,refraction,interference,diffraction,A
Physics,The apparent change in frequency of sound due to relative motion is called _____.,Doppler effect,interference,resonance,echo,A
Physics,The persistence of sound in a hall due to reflection is called _____.,reverberation,echo,absorption,resonance,A
Physics,Light travels in a _____ line.,straight,curved,random,zigzag,A
Physics,The speed of light in air is approximately _____.,3 × 10⁸ m/s,3 × 10⁵ m/s,3 × 10³ m/s,3 × 10⁶ m/s,A
Physics,Light can travel through a _____.,vacuum,solid only,liquid only,opaque medium,A
Physics,When light bounces off a surface, it undergoes _____.,reflection,refraction,diffraction,absorption,A
Physics,The law of reflection states that the angle of incidence is _____ the angle of reflection.,equal to,greater than,less than,independent of,A
Physics,The line perpendicular to the reflecting surface is called the _____.,normal,axis,mirror line,principal ray,A
Physics,A plane mirror produces an image that is _____.,virtual and upright,real and inverted,real and upright,virtual and inverted,A
Physics,The image formed by a plane mirror is the same _____ as the object.,size,smaller,larger,blurred,A
Physics,The number of images formed by two mirrors at 90° is _____.,3,2,4,1,A
Physics,Refraction occurs when light _____.,passes from one medium to another,reflects on a surface,bends around an object,is absorbed,A
Physics,The speed of light decreases when it passes from _____.,air to glass,glass to air,vacuum to air,air to vacuum,A
Physics,The ratio of the speed of light in vacuum to that in a medium is called _____.,refractive index,reflection coefficient,light ratio,optical density,A
Physics,The S.I. unit of refractive index is _____.,none,newton per metre,joule per second,metre per second,A
Physics,When light passes through a prism, it is _____.,dispersed,refracted,reflected,absorbed,A
Physics,The splitting of white light into its component colours is called _____.,dispersion,refraction,reflection,diffraction,A
Physics,The band of colours formed when white light passes through a prism is called the _____.,spectrum,ray,beam,image,A
Physics,The colour of light with the highest frequency is _____.,violet,red,blue,green,A
Physics,The colour of light with the lowest frequency is _____.,red,violet,yellow,green,A
Physics,The image formed by a concave mirror can be _____.,real or virtual,always virtual,always real,always inverted,A
Physics,The focal point of a concave mirror is the point where _____.,parallel rays converge,diverging rays meet,light is absorbed,light disappears,A
Physics,The principal axis of a mirror is a line _____.,passing through the pole and centre of curvature,drawn parallel to the surface,perpendicular to the focus,drawn at random,A
Physics,A convex mirror always produces an image that is _____.,virtual and diminished,real and enlarged,real and upright,virtual and inverted,A
Physics,The magnification of an image is the ratio of _____.,image height to object height,object height to focal length,image distance to object distance,image height to distance,A
Physics,The optical instrument that uses lenses to magnify objects is a _____.,microscope,periscope,thermometer,barometer,A
English,An essay that tells a personal experience is called a _____ essay.,descriptive,narrative,argumentative,expository,B
English,The main purpose of a descriptive essay is to _____.,describe a person, place or thing,argue a point,tell a story,persuade readers,A
English,An argumentative essay tries to _____.,convince the reader,present a story,describe a scene,define a concept,A
English,An expository essay is mainly written to _____.,explain or inform,entertain,describe,complain,A
English,A good essay must have _____.,introduction,body and conclusion,title only,introduction only,paragraph only,A
English,The part of an essay that gives the writer’s opinion is the _____.,body,conclusion,introduction,summary,B
English,A narrative essay is usually written in the _____ person.,first,second,third,fourth,A
English,The major feature of a descriptive essay is the use of _____.,vivid details,arguments,statistics,quotations,A
English,An argumentative essay contains points both for and _____ the motion.,against,with,beside,around,A
English,An expository essay can also be called a/an _____ essay.,explanatory,creative,persuasive,fictional,A
English,In essay writing, the topic sentence is usually found at the _____.,beginning of a paragraph,end of an essay,middle of an essay,last sentence,A
English,Each paragraph in an essay should discuss _____.,one main idea,many unrelated ideas,a conclusion,definitions only,A
English,The use of good transitions in an essay helps to achieve _____.,coherence,confusion,repetition,disunity,A
English,The unity of ideas in an essay means _____.,all points relate to one central idea,each paragraph is different,there are random topics,each point stands alone,A
English,The concluding paragraph of an essay should _____.,summarize main points,introduce new ideas,disagree with earlier points,repeat everything,A
English,An article written for a school magazine is an example of a/an _____ essay.,expository,descriptive,argumentative,letter,A
English,In a debate, the speaker speaks _____.,for or against a motion,on any topic,without preparation,randomly,A
English,The use of persuasive language is important in a/an _____ essay.,argumentative,descriptive,narrative,expository,A
English,Formal letters are written to _____.,official persons,relatives,friends,classmates,A
English,Informal letters are written to _____.,friends and relatives,government officials,editors,businessmen,A
English,A formal letter begins with the writer’s _____.,address,address of the receiver,name,title,A
English,In a formal letter, the date is written _____.,after the writer’s address,before the receiver’s address,in the middle,at the bottom,A
English,The salutation in a formal letter is written as _____.,Dear Sir/Dear Madam,Dear friend,Hi,Hello,A
English,The body of a letter contains the _____.,main message,addresses only,closing remarks,complimentary close,A
English,The complimentary close of a formal letter is _____.,Yours faithfully,Yours lovingly,Yours sincerely,With love,A
English,The complimentary close of an informal letter is _____.,Yours sincerely,Yours faithfully,Yours truly,Yours obediently,A
English,In a letter to a friend, you can use _____ language.,informal,technical,official,strict,A
English,The subject heading of a formal letter should be written in _____.,capital letters,italics,brackets,lowercase,A
English,In a letter, the phrase “Yours faithfully” is used when _____.,the name of the receiver is unknown,the receiver is a friend,the receiver is known,writing an article,A
English,In a letter, “Yours sincerely” is used when _____.,you know the receiver’s name,you don’t know the receiver’s name,you are writing to an editor,writing an application,A
English,The language of a formal letter should be _____.,polite and formal,harsh and commanding,informal and casual,emotional and joking,A
English,A good letter must be _____.,clear and concise,long and emotional,filled with idioms,very short,A
English,In a friendly letter, the writer may ask about the receiver’s _____.,welfare,address,position,job only,A
English,A report is a _____ account of an event.,factual,imaginary,fake,poetic,A
English,In report writing, the heading should be written in _____.,capital letters,italics,brackets,quotation marks,A
English,A good report should be written in the _____ tense.,past,present,future,conditional,A
English,The person who writes a report is called a _____.,reporter,reportee,writer,editor,A
English,An article written to persuade readers to accept a view is a/an _____ article.,editorial,informative,scientific,creative,A
English,A speech delivered to honour a dead person is called a _____.,tribute,eulogy,debate,toast,B
English,In a debate, the opposing speakers are called _____.,opponents,partners,judges,guests,A
English,When writing a speech, you should begin with a _____.,salutation,title,quotation,poem,A
English,The audience of a formal speech should be addressed with _____.,respect,emotion,anger,sarcasm,A
English,The act of giving spoken information to a group of people is called a _____.,speech,debate,report,lecture,A
English,A speech of welcome is given at the _____ of a ceremony.,beginning,end,middle,after,B
English,In letter writing, “P.S.” stands for _____.,postscript,public speech,personal summary,paragraph structure,A
English,A good paragraph should contain _____.,one central idea,many mixed ideas,a quotation,a proverb,A
English,The main clause in a complex sentence can stand _____.,on its own,with another clause,only with a verb,with a preposition,A
English,A subordinate clause cannot stand _____.,on its own,with another clause,independently,with a verb,A
English,A sentence that expresses a command is called an _____ sentence.,imperative,interrogative,exclamatory,declarative,A
English,A sentence that expresses a question is called an _____ sentence.,interrogative,declarative,imperative,complex,A
English,A sentence that shows strong feelings is an _____ sentence.,exclamatory,imperative,interrogative,assertive,A
English,An exclamatory sentence usually ends with an _____.,exclamation mark,apostrophe,comma,colon,A
English,The punctuation mark used at the end of a statement is a _____.,full stop,comma,colon,semicolon,A
English,The punctuation mark used to separate items in a list is the _____.,comma,colon,apostrophe,question mark,A
English,The punctuation mark used to show possession is the _____.,apostrophe,comma,colon,hyphen,A
English,The punctuation mark used in abbreviations is the _____.,full stop,comma,semicolon,bracket,A
English,The punctuation mark used in direct speech is the _____.,quotation mark,hyphen,colon,dash,A
English,The use of punctuation marks helps to _____.,clarify meaning,create confusion,make writing long,remove spelling,A
English,The figure of speech that compares two things using “like” or “as” is a _____.,simile,metaphor,personification,hyperbole,A
English,The figure of speech that gives human qualities to non-living things is _____.,personification,simile,metaphor,alliteration,A
English,The figure of speech that involves exaggeration is called _____.,hyperbole,irony,metaphor,simile,A
English,The figure of speech that compares two unlike things directly is a _____.,metaphor,simile,idiom,proverb,A
English,The repetition of consonant sounds at the beginning of words is called _____.,alliteration,assonance,consonance,onomatopoeia,A
English,The repetition of vowel sounds in nearby words is called _____.,assonance,alliteration,metaphor,hyperbole,A
English,The use of words that imitate sounds is called _____.,onomatopoeia,personification,metaphor,idiom,A
English,The opposite of “expand” is _____.,contract,extend,enlarge,develop,A
English,The opposite of “include” is _____.,exclude,combine,contain,allow,A
English,The opposite of “admit” is _____.,deny,accept,agree,permit,A
English,The opposite of “victory” is _____.,defeat,win,success,conquest,A
English,The opposite of “frequent” is _____.,rare,regular,constant,usual,A
English,The opposite of “arrival” is _____.,departure,entrance,visit,coming,A
English,The opposite of “ancient” is _____.,modern,old,antique,aged,A
English,The opposite of “brave” is _____.,cowardly,fearless,strong,bold,A
English,The opposite of “begin” is _____.,end,start,continue,open,A
English,The opposite of “bitter” is _____.,sweet,sour,hot,spicy,A
English,The word “beautiful” is an example of a/an _____.,adjective,noun,adverb,verb,A
English,The word “quickly” is an example of a/an _____.,adverb,adjective,verb,pronoun,A
English,The word “run” is an example of a/an _____.,verb,noun,adjective,pronoun,A
English,The word “honesty” is an example of a/an _____.,abstract noun,proper noun,verb,pronoun,A
English,The word “they” is a _____.,pronoun,adjective,adverb,preposition,A
English,The word “beneath” is a _____.,preposition,conjunction,adjective,pronoun,A
English,The word “and” is a _____.,conjunction,preposition,verb,adjective,A
English,The word “wow” is an example of an _____.,interjection,exclamation,preposition,adjective,A
English,The plural of “child” is _____.,children,childs,childes,child,A
English,The plural of “mouse” is _____.,mice,mouses,mouse,meese,A
English,The plural of “tooth” is _____.,teeth,tooths,toothes,tooth,A
English,The plural of “man” is _____.,men,man,manies,mans,A
English,The plural of “goose” is _____.,geese,gooses,geeses,goose,A
English,The comparative form of “good” is _____.,better,gooder,best,goodest,A
English,The superlative form of “bad” is _____.,worst,baddest,badder,badly,A
English,The comparative form of “beautiful” is _____.,more beautiful,beautifuller,most beautiful,beautifullest,A
English,The comparative of “much” is _____.,more,muchest,most,many,A
English,The opposite of “buy” is _____.,sell,borrow,take,give,A
English,The synonym of “huge” is _____.,enormous,small,tiny,little,A
English,The synonym of “intelligent” is _____.,smart,dull,slow,weak,A
English,The synonym of “happy” is _____.,joyful,sad,angry,moody,A
English,The synonym of “angry” is _____.,furious,calm,quiet,silent,A
English,The synonym of “brave” is _____.,courageous,afraid,weak,timid,A
English,The synonym of “honest” is _____.,truthful,lying,deceptive,false,A
English,The synonym of “cheap” is _____.,inexpensive,costly,expensive,valuable,A
English,The synonym of “reply” is _____.,answer,ask,question,refuse,A
English,The synonym of “permit” is _____.,allow,deny,refuse,stop,A
Chemistry,What is the chemical formula for tetraoxosulphate(VI) acid?,H2SO3,H2SO4,HNO3,HCl,B
Chemistry,Which of the following is a characteristic of a concentrated acid?,It contains a large amount of water,It contains a small amount of water,It has a low concentration of H+ ions,It turns blue litmus red,B
Chemistry,What is the basicity of an acid that has three replaceable hydrogen ions?,1,2,3,4,C
Chemistry,Which of the following turns blue litmus paper red?,Sodium hydroxide solution,Calcium hydroxide solution,Ethanoic acid solution,Ammonia solution,C
Chemistry,What gas is produced when dilute hydrochloric acid reacts with zinc?,Chlorine,Oxygen,Hydrogen,Nitrogen,C
Chemistry,Which method of acid preparation involves dissolving an acid anhydride in water?,Combination of elements,Displacement from salts,Using an acid anhydride,Precipitation,C
Chemistry,What is the pH of a solution with a hydrogen ion concentration of 1×10⁻⁵ mol/dm³?,5,9,7,14,A
Chemistry,Which of the following is a weak base?,Sodium hydroxide,Potassium hydroxide,Calcium oxide,Ammonia solution,D
Chemistry,What is the product when magnesium oxide reacts with nitric acid?,Magnesium nitrate and water,Magnesium nitride and oxygen,Magnesium and nitrogen,Magnesium hydroxide and nitrite,A
Chemistry,Which type of salt turns red litmus blue?,Normal salt,Acid salt,Basic salt,Double salt,C
Chemistry,What is the solubility rule for all sodium salts?,They are insoluble,They are soluble,They are slightly soluble,They decompose in water,B
Chemistry,Which salt is used as a drying agent for gases?,Sodium chloride,Calcium chloride,Silver chloride,Lead chloride,B
Chemistry,What is the process of converting a soluble salt to crystals called?,Evaporation,Decantation,Crystallization,Filtration,C
Chemistry,Which of the following is an example of a hydrated salt?,NaCl,KNO3,CuSO4·5H2O,AgNO3,C
Chemistry,What term describes sodium trioxocarbonate(IV) decahydrate when it loses water on exposure to air?,Deliquescence,Efflorescence,Hygroscopy,Hydrolysis,B
Chemistry,Which allotrope of carbon has a tetrahedral structure?,Graphite,Diamond,Charcoal,Lampblack,B
Chemistry,Why is graphite used in nuclear reactors?,It is a good lubricant,It is a good conductor,It slows down neutrons,It is transparent,C
Chemistry,What is the main impurity in coal?,Oxygen,Nitrogen,Sulphur,Hydrogen,C
Chemistry,Which form of carbon is used in gas masks to absorb poisonous gases?,Diamond,Graphite,Charcoal,Coke,C
Chemistry,What is the product when carbon burns in a limited supply of air?,Carbon dioxide,Carbon monoxide,Water,Hydrogen gas,B
Chemistry,How is carbon(IV) oxide commercially produced as a by-product?,From fermentation,From burning coal,From cracking petroleum,From electrolysis,A
Chemistry,What is observed when excess CO2 is bubbled through lime water?,Permanent milkyness,The milkiness disappears,A yellow precipitate,No change,B
Chemistry,Which gas is produced by the dehydration of methanoic acid?,CO2,CO,H2,CH4,B
Chemistry,What is the main use of producer gas?,In chemical synthesis,As a fuel in furnaces,In carbonated drinks,As an anesthetic,B
Chemistry,Which type of coal has the lowest carbon content?,Anthracite,Bituminous,Lignite,Peat,D
Chemistry,What is the solid residue left after destructive distillation of coal?,Coal tar,Coal gas,Ammoniacal liquor,Coke,D
Chemistry,Which fuel gas has the highest calorific value?,Producer gas,Water gas,Coal gas,Natural gas,B
Chemistry,What is the chemical formula for trioxocarbonate(IV) ion?,CO3²⁻,HCO3⁻,CO2,H2CO3,A
Chemistry,How is sodium trioxocarbonate(IV) prepared in the laboratory?,By precipitation,By bubbling CO2 through NaOH,By direct combination,By heating NaHCO3,B
Chemistry,What is the test for hydrogen trioxocarbonate(IV) ion?,It gives CO2 with acids,It turns lime water milky,It liberates ammonia,It decolorizes bromine,A
Chemistry,What happens when potassium hydrogen trioxocarbonate(IV) is heated?,It melts,It decomposes to K2CO3, H2O and CO2,It turns into a gas,It becomes deliquescent,B
Chemistry,What is the primary source of aromatic hydrocarbons?,Coal tar,Petroleum,Natural gas,Plants,A
Chemistry,Which petroleum fraction has the lowest boiling point?,Lubricating oil,Kerosene,Petrol,Petroleum gas,D
Chemistry,What is the main purpose of fractional distillation of crude oil?,To break down molecules,To separate into fractions,To remove impurities,To increase octane number,B
Chemistry,Which process converts straight-chain hydrocarbons to branched-chain ones?,Cracking,Reforming,Polymerization,Distillation,B
Chemistry,What is the octane number of a fuel that causes severe knocking?,0,50,100,25,A
Chemistry,Which of the following is a petrochemical?,Ethanol from fermentation,Methane from natural gas,Benzene from coal tar,All of the above,D
Chemistry,What is the primary raw material for the soap industry?,Petroleum,Animal fat or vegetable oil,Coal,Natural gas,B
Chemistry,Which industry produces substances like antibiotics and vaccines?,Fertilizer industry,Pharmaceutical industry,Paint industry,Plastic industry,B
Chemistry,What is the main component of cement?,Clay and limestone,Sand and water,Gypsum and salt,Coal and oil,A
Chemistry,Which of the following is a heavy chemical?,A perfume,A laboratory reagent,Sulphuric acid,A drug,C
Chemistry,What is the pH of a solution with hydroxide ion concentration of 1×10⁻³ mol/dm³?,3,11,7,14,B
Chemistry,Which salt is used in dry cells as an electrolyte?,Sodium chloride,Ammonium chloride,Calcium carbonate,Silver nitrate,B
Chemistry,What is the chemical name for baking soda?,Sodium carbonate,Sodium hydrogen trioxocarbonate(IV),Sodium trioxocarbonate(IV),Sodium chloride,B
Chemistry,Which property makes diamond suitable for jewelry?,Its hardness,Its electrical conductivity,Its refractive index,Its solubility,C
Chemistry,What is the main use of carbon black?,As a lubricant,In printer's ink,As a fuel,In nuclear reactors,B
Chemistry,Which gas is produced when calcium trioxocarbonate(IV) reacts with dilute HCl?,Hydrogen,Oxygen,Carbon dioxide,Nitrogen,C
Chemistry,What is the chemical test for carbon(II) oxide?,It turns lime water milky,It burns with a blue flame,It has no effect on lime water,It decolorizes bromine,B
Chemistry,Which product from destructive distillation of coal is used in making dyes?,Coal gas,Ammoniacal liquor,Coal tar,Coke,C
Chemistry,What is the primary composition of water gas?,CO and H2,CO and N2,CH4 and H2,CO2 and H2,A
Chemistry,Which process increases the yield of petrol from heavy oil fractions?,Reforming,Cracking,Polymerization,Distillation,B
Chemistry,What is the primary raw material for the Haber process?,Oxygen,Nitrogen,Hydrogen,Carbon,B
Chemistry,Which industry is associated with the production of urea?,Fertilizer industry,Pharmaceutical industry,Plastic industry,Paint industry,A

give me 100 more
Hmm, the user is asking for 100 more chemistry MCQs based on the provided lesson notes. The previous batches were well-received, so I'll continue with the same format and subject focus.

I need to ensure the questions cover all major topics from the SS1 Third Term syllabus - acids/bases, carbon chemistry, hydrocarbons, and industrial applications. The questions should be factual, clear, and avoid repetition from previous sets.

Let me systematically extract concepts from the document: acid definitions, pH calculations, carbon allotropes, fuel gases, petroleum refining, and chemical industries. Each question must have one unambiguous correct answer based strictly on the provided content.

I'll maintain the exact CSV format with Subject, Question, Options A-D, and Answer. The language should remain simple for secondary school level while testing both recall and comprehension.

Chemistry,What is the definition of an acid as a proton donor?,A substance that accepts protons,A substance that donates protons,A substance that produces OH- ions,A substance that turns blue litmus red,B
Chemistry,Which of the following is NOT a source of organic acids?,Vinegar,Milk,Lime,Mineral elements,D
Chemistry,What is the basicity of H3PO4?,1,2,3,4,C
Chemistry,Which property is common to all acids?,They turn red litmus blue,They have a sour taste,They feel soapy,They are insoluble in water,B
Chemistry,What gas is produced when dilute H2SO4 reacts with magnesium?,SO2,H2,CO2,O2,B
Chemistry,Which method of acid preparation involves combining hydrogen and chlorine?,Acid anhydride method,Direct combination,Displacement from salt,Precipitation method,B
Chemistry,What is the pH of a solution with [H+] = 1×10⁻⁷ mol/dm³?,1,7,14,0,B
Chemistry,Which of the following is a strong acid?,CH3COOH,H2CO3,H2SO3,HCl,D
Chemistry,What is produced when copper(II) oxide reacts with hydrochloric acid?,Copper chloride and water,Copper and chlorine,Copper hydroxide and water,Copper and hydrogen,A
Chemistry,Which type of salt contains replaceable hydrogen atoms?,Normal salt,Basic salt,Acid salt,Double salt,C
Chemistry,According to solubility rules, which salt is insoluble?,NaNO3,K2SO4,AgCl,NH4Cl,C
Chemistry,Which salt is used in making plaster of Paris?,CaSO4,NaCl,KNO3,CaCO3,A
Chemistry,What is the best method to recover CuSO4 from its solution?,Evaporation to dryness,Crystallization,Decantation,Filtration,B
Chemistry,Which hydrated salt is blue in color?,Na2CO3·10H2O,CuSO4·5H2O,CaCl2·6H2O,MgSO4·7H2O,B
Chemistry,What process occurs when NaOH pellets absorb moisture and form a solution?,Efflorescence,Deliquescence,Hygroscopy,Hydrolysis,B
Chemistry,Which carbon allotrope is used in cutting tools?,Graphite,Charcoal,Diamond,Lampblack,C
Chemistry,Why is diamond a poor conductor of electricity?,It has free electrons,It has no free electrons,It is soft,It has a layer structure,B
Chemistry,What is the main element in coal besides carbon?,Oxygen,Hydrogen,Nitrogen,Sulphur,A
Chemistry,Which form of carbon is used in sugar refining?,Graphite,Animal charcoal,Coke,Diamond,B
Chemistry,What is produced when carbon reduces steam?,CO and H2,CO2 and H2,CH4 and H2,CO and O2,A
Chemistry,How is CO2 commercially obtained from limestone?,Heating CaCO3,Reacting CaO with water,Heating CaSO4,Reacting CaCO3 with acid,A
Chemistry,What happens when CO2 is passed through water?,Forms H2CO3,Forms H2SO4,Forms HNO3,Forms HCl,A
Chemistry,Which gas is produced by reacting oxalic acid with conc. H2SO4?,CO2,CO,H2,CH4,B
Chemistry,What is the main use of water gas?,As a reducing agent,As a fuel,In fire extinguishers,In fertilizers,B
Chemistry,Which coal type is called "brown coal"?,Anthracite,Bituminous,Lignite,Peat,C
Chemistry,What liquid product from coal distillation contains ammonia?,Coal tar,Ammoniacal liquor,Coal gas,Coke,B
Chemistry,Which fuel gas contains nitrogen as its main component?,Water gas,Producer gas,Natural gas,Coal gas,B
Chemistry,What is the chemical formula for carbonic acid?,H2CO3,HCO3-,CO3²-,CO2,A
Chemistry,How is CaCO3 prepared in the laboratory?,By precipitation,By direct combination,By heating,By distillation,A
Chemistry,What is observed when dilute acid is added to CaCO3?,No reaction,Effervescence,Color change,Precipitation formation,B
Chemistry,What happens when NaHCO3 is heated?,It melts,It decomposes to Na2CO3, H2O and CO2,It becomes anhydrous,It turns blue,B
Chemistry,What is the primary source of alkanes?,Coal tar,Petroleum,Plants,Animals,B
Chemistry,Which petroleum fraction is used in diesel engines?,Petrol,Kerosene,Diesel oil,Lubricating oil,C
Chemistry,What is the purpose of cracking?,To separate fractions,To break large molecules,To combine molecules,To remove sulphur,B
Chemistry,Which process improves petrol quality by changing molecular structure?,Cracking,Reforming,Distillation,Polymerization,B
Chemistry,What is the octane number of high-quality petrol?,0,50,100,25,C
Chemistry,Which is NOT a petrochemical?,Benzene,Ethylene,Ammonia,Table salt,D
Chemistry,What is the main raw material for detergents?,Petroleum,Animal fat,Vegetable oil,Coal,A
Chemistry,Which industry produces aspirin and antibiotics?,Fertilizer,Pharmaceutical,Paint,Plastic,B
Chemistry,What are the main components of mortar?,Cement and water,Cement and sand,Cement and gravel,Cement and lime,B
Chemistry,Which is a fine chemical?,Sulphuric acid,Sodium hydroxide,Laboratory reagent,Ammonia,C
Chemistry,What is the pH of 0.001M HCl?,1,3,11,13,B
Chemistry,Which salt is used in gunpowder?,KNO3,NaCl,CaCO3,NaNO3,A
Chemistry,What is the common name for NaHCO3?,Washing soda,Baking soda,Caustic soda,Table salt,B
Chemistry,Which property makes graphite useful in pencils?,Hardness,Softness,Electrical conductivity,Transparency,B
Chemistry,What is carbon black used for?,Jewelry,Tires,Fuel,Construction,B
Chemistry,Which gas turns lime water milky?,H2,O2,CO2,N2,C
Chemistry,How is CO detected?,Turns lime water milky,Burns with blue flame,Supports combustion,Has smell,B
Chemistry,Which coal product is used in road surfacing?,Coal gas,Coal tar,Coke,Bitumen,D
Chemistry,What is the composition of synthetic gas?,CO and H2,CO and N2,CH4 and H2,CO2 and H2,A
Chemistry,Which process converts heavy oils to petrol?,Reforming,Cracking,Distillation,Polymerization,B
Chemistry,What is the main raw material for nitrogen fertilizers?,Oxygen,Nitrogen,Air,Ammonia,D
Chemistry,Which industry produces PVC pipes?,Pharmaceutical,Plastic,Fertilizer,Paint,B
Chemistry,What is the formula for lime water?,CaO,Ca(OH)2,CaCO3,CaCl2,B
Chemistry,Which acid is present in oranges?,Citric acid,Lactic acid,Formic acid,Acetic acid,A
Chemistry,What is the basicity of H2SO4?,1,2,3,4,B
Chemistry,Which metal does NOT produce H2 with acids?,Zn,Fe,Cu,Mg,C
Chemistry,What is the product of NH3 + HCl?,NH4Cl,NH4OH,N2,H2,A
Chemistry,Which salt solution is alkaline?,NaCl,Na2CO3,NaNO3,NH4Cl,B
Chemistry,According to solubility rules, which compound is soluble?,CaCO3,AgCl,PbSO4,KNO3,D
Chemistry,Which salt is efflorescent?,Na2CO3·10H2O,CaCl2,Conc. H2SO4,SiO2,A
Chemistry,Why is graphite used as electrode?,It is hard,It conducts electricity,It is transparent,It is cheap,B
Chemistry,What is the main use of activated charcoal?,Fuel,Adsorbent,Lubricant,Construction,B
Chemistry,Which reaction produces CO2?,C + O2 (excess),C + O2 (limited),C + H2O,C + S,A
Chemistry,How is dry CO2 prepared?,Over water,Through KHCO3 solution,Through conc. H2SO4,Through fused CaCl2,D
Chemistry,What is the test for CO2?,Turns lime water milky,Burns with pop sound,Decolorizes bromine,Turns cobalt chloride pink,A
Chemistry,Why is CO dangerous?,It is acidic,It combines with hemoglobin,It supports combustion,It has smell,B
Chemistry,Which coal has most volatile matter?,Anthracite,Bituminous,Lignite,Peat,D
Chemistry,What is coke used for?,Making dyes,Reducing agent in metallurgy,Making fertilizers,Making plastics,B
Chemistry,Which gas is used in Haber process?,N2 and H2,CO and H2,CH4 and H2,CO2 and H2,A
Chemistry,What is the formula for bicarbonate ion?,CO3²⁻,HCO3⁻,H2CO3,CO2,B
Chemistry,How is Na2CO3 prepared commercially?,Solvay process,Haber process,Contact process,Oxo process,A
Chemistry,What is observed when MgCO3 is heated?,It melts,It decomposes to MgO and CO2,No change,It turns black,B
Chemistry,What is the main component of natural gas?,C2H6,C3H8,CH4,C4H10,C
Chemistry,Which fraction is used in making candles?,Petrol,Kerosene,Lubricating oil,Bitumen,C
Chemistry,What is the purpose of anti-knock agents?,Increase octane number,Decrease octane number,Remove impurities,Add color,A
Chemistry,Which compound is added to petrol as anti-knock?,NaCl,CaCO3,Pb(C2H5)4,NH3,C
Chemistry,What is the primary raw material for glass industry?,Clay,Limestone,Silica sand,Coal,C
Chemistry,Which industry produces insecticides?,Pharmaceutical,Fertilizer,Agrochemical,Paint,C
Chemistry,What is the pH of 0.01M NaOH?,2,12,7,14,B
Chemistry,Which salt is used in photography?,AgBr,NaCl,KNO3,CaCO3,A
Chemistry,What is the chemical name for gypsum?,CaSO4·2H2O,CaSO4,CaCO3,CaO,A
Chemistry,Which carbon form is used in nuclear reactors?,Diamond,Graphite,Charcoal,Coke,B
Chemistry,What is the main use of formaldehyde?,Preservative,Fuel,Solvent,Antiseptic,A
Chemistry,Which gas is responsible for acid rain?,CO2,SO2,N2,O2,B
Chemistry,What is the main component of biogas?,CH4,C2H6,C3H8,CO2,A
Chemistry,Which process removes sulphur from coal?,Washing,Heating,Distillation,Crushing,A
Chemistry,What is the primary use of ammonia?,Fertilizer production,Fuel,Solvent,Preservative,A
Chemistry,Which industry produces polyethylene?,Plastic,Pharmaceutical,Fertilizer,Paint,A
Chemistry,What is the formula for quicklime?,CaO,Ca(OH)2,CaCO3,CaSO4,A
Chemistry,Which acid is used in car batteries?,H2SO4,HCl,HNO3,CH3COOH,A
Chemistry,What is the basicity of H3PO3?,1,2,3,4,B
Chemistry,Which metal produces H2 with cold water?,Cu,Ag,Au,Na,D
Chemistry,What is the product of CaO + H2O?,Ca(OH)2,CaO2,CaH2,CaCO3,A
Chemistry,Which salt is used as table salt?,NaCl,Na2CO3,NaHCO3,NaNO3,A
Chemistry,According to solubility rules, which sulfate is insoluble?,Na2SO4,K2SO4,BaSO4,NH4SO4,C
Chemistry,Which substance is deliquescent?,Na2CO3·10H2O,CaCl2,SiO2,CaCO3,B
Chemistry,Why is diamond used in jewelry?,Hardness,Brilliance,Conductivity,Solubility,B
Chemistry,What is the main use of lamp black?,Pigment in ink,Fuel,Lubricant,Adsorbent,A
Chemistry,Which reaction is used in blast furnace?,C reduces Fe2O3,C reduces CO2,C reduces H2O,C reduces SO2,A
Chemistry,How is CO2 used in soft drinks?,As preservative,For fizz,As sweetener,As colorant,B
Chemistry,What is the test for unsaturation?,Bromine water test,Flame test,Precipitation test,pH test,A
Chemistry,Which coal type is hardest?,Anthracite,Bituminous,Lignite,Peat,A
Chemistry,What is the main use of coal tar?,Road surfacing,Chemical production,Fuel,Construction,B
Chemistry,Which gas is called "town gas"?,Coal gas,Water gas,Producer gas,Natural gas,A
Chemistry,What is the formula for carbonate ion?,CO3²⁻,HCO3⁻,H2CO3,CO2,A
Chemistry,How is KHCO3 prepared?,CO2 through KOH,Heating K2CO3,Precipitation,Direct combination,A
Chemistry,What is observed when Ca(HCO3)2 is heated?,Effervescence,Precipitation of CaCO3,Color change,No change,B
Chemistry,What is the main component of LPG?,CH4,C3H8,C2H6,C4H10,B
Chemistry,Which fraction is used in asphalt?,Bitumen,Lubricating oil,Kerosene,Petrol,A
Chemistry,What is the purpose of catalytic reforming?,Improve octane number,Remove sulphur,Separate fractions,Add color,A
Chemistry,What is the octane number of n-hexane?,25,61,0,100,A
Chemistry,Which is a primary petrochemical?,Benzene,Ammonia,Oxygen,Nitrogen,A
Chemistry,What is the main raw material for nylon?,Petroleum,Coal,Natural gas,Air,A
Chemistry,Which industry produces ceramics?,Construction,Pharmaceutical,Electronics,Agriculture,A
Chemistry,What is the pH of pure water?,0,7,14,1,B
Chemistry,Which salt is used in baking powder?,NaHCO3,Na2CO3,NaCl,NaNO3,A
Chemistry,What is the chemical name for caustic soda?,NaOH,Na2CO3,NaHCO3,NaCl,A
Chemistry,Which property allows graphite to be used as lubricant?,Layer structure,Hardness,Electrical conductivity,Transparency,A
Chemistry,What is the main use of carbon in steel making?,As fuel,As reducing agent,As alloy,As flux,B
Chemistry,Which gas is used in refrigeration?,NH3,O2,N2,CO2,A
Chemistry,What is the main component of producer gas?,N2 and CO,H2 and CO,CH4 and H2,CO2 and N2,A
Chemistry,Which process converts coal to gaseous fuel?,Gasification,Liquefaction,Distillation,Combustion,A
Chemistry,What is the primary use of nitric acid?,Fertilizer production,Food preservation,Cleaning,Fuel,A
Chemistry,Which industry produces synthetic rubber?,Plastic,Pharmaceutical,Fertilizer,Textile,A
Chemistry,What is the formula for slaked lime?,Ca(OH)2,CaO,CaCO3,CaSO4,A
Chemistry,Which acid is used in pickling?,HCl,H2SO4,HNO3,CH3COOH,B
Chemistry,What is the basicity of H2CO3?,1,2,3,4,B
Chemistry,Which metal displaces hydrogen from steam?,Fe,Cu,Ag,Au,A
Chemistry,What is the product of NaOH + CO2 (excess)?,Na2CO3,NaHCO3,NaOH,Na2O,B
Chemistry,Which salt is used in fireworks?,KNO3,NaCl,CaCO3,Na2SO4,A
Chemistry,According to solubility rules, which chloride is insoluble?,NaCl,KCl,AgCl,NH4Cl,C
Chemistry,Which substance is hygroscopic?,Conc. H2SO4,Na2CO3·10H2O,CaCl2,NaNO3,A
Chemistry,Why is charcoal used in water filters?,Adsorption,Reaction,Precipitation,Neutralization,A
Chemistry,What is the main use of graphite in batteries?,Conductor,Electrode,Catalyst,Separator,B
Chemistry,Which reaction produces water gas?,C + H2O,C + O2,C + CO2,C + S,A
Chemistry,How is CO2 used in baking?,As leavening agent,As preservative,As sweetener,As colorant,A
Chemistry,What is the test for oxygen?,Relights glowing splint,Turns lime water milky,Burns with pop sound,Decolorizes bromine,A
Chemistry,Which coal type is used in power plants?,Bituminous,Anthracite,Lignite,Peat,A
Chemistry,What is the main use of ammonia liquor?,Fertilizer production,Fuel,Solvent,Cleaning,A
Chemistry,Which gas is used in welding?,C2H2,CH4,C2H4,C3H8,A
Chemistry,What is the formula for carbon monoxide?,CO,CO2,C2O,CO3,A
Chemistry,How is Ca(HCO3)2 formed?,CO2 through Ca(OH)2,Heating CaCO3,Precipitation,Direct combination,A
Chemistry,What is observed when ZnCO3 is heated?,It decomposes to ZnO and CO2,It melts,No change,It turns yellow,A
Chemistry,What is the main component of gasoline?,C5-C12 hydrocarbons,C1-C4 gases,C12-C18 compounds,Above C20 compounds,A
Chemistry,Which fraction is used in jet fuel?,Kerosene,Petrol,Diesel oil,Lubricating oil,A
Chemistry,What is the purpose of adding tetraethyl lead to petrol?,Anti-knock,Colorant,Preservative,Cleaning,A
Chemistry,What is the octane number of 2,2,3-trimethylpentane?,100,0,50,25,A
Chemistry,Which is NOT derived from petroleum?,Coal tar,Natural gas,Plastics,Dyes,D
Chemistry,What is the main raw material for sulfuric acid production?,Sulphur,Air,Water,Limestone,A
Chemistry,Which industry produces glass?,Construction,Pharmaceutical,Electronics,Textile,A
Chemistry,What is the pH of 0.1M CH3COOH?,Around 3,7,12,1,A
Chemistry,Which salt is used in medicine as antacid?,NaHCO3,Na2CO3,NaCl,NaNO3,A
Chemistry,What is the chemical name for laughing gas?,N2O,NO,NO2,N2O4,A
Chemistry,Which property makes diamond useful in cutting tools?,Hardness,Electrical conductivity,Transparency,Solubility,A
Chemistry,What is the main use of carbon in water purification?,Adsorption,Reaction,Precipitation,Neutralization,A
Chemistry,Which gas is used in lighters?,C4H10,CH4,C2H2,C2H4,A
Chemistry,What is the main component of biogas?,CH4,CO2,H2,N2,A
Chemistry,Which process converts biomass to fuel?,Fermentation,Distillation,Combustion,Oxidation,A
Chemistry,What is the primary use of phosphoric acid?,Fertilizer production,Food additive,Cleaning,Fuel,A
Chemistry,Which industry produces detergents?,Chemical,Pharmaceutical,Textile,Construction,A
Chemistry,What is the formula for limestone?,CaCO3,CaO,Ca(OH)2,CaSO4,A
Chemistry,Which acid is found in vinegar?,CH3COOH,HCOOH,H2CO3,HCl,A
Chemistry,What is the basicity of HCl?,1,2,3,4,A
Chemistry,Which metal reacts vigorously with cold water?,K,Cu,Ag,Au,A
Chemistry,What is the product of NH3 + H2O?,NH4OH,NH4O,NH3·H2O,NH4,A
Chemistry,Which salt is used in plaster of Paris?,CaSO4·½H2O,CaSO4,CaCO3,CaO,A
Chemistry,According to solubility rules, which nitrate is insoluble?,KNO3,NaNO3,AgNO3,NH4NO3,C
Chemistry,Which substance is efflorescent?,Na2SO4·10H2O,CaCl2,SiO2,Conc. H2SO4,A
Chemistry,Why is graphite used in pencils?,Soft and marks paper,Hard and transparent,Electrical conductor,Soluble in water,A
Chemistry,What is the main use of activated carbon in gas masks?,Adsorb poisonous gases,React with gases,Precipitate gases,Neutralize gases,A
Chemistry,Which reaction is used in manufacture of urea?,CO2 + 2NH3,C + O2,C + H2O,C + N2,A
Chemistry,How is CO2 used in fire extinguishers?,Denser than air and doesn't support combustion,Lighter than air and flammable,Reacts with fire,Has cooling effect,A
Chemistry,What is the test for hydrogen?,Burns with pop sound,Turns lime water milky,Relights splint,Decolorizes bromine,A
Chemistry,Which coal type has highest heating value?,Anthracite,Bituminous,Lignite,Peat,A
Chemistry,What is the main use of coal in industry?,Power generation,Chemical production,Construction,Transportation,A
Chemistry,Which gas is used in balloons?,He,H2,O2,N2,A
Chemistry,What is the formula for carbonic acid?,H2CO3,HCO3-,CO3²-,CO2,A
Chemistry,How is NaHCO3 converted to Na2CO3?,By heating,By adding water,By cooling,By pressure,A
Chemistry,What is observed when PbCO3 is heated?,Decomposes to PbO and CO2,Melts,No change,Turns black,A
Chemistry,What is the main component of naptha?,C5-C9 hydrocarbons,C1-C4 gases,C10-C16 compounds,Above C20 compounds,A
Chemistry,Which fraction is used in making waxes?,Lubricating oil,Petrol,Kerosene,Bitumen,A
Chemistry,What is the purpose of catalytic converter in cars?,Reduce pollution,Increase power,Improve fuel economy,Add oxygen,A
Chemistry,What is the octane number of methane?,100,0,50,120,A
Chemistry,Which is a secondary petrochemical?,Polystyrene,Ethylene,Benzene,Propylene,A
Chemistry,What is the main raw material for polyester?,Petroleum,Coal,Natural gas,Air,A
Chemistry,Which industry produces paints?,Chemical,Pharmaceutical,Construction,Textile,A
Chemistry,What is the pH of 0.001M NaOH?,11,3,7,14,A
Chemistry,Which salt is used in matches?,KClO3,NaCl,CaCO3,NaNO3,A
Chemistry,What is the chemical name for blue vitriol?,CuSO4·5H2O,CuO,CuCO3,CuCl2,A
Chemistry,Which property allows diamond to cut glass?,Hardness,Electrical conductivity,Transparency,Solubility,A
Chemistry,What is the main use of carbon in filters?,Adsorption,Reaction,Precipitation,Neutralization,A
Chemistry,Which gas is used in anesthesia?,N2O,O2,N2,CO2,A
Chemistry,What is the main component of natural gas?,CH4,C2H6,C3H8,CO2,A
Chemistry,Which process converts waste to energy?,Incineration,Composting,Recycling,Landfilling,A
Chemistry,What is the primary use of acetic acid?,Food preservation,Cleaning,Solvent,Fuel,A
Chemistry,Which industry produces fertilizers?,Chemical,Pharmaceutical,Agriculture,Construction,A
Chemistry,What is the formula for washing soda?,Na2CO3·10H2O,Na2CO3,NaHCO3,NaOH,A
Chemistry,Which acid is used in explosives?,HNO3,HCl,H2SO4,CH3COOH,A
Chemistry,What is the basicity of H2SO3?,1,2,3,4,B
Chemistry,Which metal produces amphoteric hydroxide?,Al,Na,K,Ca,A
Chemistry,What is the product of SO3 + H2O?,H2SO4,H2SO3,SO2,H2S,A
Chemistry,Which salt is used in photography?,AgBr,NaCl,KNO3,CaCO3,A
Chemistry,According to solubility rules, which carbonate is soluble?,Na2CO3,CaCO3,BaCO3,Ag2CO3,A
Chemistry,Which substance is deliquescent?,NaOH,Na2CO3·10H2O,SiO2,CaCO3,A
Chemistry,Why is diamond used in drill bits?,Hardness,Electrical conductivity,Transparency,Solubility,A
Chemistry,What is the main use of carbon in metallurgy?,Reducing agent,Alloying,Flux,Catalyst,A
Chemistry,Which reaction produces producer gas?,C + air,C + steam,C + CO2,C + H2,A
Chemistry,How is CO2 used in refrigeration?,As dry ice,As liquid,As gas,As solid,A
Chemistry,What is the test for ammonia?,Turns red litmus blue,Turns blue litmus red,Turns lime water milky,Burns with pop sound,A
Chemistry,Which coal type is used in metallurgy?,Bituminous,Anthracite,Lignite,Peat,B
Chemistry,What is the main use of coke in blast furnace?,Reducing agent,Fuel,Flux,Alloy,A
Chemistry,Which gas is used in food packaging?,N2,O2,CO2,He,A
Chemistry,What is the formula for bicarbonate?,HCO3-,CO3²-,H2CO3,CO2,A
Chemistry,How is CaCO3 formed in nature?,From shells and skeletons,From volcanic action,From photosynthesis,From respiration,A
Chemistry,What is observed when Mg(HCO3)2 is heated?,Decomposes to MgCO3 and CO2,Melts,No change,Turns black,A
Chemistry,What is the main component of diesel oil?,C12-C18 hydrocarbons,C5-C12 compounds,C1-C4 gases,Above C20 compounds,A
Chemistry,Which fraction is used in lubricants?,Lubricating oil,Petrol,Kerosene,Bitumen,A
Chemistry,What is the purpose of cracking in petroleum industry?,Increase petrol yield,Remove sulphur,Add oxygen,Improve color,A
Chemistry,What is the octane number of toluene?,100,0,50,120,A
Chemistry,Which is a petrochemical feedstock?,Naphtha,Coal,Wood,Air,A
Chemistry,What is the main raw material for pharmaceuticals?,Petrochemicals,Coal,Natural gas,Minerals,A
Chemistry,Which industry produces cement?,Construction,Pharmaceutical,Chemical,Textile,A
Chemistry,What is the pH of rainwater?,5.6,7,8,4,A
Chemistry,Which salt is used in pottery?,Clay,NaCl,KNO3,CaCO3,A
Chemistry,What is the chemical name for gypsum?,CaSO4·2H2O,CaSO4,CaCO3,CaO,A
Chemistry,Which property makes graphite useful in brushes?,Electrical conductivity,Hardness,Transparency,Solubility,A
Chemistry,What is the main use of carbon in dating?,Radioactive dating,Chemical dating,Physical dating,Geological dating,A
Chemistry,Which gas is used in light bulbs?,Ar,N2,O2,He,A
Chemistry,What is the main component of LNG?,CH4,C2H6,C3H8,CO2,A
Chemistry,Which process converts coal to liquid fuel?,Liquefaction,Gasification,Distillation,Combustion,A
Chemistry,What is the primary use of citric acid?,Food additive,Cleaning,Solvent,Fuel,A
Chemistry,Which industry produces pesticides?,Agrochemical,Pharmaceutical,Chemical,Construction,A
Chemistry,What is the formula for quicklime?,CaO,Ca(OH)2,CaCO3,CaSO4,A
Chemistry,Which acid is used in digestion?,HCl,H2SO4,HNO3,CH3COOH,A
Chemistry,What is the basicity of H3BO3?,1,2,3,4,A
Chemistry,Which metal is stored in oil?,Na,K,Li,All of above,D
Chemistry,What is the product of P2O5 + H2O?,H3PO4,H3PO3,H4P2O7,H2PO4,A
Chemistry,Which salt is used in baking?,NaHCO3,Na2CO3,NaCl,NaNO3,A
Chemistry,According to solubility rules, which sulfate is soluble?,MgSO4,BaSO4,PbSO4,CaSO4,A
Chemistry,Which substance is hygroscopic?,P2O5,Na2CO3·10H2O,CaCl2,NaNO3,A
Chemistry,Why is charcoal used in art?,Drawing,Painting,Sculpture,All of above,D
Chemistry,What is the main use of graphite in nuclear reactors?,Moderator,Fuel,Cladding,Coolant,A
Chemistry,Which reaction is used in manufacture of methanol?,CO + 2H2,C + O2,C + H2O,C + CO2,A
Chemistry,How is CO2 used in welding?,As shielding gas,As fuel,As oxidizer,As coolant,A
Chemistry,What is the test for chlorine?,Bleaches damp litmus paper,Turns lime water milky,Burns with pop sound,Relights splint,A
Chemistry,Which coal type is used for cooking?,Bituminous,Anthracite,Lignite,Peat,A
Chemistry,What is the main use of coal tar in medicine?,Antiseptic,Fuel,Solvent,Colorant,A
Chemistry,Which gas is used in neon signs?,Ne,He,Ar,Kr,A
Chemistry,What is the formula for carbon disulfide?,CS2,COS,C2S,CS,A
Chemistry,How is Na2CO3 obtained from Solvay process?,From NH3, CO2 and NaCl,From limestone,From coal,From air,A
Chemistry,What is observed when Ag2CO3 is heated?,Decomposes to Ag, CO2 and O2,Melts,No change,Turns yellow,A
Chemistry,What is the main component of lubricating oil?,C20+ hydrocarbons,C5-C12 compounds,C1-C4 gases,C12-C18 compounds,A
Chemistry,Which fraction is used in road construction?,Bitumen,Petrol,Kerosene,Diesel oil,A
Chemistry,What is the purpose of reforming in petroleum industry?,Improve octane number,Remove water,Add sulphur,Reduce viscosity,A
Chemistry,What is the octane number of ethanol?,100,0,50,108,A
Chemistry,Which is a tertiary petrochemical?,Pharmaceuticals,Fuels,Solvents,Plastics,A
Chemistry,What is the main raw material for synthetic fibers?,Petroleum,Coal,Natural gas,Air,A
Chemistry,Which industry produces ceramics?,Construction,Pharmaceutical,Chemical,Textile,A
Chemistry,What is the pH of milk?,6.5,7,8,5,A
Chemistry,Which salt is used in black powder?,KNO3,S,C,All of above,D
Chemistry,What is the chemical name for green vitriol?,FeSO4·7H2O,Fe2O3,FeCO3,FeCl3,A
Chemistry,Which property makes diamond valuable in industry?,Hardness,Beauty,Conductivity,Solubility,A
Chemistry,What is the main use of carbon in energy storage?,Batteries,Fuel cells,Capacitors,All of above,D
Chemistry,Which gas is used in weather balloons?,He,H2,O2,N2,A
Chemistry,What is the main component of biogas?,CH4,CO2,H2,N2,A
Chemistry,Which process converts organic waste to fertilizer?,Composting,Incineration,Landfilling,Recycling,A
Chemistry,What is the primary use of formic acid?,Preservative,Cleaning,Solvent,Fuel,A
Chemistry,Which industry produces soaps?,Chemical,Pharmaceutical,Textile,Construction,A
Chemistry,What is the formula for plaster of Paris?,CaSO4·½H2O,CaSO4,CaCO3,CaO,A
Chemistry,Which acid is used in car batteries?,H2SO4,HCl,HNO3,CH3COOH,A
Chemistry,What is the basicity of H4P2O7?,4,3,2,1,A
Chemistry,Which metal is used in thermite process?,Al,Fe,Cu,Zn,A
Chemistry,What is the product of CaC2 + H2O?,C2H2 + Ca(OH)2,CH4 + CaO,C2H4 + CaO,CO2 + CaH2,A
Chemistry,Which salt is used in dyeing?,Alum,NaCl,KNO3,CaCO3,A
Chemistry,According to solubility rules, which hydroxide is soluble?,NaOH,Ca(OH)2,Mg(OH)2,Al(OH)3,A
Chemistry,Which substance is efflorescent?,MgSO4·7H2O,CaCl2,SiO2,Conc. H2SO4,A
Chemistry,Why is graphite used in crucibles?,High melting point,Electrical conductivity,Transparency,Solubility,A
Chemistry,What is the main use of carbon in water treatment?,Filtration,Disinfection,Softening,Coagulation,A
Chemistry,Which reaction is used in blast furnace for iron production?,C reduces Fe2O3,C reduces CO2,C reduces H2O,C reduces SO2,A
Chemistry,How is CO2 used in oil recovery?,Enhanced oil recovery,Drilling,Refining,Transportation,A
Chemistry,What is the test for water vapor?,Turns cobalt chloride paper pink,Turns lime water milky,Burns with pop sound,Relights splint,A
Chemistry,Which coal type is most abundant?,Bituminous,Anthracite,Lignite,Peat,A
Chemistry,What is the main use of coal in chemistry?,Source of organic compounds,Fuel,Construction,Transportation,A
Chemistry,Which gas is used in deep sea diving?,He-O2 mixture,N2,O2,CO2,A
Chemistry,What is the formula for carbonyl chloride?,COCl2,CO2Cl,COCl,C2OCl2,A
Chemistry,How is K2CO3 prepared commercially?,From KCl and CO2,From wood ash,From limestone,From coal,A
Chemistry,What is observed when CaCO3 is strongly heated?,Decomposes to CaO and CO2,Melts,No change,Turns black,A
Chemistry,What is the main component of petroleum jelly?,C20+ hydrocarbons,C5-C12 compounds,C1-C4 gases,C12-C18 compounds,A
Chemistry,Which fraction is used in solvents?,Petroleum ether,Petrol,Kerosene,Diesel oil,A
Chemistry,What is the purpose of isomerization in petroleum industry?,Convert straight to branched chains,Remove impurities,Add oxygen,Reduce viscosity,A
Chemistry,What is the octane number of 2-methylpentane?,73,0,100,50,A
Chemistry,Which is a quaternary petrochemical?,Specialty chemicals,Fuels,Plastics,Solvents,A
Chemistry,What is the main raw material for explosives?,Toluene,Benzene,Xylene,All of above,D
Chemistry,Which industry produces rubber?,Chemical,Pharmaceutical,Automotive,Textile,A
Chemistry,What is the pH of blood?,7.4,7,8,6,A
Chemistry,Which salt is used in tanning?,Cr2(SO4)3,NaCl,KNO3,CaCO3,A
Chemistry,What is the chemical name for oil of vitriol?,H2SO4,HCl,HNO3,CH3COOH,A
Chemistry,Which property makes diamond useful in electronics?,Thermal conductivity,Electrical insulation,Transparency,Hardness,A
Chemistry,What is the main use of carbon in medicine?,Drug delivery,Implants,Diagnostics,All of above,D
Chemistry,Which gas is used in food preservation?,CO2,N2,O2,He,A
Chemistry,What is the main component of syngas?,CO and H2,CO and N2,CH4 and H2,CO2 and H2,A
Chemistry,Which process converts coal to town gas?,Destructive distillation,Gasification,Liquefaction,Combustion,A
Chemistry,What is the primary use of oxalic acid?,Cleaning,Food additive,Solvent,Fuel,A
Chemistry,Which industry produces adhesives?,Chemical,Pharmaceutical,Construction,Textile,A
Chemistry,What is the formula for Epsom salt?,MgSO4·7H2O,MgSO4,MgCO3,MgO,A
Chemistry,Which acid is used in etching glass?,HF,HCl,HNO3,H2SO4,A
Chemistry,What is the basicity of H2S?,2,1,3,4,A
Chemistry,Which metal is used in batteries?,Zn,Cu,Ag,Au,A
Chemistry,What is the product of Cl2 + H2O?,HCl + HOCl,HCl + O2,H2 + Cl2O,H2O2 + Cl2,A
Chemistry,Which salt is used in fireworks for red color?,Sr(NO3)2,NaCl,KNO3,CaCO3,A
Chemistry,According to solubility rules, which phosphate is soluble?,Na3PO4,Ca3(PO4)2,Ag3PO4,AlPO4,A
Chemistry,Which substance is deliquescent?,KOH,Na2CO3·10H2O,SiO2,CaCO3,A
Chemistry,Why is diamond used in abrasives?,Hardness,Beauty,Conductivity,Solubility,A
Chemistry,What is the main use of carbon in electronics?,Semiconductors,Conductors,Insulators,All of above,A
Chemistry,Which reaction is used in manufacture of urea?,2NH3 + CO2 → NH2CONH2 + H2O,N2 + 3H2 → 2NH3,C + O2 → CO2,C + H2O → CO + H2,A
Chemistry,How is CO2 used in agriculture?,Plant growth enhancement,Soil treatment,Water treatment,Pest control,A
Chemistry,What is the test for sulfur dioxide?,Turns acidified K2Cr2O7 green,Turns lime water milky,Burns with pop sound,Relights splint,A
Chemistry,Which coal type is used in cement production?,Bituminous,Anthracite,Lignite,Peat,A
Chemistry,What is the main use of coal in power plants?,Electricity generation,Heating,Chemical production,Transportation,A
Chemistry,Which gas is used in anesthesia?,N2O,O2,N2,CO2,A
Chemistry,What is the formula for phosgene?,COCl2,CO2Cl,COCl,C2OCl2,A
Chemistry,How is Na2CO3 used in water treatment?,Water softening,Disinfection,Filtration,Coagulation,A
Chemistry,What is observed when NH4HCO3 is heated?,Decomposes to NH3, CO2 and H2O,Melts,No change,Turns yellow,A
Chemistry,What is the main component of paraffin wax?,C20+ hydrocarbons,C5-C12 compounds,C1-C4 gases,C12-C18 compounds,A
Chemistry,Which fraction is used in dry cleaning?,Petroleum ether,Petrol,Kerosene,Diesel oil,A
Chemistry,What is the purpose of alkylation in petroleum industry?,Produce high-octane gasoline,Remove sulphur,Add oxygen,Reduce viscosity,A
Chemistry,What is the octane number of isooctane?,100,0,50,25,A
Chemistry,Which is a petrochemical derivative?,Synthetic rubber,Natural rubber,Wood,Mineral,A
Chemistry,What is the main raw material for polymers?,Ethylene,Propylene,Butadiene,All of above,D
Chemistry,Which industry produces cosmetics?,Chemical,Pharmaceutical,Textile,Construction,A
Chemistry,What is the pH of lemon juice?,2,7,8,5,A
Chemistry,Which salt is used in blue prints?,Ferricyanide,Chloride,Nitrate,Carbonate,A
Chemistry,What is the chemical name for muriatic acid?,HCl,H2SO4,HNO3,CH3COOH,A
Chemistry,Which property makes graphite useful in composites?,Strength and lightness,Electrical conductivity,Transparency,Solubility,A
Chemistry,What is the main use of carbon in sports equipment?,Lightweight materials,Strength,Durability,All of above,D
Chemistry,Which gas is used in light bulbs?,Ar,N2,O2,He,A
Chemistry,What is the main component of natural gas?,CH4,C2H6,C3H8,CO2,A
Chemistry,Which process converts biomass to biogas?,Anaerobic digestion,Composting,Incineration,Gasification,A
Chemistry,What is the primary use of tartaric acid?,Food additive,Cleaning,Solvent,Fuel,A
Chemistry,Which industry produces insecticides?,Agrochemical,Pharmaceutical,Chemical,Construction,A
Chemistry,What is the formula for calcite?,CaCO3,CaO,Ca(OH)2,CaSO4,A
Chemistry,Which acid is used in lead storage batteries?,H2SO4,HCl,HNO3,CH3COOH,A
Chemistry,What is the basicity of H3PO2?,1,2,3,4,A
Chemistry,Which metal is used in galvanization?,Zn,Fe,Cu,Al,A
Chemistry,What is the product of SO2 + H2O?,H2SO3,H2SO4,SO3,H2S,A
Chemistry,Which salt is used in medicine as purgative?,MgSO4,NaCl,KNO3,CaCO3,A
Chemistry,According to solubility rules, which chromate is soluble?,K2CrO4,BaCrO4,PbCrO4,Ag2CrO4,A
Chemistry,Which substance is hygroscopic?,Conc. H2SO4,Na2CO3·10H2O,CaCl2,NaNO3,A
Chemistry,Why is diamond used in precision instruments?,Hardness and durability,Electrical conductivity,Transparency,Solubility,A
Chemistry,What is the main use of carbon in environmental protection?,Air and water purification,Soil treatment,Waste management,All of above,D
Chemistry,Which reaction is used in production of silicon?,C reduces SiO2,C reduces CO2,C reduces H2O,C reduces SO2,A
Chemistry,How is CO2 used in beverage industry?,Carbonation,Preservation,Sweetening,Coloring,A


853dfbfc85379808905a84cf7c6d1b806948d520

























