Subject,Question,Option A,Option B,Option C,Option D,Answer,Cluster
Chemistry,What type of hydrocarbons consist of carbon chains with only single bonds?,Alkenes,Alkynes,Alkanes,Aromatics,C,6
Chemistry,Which of the following is the general molecular formula for alkanes?,CnH2n,CnH2n-2,CnH2n+2,CnH2n-6,C,6
Chemistry,How is methane primarily prepared in the laboratory?,Heating ethanol with H2SO4,Heating ethanoate salt with alkali,Reacting ethene with water,Dehydration of ethanol,B,0
Chemistry,Which of these is a use of methane?,Making plastics,As a fuel,Producing ethanol,Ripening fruits,B,0
Chemistry,What term describes compounds with the same molecular formula but different structural arrangements?,Isotopes,Allotropes,Isomers,Polymers,C,6
Chemistry,Which type of isomerism occurs due to different arrangements of the carbon chain?,Functional isomerism,Positional isomerism,Chain isomerism,Stereo isomerism,C,6
Chemistry,What is the IUPAC name for CH3CHClCH2OH?,1-chloropropan-2-ol,2-chloropropan-1-ol,Chloroethanol,Propan-2-chloro-ol,A,6
Chemistry,Which of these compounds exhibits geometric isomerism?,Methane,Ethane,But-2-ene,Propanol,C,6
Chemistry,What are unsaturated hydrocarbons characterized by?,Single bonds only,Multiple bonds between carbon atoms,Ring structures,Containing oxygen,B,0
Chemistry,How is ethene commonly prepared in the laboratory?,Heating calcium carbide with water,Heating ethanol with concentrated H2SO4,Reacting ethane with chlorine,Fermentation of sugar,B,7
Chemistry,What happens when ethene reacts with acidified potassium permanganate?,It turns green,It turns purple,It decolorizes,It produces a black precipitate,C,2
Chemistry,Which reaction involves ethene adding a water molecule to form ethanol?,Halogenation,Hydration,Hydrogenation,Polymerization,B,4
Chemistry,What is a major industrial use of ethene?,Making soap,Manufacturing plastics,Producing ammonia,As a solvent,B,3
Chemistry,Which homologous series has the general formula CnH2n-2?,Alkanes,Alkenes,Alkynes,Aromatics,C,6
Chemistry,How is ethyne typically prepared in the laboratory?,Dehydration of ethanol,Heating sodium ethanoate,Action of water on calcium carbide,Cracking of propane,C,7
Chemistry,What type of flame does ethyne produce in plenty of air?,Smoky and luminous,Non-luminous and very hot,Colorless and odorless,No flame,B,0
Chemistry,Which reagent is used to distinguish alkynes from alkenes?,Bromine water,Acidified KMnO4,Ammoniacal CuCl,Litmus paper,C,6
Chemistry,What is a common use of ethyne?,Making margarine,As an anesthetic,Producing oxyacetylene flame for welding,Manufacturing soap,C,7
Chemistry,What is the molecular formula of benzene?,C6H6,C6H12,C6H10,C6H14,A,6
Chemistry,Which of these is a method for preparing benzene?,Fermentation of sugar,From coal tar,Electrolysis of brine,Heating ethanol,B,7
Chemistry,What type of reaction does benzene primarily undergo?,Addition,Substitution,Polymerization,Hydrolysis,B,4
Chemistry,Which derivative of benzene is also known as toluene?,Nitrobenzene,Phenol,Methyl benzene,Chlorobenzene,C,6
Chemistry,What is a common use of benzene?,As a food preservative,As a solvent,In making soaps,As a fuel additive,B,7
Chemistry,What is the functional group in alkanols?,Carboxyl group,Carbonyl group,Hydroxyl group,Amino group,C,6
Chemistry,Which class of alkanol has the hydroxyl group attached to a carbon with only one alkyl group?,Primary,Secondary,Tertiary,Polyhydric,A,6
Chemistry,What is the industrial process of producing ethanol from sugar called?,Cracking,Distillation,Fermentation,Polymerization,C,4
Chemistry,Which enzyme converts glucose to ethanol and carbon dioxide?,Maltase,Diastase,Zymase,Invertase,C,4
Chemistry,What is observed when a primary alkanol is oxidized with acidified K2Cr2O7?,It turns purple,It turns from orange to green,It turns blue,It turns red,B,2
Chemistry,What is the general molecular formula for alkanoic acids?,CnH2nO2,RCOOH,CnH2n+1COOH,ROH,B,6
Chemistry,How can ethanoic acid be prepared from ethanol?,Dehydration,Distillation,Oxidation,Fermentation,C,4
Chemistry,What is the common name for ethanoic acid when it is pure and frozen?,Glacial acetic acid,Formic acid,Acetone,Vinegar,A,2
Chemistry,Which of these is a chemical property of ethanoic acid?,It turns blue litmus red,It has a pungent smell,It is soluble in water,It liberates CO2 from carbonates,D,2
Chemistry,What is formed when an alkanoic acid reacts with an alkanol?,A salt,An ester,An alkene,An amine,B,2
Chemistry,What is the general structure of an ester?,ROR',RCOOH,RCOOR',RNH2,C,6
Chemistry,Which process describes the hydrolysis of fats and oils with alkali?,Esterification,Hydrogenation,Saponification,Polymerization,C,4
Chemistry,What are the two main parts of a soap molecule?,Acidic and basic parts,Hydrophobic and hydrophilic parts,Reducing and oxidizing parts,Saturated and unsaturated parts,B,7
Chemistry,Which of the following is a soapless detergent?,Sodium stearate,Alkylbenzene sulphonate,Potassium palmitate,Glycerol,B,7
Chemistry,What is a polymer?,A small molecule,A giant molecule made of repeating units,A type of salt,A single atom,B,7
Chemistry,Which type of polymerization involves the elimination of a small molecule like water?,Addition polymerization,Condensation polymerization,Chain polymerization,Substitution polymerization,B,7
Chemistry,What is the monomer unit in polythene?,Ethene,Ethyne,Propene,Styrene,A,7
Chemistry,Which of these is a thermosetting plastic?,Polythene,Nylon,Bakelite,Perspex,C,7
Chemistry,What is the process of heating natural rubber with sulphur called?,Polymerization,Vulcanization,Hydrogenation,Saponification,B,7
Chemistry,What is the general formula for carbohydrates?,Cn(H2O)n,CnH2nO2,CnH2n+2O,CnH2nO,A,6
Chemistry,Which of these is a monosaccharide?,Sucrose,Lactose,Maltose,Glucose,D,6
Chemistry,How is glucose commonly tested for in the laboratory?,With bromine water,With Fehling's solution,With litmus paper,With silver nitrate,B,7
Chemistry,What are the products of hydrolysis of sucrose?,Glucose and galactose,Glucose and fructose,Fructose and galactose,Glucose only,B,4
Chemistry,Which of these is a polysaccharide?,Glucose,Fructose,Starch,Sucrose,C,7
Chemistry,What are the monomer units of proteins?,Fatty acids,Monosaccharides,Amino acids,Nucleotides,C,6
Chemistry,Which test gives a violet colour with proteins?,Fehling's test,Benedict's test,Biuret test,Seliwanoff's test,C,7
Chemistry,What functional groups are present in an amino acid?,Amino and carbonyl,Amino and carboxyl,Hydroxyl and carboxyl,Hydroxyl and carbonyl,B,6
Chemistry,What is the general formula for a primary amine?,RNH2,R2NH,R3N,RNH3+,A,6
Chemistry,How are amides commonly prepared?,From alkanes,From esters and ammonia,From alkenes,From amines,B,7
Chemistry,What is the common name for carbamide?,Urea,Ammonia,Ethanamide,Methylamine,A,6
Chemistry,What is the primary product when ethanol undergoes complete combustion?,Carbon monoxide and water,Carbon dioxide and water,Methane and oxygen,Ethene and steam,B,4
Chemistry,Which type of alkanol is resistant to oxidation under normal conditions?,Primary alkanol,Secondary alkanol,Tertiary alkanol,Dihydric alkanol,C,7
Chemistry,What is the correct IUPAC name for CH3CH2CH(OH)CH3?,Butan-1-ol,Butan-2-ol,2-hydroxybutane,1-methylpropanol,B,6
Chemistry,Which compound is formed when ethanoic acid reacts with sodium carbonate?,Sodium ethanoate and water,Sodium ethanoate and CO2,Ethanol and CO2,Ethane and water,B,2
Chemistry,What is the common name for the ester formed from ethanoic acid and methanol?,Methyl ethanoate,Ethyl methanoate,Methyl methanoate,Ethyl ethanoate,A,4
Chemistry,Which process converts oils into margarine?,Saponification,Hydrogenation,Polymerization,Esterification,B,4
Chemistry,What is the primary difference between soaps and soapless detergents?,Soaps are synthetic,Soapless detergents do not form scum with hard water,Soaps are made from petrochemicals,Soapless detergents are biodegradable,B,7
Chemistry,Which of these is a natural polymer?,Nylon,Polythene,Polypropene,Starch,D,7
Chemistry,What type of polymerization is used to produce nylon?,Addition polymerization,Condensation polymerization,Chain polymerization,Free-radical polymerization,B,7
Chemistry,Which carbohydrate is known as milk sugar?,Maltose,Sucrose,Lactose,Fructose,C,4
Chemistry,What is the product of the hydrolysis of starch?,Glucose,Fructose,Sucrose,Galactose,A,4
Chemistry,Which test is used to identify proteins with a violet colour change?,Benedict's test,Biuret test,Fehling's test,Iodine test,B,7
Chemistry,What are the building blocks of proteins?,Fatty acids,Monosaccharides,Amino acids,Nucleotides,C,6
Chemistry,Which functional group is characteristic of amines?,–COOH,–OH,–NH2,–CHO,C,6
Chemistry,How are primary amines classified?,R2NH,R3N,RNH2,R4N+,C,6
Chemistry,What is formed when an amide is hydrolyzed with an acid?,Amine and alcohol,Carboxylic acid and ammonia,Ester and water,Aldehyde and ammonia,B,2
Chemistry,Which compound is commonly known as urea?,Ethanamide,Carbamide,Methanamide,Formamide,B,7
Chemistry,What is the molecular formula of the simplest alkyne?,C2H2,C2H4,C2H6,CH4,A,6
Chemistry,Which reagent is used to test for unsaturation in organic compounds?,Litmus paper,Bromine water,Fehling's solution,Benedict's solution,B,7
Chemistry,What is the main component of natural gas?,Ethene,Ethyne,Methane,Propane,C,0
Chemistry,Which hydrocarbon is a major constituent of gasoline?,Benzene,Methane,Ethene,Ethane,A,0
Chemistry,What is the product when ethene undergoes polymerization?,Polythene,Polypropene,Polyvinyl chloride,Polystyrene,A,7
Chemistry,Which compound is responsible for the characteristic odor of rotten fish?,Amines,Amides,Esters,Carboxylic acids,A,7
Chemistry,What is the general formula for a secondary amine?,RNH2,R2NH,R3N,R4N+,B,6
Chemistry,Which alcohol is commonly used in alcoholic beverages?,Methanol,Ethanol,Propanol,Butanol,B,7
Chemistry,What is the functional group in aldehydes?,–OH,–COOH,–CHO,–CO–,C,6
Chemistry,Which compound is used as an antifreeze in car radiators?,Methanol,Ethanol,Propanol,Glycerol,B,7
Chemistry,What is the product of the reaction between ethanol and sodium?,Sodium ethoxide and hydrogen,Sodium ethanoate and hydrogen,Sodium hydroxide and ethane,Sodium chloride and water,A,4
Chemistry,Which acid is present in vinegar?,Methanoic acid,Ethanoic acid,Propanoic acid,Butanoic acid,B,2
Chemistry,What type of isomerism is shown by compounds with the same molecular formula but different functional groups?,Chain isomerism,Positional isomerism,Functional isomerism,Stereoisomerism,C,6
Chemistry,Which of these is an example of a dicarboxylic acid?,Methanoic acid,Ethanoic acid,Oxalic acid,Benzoic acid,C,2
Chemistry,What is the common name for methanoic acid?,Acetic acid,Formic acid,Propionic acid,Butyric acid,B,2
Chemistry,Which polymer is used for making non-stick cookware?,Polythene,Polypropene,Polystyrene,Polytetrafluoroethene,D,7
Chemistry,What is the monomer of natural rubber?,Isoprene,Ethene,Ethyne,Styrene,A,7
Chemistry,Which carbohydrate is a non-reducing sugar?,Glucose,Fructose,Sucrose,Maltose,C,4
Chemistry,What is the product of the fermentation of glucose?,Ethanol and CO2,Methanol and CO2,Ethanoic acid and water,Ethene and water,A,4
Chemistry,Which element is added during vulcanization of rubber?,Carbon,Sulphur,Nitrogen,Oxygen,B,7
Chemistry,What is the primary use of hydrogenation in the food industry?,To make soaps,To produce margarine,To make detergents,To produce ethanol,B,3
Chemistry,Which type of plastic can be remoulded upon heating?,Thermosetting plastic,Thermoplastic,Bakelite,Urea-methanal,B,7
Chemistry,What is the name of the process where large molecules are broken down into smaller ones?,Polymerization,Condensation,Hydrolysis,Hydrogenation,C,4
Chemistry,Which gas is produced when calcium carbide reacts with water?,Methane,Ethene,Ethyne,Carbon dioxide,C,4
Chemistry,What is the structural formula of benzene often represented as?,A straight chain,A ring with alternating double bonds,A tetrahedral structure,A linear chain with triple bonds,B,6
Chemistry,Which compound is used as a solvent for oils and fats?,Water,Benzene,Ethanol,Methanol,B,7
Chemistry,What is the name of the reaction where an alcohol is converted to an alkene?,Esterification,Dehydration,Hydrogenation,Hydrolysis,B,4
Chemistry,Which functional group is present in ketones?,–CHO,–COOH,–OH,–CO–,D,6
Chemistry,What is the product when an aldehyde is oxidized?,Carboxylic acid,Alcohol,Ketone,Ester,A,4
Chemistry,Which compound is used in the manufacture of explosives like TNT?,Benzene,Toluene,Phenol,Nitrobenzene,B,7
Chemistry,What is the product when ethanoic acid reacts with phosphorus pentachloride?,Ethanoyl chloride,Ethanol,Ethene,Ethane,A,2
Chemistry,Which compound is produced when ethanol is oxidized with acidified potassium dichromate?,Ethanal,Ethanoic acid,Ethene,Ethane,B,4
Chemistry,What is the general formula for cycloalkanes?,CnH2n,CnH2n-2,CnH2n+2,CnH2n-6,A,6
Chemistry,Which of these is a characteristic of benzene?,It readily undergoes addition reactions,It burns with a non-sooty flame,It has a structure with alternating double bonds,It is saturated hydrocarbon,C,6
Chemistry,What is the name of the process where alkanes are broken down into smaller molecules?,Polymerization,Cracking,Reforming,Hydrogenation,B,4
Chemistry,Which alcohol is poisonous and can cause blindness?,Ethanol,Propanol,Methanol,Butanol,C,7
Chemistry,What is the functional group in a ketone?,–CHO,–COOH,–OH,–CO–,D,6
Chemistry,Which compound is used as a preservative for biological specimens?,Methanol,Ethanol,Ethanoic acid,Formalin,D,7
Chemistry,What is the product of the reaction between an alkanol and an alkanoic acid?,Ester,Ether,Aldehyde,Ketone,A,4
Chemistry,Which gas is produced when ethanol reacts with sodium?,Hydrogen,Oxygen,Carbon dioxide,Chlorine,A,4
Chemistry,What is the test for a carbonyl group in an aldehyde?,Turns blue litmus red,Forms a silver mirror with Tollens' reagent,Decolorizes bromine water,Produces a violet color with FeCl3,B,6
Chemistry,Which polymer is used for making bottles and containers?,Polystyrene,Polythene,Polyvinyl chloride,Nylon,B,7
Chemistry,What is the monomer unit in PVC?,Ethene,Chloroethene,Ethyne,Propene,B,7
Chemistry,Which carbohydrate gives a blue-black color with iodine solution?,Glucose,Sucrose,Starch,Cellulose,C,7
Chemistry,What is the product of the complete hydrolysis of proteins?,Fatty acids,Amino acids,Monosaccharides,Glycerol,B,4
Chemistry,Which type of isomerism is possible in alkenes but not in alkanes?,Chain isomerism,Positional isomerism,Geometric isomerism,Functional isomerism,C,6
Chemistry,What is the common name for 2-methylpropan-2-ol?,n-butanol,Isobutanol,tert-butanol,Sec-butanol,C,6
Chemistry,Which compound is used in the manufacture of dynamite?,Benzene,Toluene,Glycerol,Phenol,C,7
Chemistry,What is the product when ethene reacts with steam in the presence of a catalyst?,Ethanol,Ethanal,Ethanoic acid,Ethane,A,4
Chemistry,Which reagent is used to convert an aldehyde to a primary alcohol?,Acidified K2Cr2O7,Lithium aluminium hydride,Bromine water,Fehling's solution,B,4
Chemistry,What is the name of the reaction where an ester is formed from an acid and an alcohol?,Esterification,Saponification,Hydrolysis,Hydrogenation,A,4
Chemistry,Which compound is responsible for the smell of oranges?,Esters,Amines,Amides,Carboxylic acids,A,7
Chemistry,What is the general formula for ethers?,ROR',ROH,RCOOH,RNH2,A,6
Chemistry,Which fuel has the highest octane number?,Diesel,Kerosene,Petroleum,CNG,C,0
Chemistry,What is the product when calcium carbide reacts with water?,Ethene,Ethyne,Methane,Ethanol,B,8
Chemistry,Which compound is used as an antifreeze?,Methanol,Ethanol,Glycerol,Ethylene glycol,D,7
Chemistry,What is the name of the process where glucose is converted to ethanol and CO2?,Photosynthesis,Fermentation,Respiration,Distillation,B,4
Chemistry,Which vitamin is also known as ascorbic acid?,Vitamin A,Vitamin B,Vitamin C,Vitamin D,C,2
Chemistry,What is the functional group in a carboxylic acid?,–OH,–CHO,–COOH,–CO–,C,6
Chemistry,Which compound is used in making smokeless gunpowder?,Cellulose nitrate,Cellulose acetate,Polytheme,Nylon,A,7
Chemistry,What is the product when an alkene reacts with hydrogen in the presence of nickel?,Alkane,Alkyne,Alcohol,Aldehyde,A,4
Chemistry,Which gas is used for ripening fruits artificially?,Ethene,Ethyne,Methane,Carbon dioxide,A,4
Chemistry,What is the name of the process where oils are converted to fats?,Hydrogenation,Saponification,Polymerization,Esterification,A,4
Chemistry,Which compound is used in the manufacture of bakelite?,Formaldehyde,Acetaldehyde,Acetone,Formic acid,A,7
Chemistry,What is the product when an aldehyde is reduced?,Primary alcohol,Secondary alcohol,Carboxylic acid,Ketone,A,4
Chemistry,Which carbohydrate is also known as fruit sugar?,Glucose,Fructose,Galactose,Sucrose,B,4
Chemistry,What is the test for an amino group?,Turns red litmus blue,Forms a precipitate with AgNO3,Decolorizes bromine water,Produces a violet color with ninhydrin,A,6
Chemistry,Which polymer is used for making textiles and ropes?,Polythene,Polypropene,Nylon,Polystyrene,C,7
Chemistry,What is the monomer unit in natural rubber?,Isoprene,Butadiene,Styrene,Chloroethene,A,7
Chemistry,Which compound is used as a solvent for lacquer?,Acetone,Ether,Ethanol,Methanol,A,7
Chemistry,What is the product when an amine reacts with an acid?,Ammonium salt,Amide,Ester,Alcohol,A,2
Chemistry,Which vitamin is fat-soluble?,Vitamin B,Vitamin C,Vitamin A,Vitamin B12,C,7
Chemistry,What is the name of the process where naphtha is converted to gasoline?,Cracking,Reforming,Distillation,Hydrogenation,B,4
Chemistry,Which compound is used in the manufacture of dyes and drugs?,Benzene,Ethane,Ethene,Ethyne,A,7
Chemistry,What is the product when an alkane undergoes complete combustion?,Carbon monoxide and water,Carbon dioxide and water,Carbon and water,Methane and oxygen,B,4
Chemistry,Which carbohydrate is stored in the liver as glycogen?,Glucose,Fructose,Galactose,Sucrose,A,4
Chemistry,What is the test for a double bond in an organic compound?,Turns blue litmus red,Decolorizes bromine water,Forms a silver mirror,Produces a violet color,B,6
Chemistry,Which compound is formed when ethanol is dehydrated with concentrated H2SO4 at 170°C?,Ethene,Ethyne,Ethane,Ethanal,A,4
Chemistry,What is the general molecular formula for alkenes?,CnH2n,CnH2n+2,CnH2n-2,CnH2n-6,A,6
Chemistry,Which reagent is used to test for the presence of a primary alcohol?,Acidified potassium dichromate,Bromine water,Tollens' reagent,Fehling's solution,A,7
Chemistry,What is the product when propanoic acid reacts with ethanol?,Ethyl propanoate,Propyl ethanoate,Methyl propanoate,Propyl methanoate,A,4
Chemistry,Which type of reaction is used to convert an alkene to an alkane?,Hydrogenation,Hydration,Dehydration,Halogenation,A,4
Chemistry,What is the common name for the simplest carboxylic acid?,Acetic acid,Formic acid,Propionic acid,Butyric acid,B,2
Chemistry,Which compound is produced when ethyne is passed through a red-hot iron tube?,Benzene,Ethene,Ethane,Cyclohexane,A,7
Chemistry,What is the functional group present in esters?,-COO-,-COOH,-OH,-CHO,A,6
Chemistry,Which carbohydrate is also known as dextrose?,Fructose,Glucose,Galactose,Sucrose,B,4
Chemistry,What is the product of the reaction between an amine and an acid chloride?,Amide,Amine salt,Ester,Alcohol,A,2
Chemistry,Which polymer is used for making synthetic fibers like polyester?,Polythene,Polypropene,Terylene,Nylon,C,7
Chemistry,What is the test for unsaturation in organic compounds?,Iodine test,Bromine test,Benedict's test,Biuret test,B,7
Chemistry,Which compound is used as a refrigerant and in aerosol propellants?,Chlorofluorocarbons,Hydrocarbons,Alcohols,Ethers,A,7
Chemistry,What is the product when methanol is oxidized with copper catalyst?,Methanal,Methanoic acid,Carbon dioxide,Water,A,4
Chemistry,Which vitamin deficiency causes scurvy?,Vitamin A,Vitamin B,Vitamin C,Vitamin D,C,7
Chemistry,What is the name of the process where an alkane is converted to an alkene?,Dehydrogenation,Hydrogenation,Hydration,Dehydration,A,4
Chemistry,Which compound is used in the manufacture of vinegar?,Methanoic acid,Ethanoic acid,Propanoic acid,Butanoic acid,B,7
Chemistry,What is the product when an aldehyde is oxidized with Tollens' reagent?,Carboxylic acid,Silver mirror,Alcohol,Ketone,B,7
Chemistry,Which carbohydrate is a disaccharide made of glucose and fructose?,Maltose,Sucrose,Lactose,Cellulose,B,4
Chemistry,What is the functional group in amides?,-CONH2,-NH2,-COOH,-OH,A,6
Chemistry,Which compound is used as a solvent for fats and oils?,Water,Ethanol,Chloroform,Benzene,D,7
Chemistry,Which polymer is used for making insulation and packaging materials?,Polystyrene,Polythene,Polyvinyl chloride,Nylon,A,7
Chemistry,Which compound is produced when calcium carbonate is heated?,Calcium oxide and CO2,Calcium hydroxide,Calcium carbide,Calcium chloride,A,8
Chemistry,What is the name of the process where an ester is hydrolyzed with an alkali?,Saponification,Esterification,Neutralization,Hydrogenation,A,4
Chemistry,Which vitamin is also known as tocopherol?,Vitamin A,Vitamin B,Vitamin E,Vitamin K,C,7
Chemistry,What is the product when an alkene reacts with water in the presence of acid?,Alcohol,Aldehyde,Carboxylic acid,Ketone,A,2
Chemistry,Which carbohydrate is used as a storage polysaccharide in plants?,Glycogen,Starch,Cellulose,Chitin,B,4
Chemistry,What is the functional group in ethers?,-O-,-OH,-COOH,-CHO,A,6
Chemistry,Which compound is used in the manufacture of soap?,Sodium hydroxide,Potassium hydroxide,Calcium hydroxide,Ammonium hydroxide,A,7
Chemistry,What is the product when an amine reacts with nitrous acid?,Diazonium salt,Amide,Nitro compound,Alcohol,A,2
Chemistry,Which polymer is used for making non-stick coatings?,Polytetrafluoroethylene,Polystyrene,Polypropene,Nylon,A,7
Chemistry,What is the test for the presence of a phenol group?,Neutral FeCl3 test,Bromine test,Tollens' test,Benedict's test,A,6
Chemistry,Which compound is used as an anesthetic in surgery?,Chloroform,Ether,Ethanol,Methanol,A,7
Chemistry,What is the product when an alkyne undergoes complete combustion?,CO2 and H2O,CO and H2O,CO2 and H2,CO and H2,A,4
Chemistry,Which vitamin is synthesized in the skin on exposure to sunlight?,Vitamin A,Vitamin B,Vitamin C,Vitamin D,D,7
Chemistry,What is the name of the process where glucose is converted to pyruvate?,Glycolysis,Fermentation,Respiration,Photosynthesis,A,4
Chemistry,Which compound is used as a preservative in food?,Sodium benzoate,Sodium chloride,Sodium bicarbonate,Sodium hydroxide,A,7
Chemistry,What is the product when an alcohol is oxidized with PCC (pyridinium chlorochromate)?,Aldehyde,Carboxylic acid,Ketone,Alkene,A,7
Chemistry,Which carbohydrate is a structural polysaccharide in plants?,Starch,Cellulose,Glycogen,Chitin,B,4
Chemistry,What is the functional group in alkyl halides?,-X (halogen),-OH,-COOH,-NH2,A,6
Chemistry,Which compound is used in the manufacture of explosives?,Nitroglycerin,Glycerol,Ethanol,Methanol,A,7
Chemistry,What is the product when benzene undergoes nitration?,Nitrobenzene,Chlorobenzene,Bromobenzene,Aminobenzene,A,4
Chemistry,Which polymer is used for making rubber tires?,Natural rubber,Polystyrene,Polytheme,Nylon,A,7
Chemistry,What is the test for the presence of an amino acid?,Ninhydrin test,Biuret test,Benedict's test,Tollens' test,A,2
Chemistry,Which compound is used as a solvent in dry cleaning?,Tetrachloroethene,Ethanol,Water,Benzene,A,7
Chemistry,What is the product when an alkene undergoes ozonolysis?,Carbonyl compounds,Alcohols,Carboxylic acids,Alkanes,A,4
Chemistry,What is the definition of an acid according to the document?,A proton acceptor,A substance that produces hydroxonium ions in aqueous solution,A substance that turns red litmus blue,A compound containing oxygen,B,2
Chemistry,Which of the following is an example of an organic acid?,Hydrochloric acid,Trioxonitrate(V) acid,Ethanoic acid,Tetraoxosulphate(VI) acid,C,2
Chemistry,What is the basicity of tetraoxosulphate(VI) acid?,1,2,3,4,B,8
Chemistry,Which physical property is common to all acids?,They turn red litmus blue,They have a bitter taste,They have a sour taste,They are soapy to touch,C,2
Chemistry,What gas is liberated when acids react with most metals?,Carbon dioxide,Oxygen,Hydrogen,Nitrogen,C,2
Chemistry,Which of the following methods can be used to prepare an acid?,Dissolving a basic oxide in water,Combining a metal with water,Dissolving an acid anhydride in water,Heating a carbonate,C,2
Chemistry,What is the pH of a neutral solution?,0,7,14,It depends on the acid,B,2
Chemistry,Which of the following best describes a base?,A substance that produces hydroxide ions in water,A proton donor,A substance that turns blue litmus red,A substance with a pH less than 7,A,6
Chemistry,Which of the following is a strong base?,Calcium hydroxide,Ammonia solution,Sodium hydroxide,Aluminium hydroxide,C,6
Chemistry,Which type of salt is formed when all replaceable hydrogen ions in an acid are replaced by a metal ion?,Acid salt,Basic salt,Normal salt,Double salt,C,5
Chemistry,What is the general formula for an acid salt?,MCO3,MHCO3,M2CO3,MOH,B,5
Chemistry,Which of the following salts is insoluble in water?,Sodium chloride,Potassium nitrate,Ammonium carbonate,Silver chloride,D,5
Chemistry,What process is used to recover a soluble salt that decomposes on heating?,Evaporation to dryness,Decantation,Crystallization,Filtration,C,5
Chemistry,A hydrated salt is one that:,Does not contain water molecules,Contains water of crystallization,Is always deliquescent,Is efflorescent,B,5
Chemistry,What term describes a substance that absorbs moisture from the air and forms a solution?,Efflorescent,Hygroscopic,Deliquescent,Anhydrous,C,7
Chemistry,Which of the following is a crystalline allotrope of carbon?,Charcoal,Coal,Coke,Diamond,D,6
Chemistry,What property of diamond makes it suitable for use in cutting tools?,It is a good conductor of electricity,It is soft and slippery,It is extremely hard,It has a low density,C,1
Chemistry,Why is graphite a good conductor of electricity?,It has a high density,It contains free delocalized electrons,It is transparent,It has a giant ionic structure,B,1
Chemistry,Which of the following is an amorphous form of carbon?,Graphite,Diamond,Lampblack,Fullerene,C,1
Chemistry,What is the main product when carbon burns in excess oxygen?,Carbon monoxide,Carbon dioxide,Water,Hydrogen gas,B,1
Chemistry,Which gas is produced when carbon reduces copper(II) oxide?,Carbon dioxide,Carbon monoxide,Oxygen gas,Hydrogen gas,A,1
Chemistry,How is carbon(IV) oxide typically prepared in the laboratory?,Heating potassium trioxocarbonate(IV),Action of dilute acid on a trioxocarbonate(IV),Heating carbon in air,Burning methane,B,1
Chemistry,Which method is used to collect carbon(IV) oxide gas?,Upward delivery,Downward delivery,Over water,Using a gas syringe,B,1
Chemistry,What is observed when carbon(IV) oxide is bubbled through lime water?,The lime water turns blue,The lime water turns milky,The lime water turns red,The lime water becomes warm,B,1
Chemistry,What is the main use of carbon(IV) oxide in fire extinguishers?,It is flammable,It supports combustion,It is denser than air and does not support combustion,It has a pleasant smell,C,1
Chemistry,How is carbon(II) oxide prepared from methanoic acid?,By dehydration with concentrated H2SO4,By reaction with water,By heating with limestone,By fermentation,A,1
Chemistry,Why is carbon(II) oxide considered dangerous?,It is flammable,It has a pleasant smell,It is poisonous and combines irreversibly with haemoglobin,It is a strong acid,C,1
Chemistry,Which of the following is a use of carbon(II) oxide?,In fire extinguishers,In the extraction of metals,In carbonated drinks,As a refrigerant,B,1
Chemistry,What is the highest grade of coal with the highest carbon content?,Peat,Lignite,Bituminous,Anthracite,D,0
Chemistry,What process is used to obtain various products from coal by heating in the absence of air?,Distillation,Cracking,Destructive distillation,Fractional distillation,C,0
Chemistry,Which of the following is NOT a product of the destructive distillation of coal?,Coal gas,Ammoniacal liquor,Coal tar,Oxygen,D,0
Chemistry,What is the primary use of coke?,As a fuel and reducing agent in metal extraction,In making jewelry,As a fertilizer,In the food industry,A,1
Chemistry,What is producer gas a mixture of?,Carbon monoxide and hydrogen,Carbon monoxide and nitrogen,Methane and hydrogen,Carbon dioxide and nitrogen,B,0
Chemistry,How is water gas produced?,Passing air over red-hot coke,Passing steam over white-hot coke,Heating coal,Distilling crude oil,B,0
Chemistry,What is the main difference between producer gas and water gas?,Producer gas has a higher calorific value,Water gas has a higher calorific value,Producer gas is a mixture of CO and H2,Water gas is a mixture of CO and N2,B,0
Chemistry,What is the chemical formula for trioxocarbonate(IV) acid?,H2CO3,H2CO2,HCO3,H3CO3,A,8
Chemistry,How are soluble trioxocarbonates(IV) like Na2CO3 prepared?,By precipitation,By bubbling CO2 through the corresponding alkali,By direct combination of elements,By heating the metal,B,8
Chemistry,What is the test for a trioxocarbonate(IV) ion?,It turns lime water milky,It gives a white precipitate with silver nitrate,It liberates ammonia when heated,It decolorizes bromine water,A,8
Chemistry,What is the primary source of aliphatic hydrocarbons?,Coal,Natural gas and petroleum,Plants and animals,The atmosphere,B,0
Chemistry,What process is used to separate crude oil into fractions?,Cracking,Reforming,Polymerization,Fractional distillation,D,4
Chemistry,Which petroleum fraction is used as fuel for jet engines?,Petroleum gas,Petrol,Kerosene,Lubricating oil,C,0
Chemistry,What is the purpose of cracking in the petroleum industry?,To separate different fractions,To break down large hydrocarbons into smaller ones,To remove impurities,To combine small hydrocarbons into larger ones,B,3
Chemistry,What is a petrochemical?,A chemical derived from plants,A chemical derived from petroleum,A type of fuel,A type of metal ore,B,3
Chemistry,Which of the following is a heavy chemical?,A perfume,A drug,Sulphuric acid,A pesticide,C,7
Chemistry,What is the primary raw material for the plastic industry?,Coal,Natural gas,Ethene from petroleum,Sodium chloride,C,3
Chemistry,Which industry produces substances like NH4NO3 and urea?,Paint industry,Fertilizer industry,Pharmaceutical industry,Cement industry,B,3
Chemistry,What is the main component of natural gas?,Ethane,Propane,Methane,Butane,C,0
Chemistry,Which of the following is a fine chemical?,Sodium hydroxide,Sulphuric acid,A laboratory reagent,Ammonia,C,7
Chemistry,What is the primary source of organic acids?,Mineral elements,Plants and animal materials,Inorganic matter,Synthetic processes,B,2
Chemistry,Which of the following acids is monobasic?,H2SO4,H3PO4,HNO3,H2CO3,C,2
Chemistry,Which of the following is a property of alkalis?,They turn red litmus blue,They have a sour taste,They are corrosive to skin,They produce H+ ions in water,A,2
Chemistry,Which type of salt contains water molecules loosely attached to its structure?,Anhydrous salt,Efflorescent salt,Deliquescent salt,Hydrated salt,D,5
Chemistry,What is the process called when a hydrated salt loses its water of crystallization on exposure to air?,Deliquescence,Efflorescence,Hygroscopy,Hydrolysis,B,5
Chemistry,Which of the following is a use of calcium trioxocarbonate(IV)?,As a fuel,In making cement,As a drying agent,In fire extinguishers,B,8
Chemistry,What is the main reason graphite is used as a lubricant?,It has a high density,It is a good conductor,Its layers can slide over each other,It is very hard,C,1
Chemistry,Which of the following statements about diamond is correct?,It conducts electricity,It has a low melting point,It is the hardest natural substance,It is soft and slippery,C,1
Chemistry,What is produced when carbon reduces iron(III) oxide?,Iron and carbon dioxide,Iron and carbon monoxide,Iron and water,Iron and oxygen,B,1
Chemistry,Which gas is used in fire extinguishers because it does not support combustion?,Carbon(II) oxide,Producer gas,Carbon(IV) oxide,Water gas,C,0
Chemistry,What is the chemical test for carbon(IV) oxide?,It turns lime water milky,It burns with a pop sound,It decolorizes bromine water,It turns cobalt chloride paper pink,A,1
Chemistry,Why is carbon(II) oxide dangerous to humans?,It supports combustion,It is highly flammable,It combines with haemoglobin in blood,It has a strong odor,C,1
Chemistry,Which type of coal has the highest carbon content?,Peat,Lignite,Bituminous,Anthracite,D,0
Chemistry,What is the liquid product obtained from destructive distillation of coal?,Coal gas,Ammoniacal liquor,Coke,Producer gas,B,0
Chemistry,Which fuel gas is a mixture of carbon monoxide and nitrogen?,Water gas,Producer gas,Natural gas,Coal gas,B,0
Chemistry,What is the main component of natural gas?,Ethane,Propane,Methane,Butane,C,0
Chemistry,Which process increases the octane rating of petrol?,Cracking,Reforming,Fractional distillation,Destructive distillation,B,0
Chemistry,What is the octane number of n-heptane?,0,50,100,25,A,6
Chemistry,Which industry produces substances like paints and dyes?,Fertilizer industry,Pharmaceutical industry,Paint industry,Plastic industry,C,3
Chemistry,What is the primary raw material for the manufacture of cement?,Clay and limestone,Coal and water,Petroleum and air,Sand and salt,A,3
Chemistry,Which of the following is a fine chemical?,Sulphuric acid,Sodium hydroxide,A laboratory reagent,Ammonia gas,C,7
Chemistry,What is the main use of fertilizers?,To cure diseases,To increase agricultural production,As building materials,As fuel additives,B,3
Chemistry,Which substance is used as an electrolyte in lead-acid accumulators?,Hydrochloric acid,Sulphuric acid,Nitric acid,Ethanoic acid,B,2
Chemistry,What is the pH range of an alkaline solution?,0-6,7,8-14,1-14,C,2
Chemistry,Which salt is used as a laxative in medicine?,Sodium chloride,Calcium carbonate,Magnesium sulphate,Ammonium chloride,C,5
Chemistry,Which of the following is an example of a complex salt?,Sodium chloride,Potassium alum,Calcium carbonate,Ammonium nitrate,B,5
Chemistry,What is the chemical formula for ammoniacal liquor?,NH4Cl,NH4OH,NH3,H2O,B,6
Chemistry,Which petroleum fraction is used in making candles and polishes?,Petrol,Kerosene,Lubricating oil,Bitumen,C,7
Chemistry,What is the process of breaking down large hydrocarbon molecules into smaller ones called?,Reforming,Polymerization,Cracking,Fractional distillation,C,4
Chemistry,Which element is added to petrol to prevent knocking?,Lead tetraethyl,Sodium chloride,Calcium carbonate,Ammonia gas,A,0
Chemistry,What is the primary raw material for the plastic industry?,Coal,Natural gas,Ethene,Water,C,3
Chemistry,Which industry produces drugs and medicines?,Fertilizer industry,Pharmaceutical industry,Paint industry,Cement industry,B,3
Chemistry,What is the main component of coal gas?,Methane and hydrogen,Carbon monoxide and nitrogen,Carbon dioxide and oxygen,Hydrogen and oxygen,A,0
Chemistry,Which of the following is a property of acids?,They turn blue litmus red,They feel soapy,They have a bitter taste,They are insoluble in water,A,2
Chemistry,What is the basicity of ethanoic acid?,1,2,3,4,A,2
Chemistry,Which gas is produced when acids react with trioxocarbonates(IV)?,Hydrogen,Oxygen,Carbon dioxide,Nitrogen,C,8
Chemistry,What is the pH of a solution with hydrogen ion concentration of 1×10⁻¹¹ mol/dm³?,1,3,11,13,C,8
Chemistry,Which of the following is a strong base?,Ammonia solution,Calcium hydroxide,Sodium hydroxide,Aluminium hydroxide,C,6
Chemistry,What is the product of neutralization between HCl and NaOH?,NaCl and H2O,NaCl and H2,NaOH and Cl2,Na and ClOH,A,2
Chemistry,Which salt is insoluble in water?,Sodium nitrate,Potassium chloride,Silver chloride,Ammonium carbonate,C,5
Chemistry,What is the term for substances that absorb moisture from air without dissolving?,Efflorescent,Deliquescent,Hygroscopic,Anhydrous,C,7
Chemistry,Which allotrope of carbon is used in pencils?,Diamond,Graphite,Charcoal,Coke,B,1
Chemistry,What is the main use of carbon(IV) oxide in the food industry?,As a fuel,As a refrigerant,In carbonated drinks,In making explosives,C,1
Chemistry,Which type of cracking uses a catalyst?,Thermal cracking,Catalytic cracking,Steam cracking,Fractional cracking,B,4
Chemistry,What is the primary raw material for the fertilizer industry?,Petroleum,Coal,Ammonia,Graphite,C,3
Chemistry,Which chemical industry produces items like PVC pipes?,Plastic industry,Pharmaceutical industry,Paint industry,Fertilizer industry,A,3
Chemistry,What is the chemical formula for tetraoxosulphate(VI) acid?,H2SO3,H2SO4,HNO3,HCl,B,8
Chemistry,Which of the following is a characteristic of a concentrated acid?,It contains a large amount of water,It contains a small amount of water,It has a low concentration of H+ ions,It turns blue litmus red,B,2
Chemistry,What is the basicity of an acid that has three replaceable hydrogen ions?,1,2,3,4,C,2
Chemistry,Which of the following turns blue litmus paper red?,Sodium hydroxide solution,Calcium hydroxide solution,Ethanoic acid solution,Ammonia solution,C,7
Chemistry,What gas is produced when dilute hydrochloric acid reacts with zinc?,Chlorine,Oxygen,Hydrogen,Nitrogen,C,2
Chemistry,Which method of acid preparation involves dissolving an acid anhydride in water?,Combination of elements,Displacement from salts,Using an acid anhydride,Precipitation,C,2
Chemistry,What is the pH of a solution with a hydrogen ion concentration of 1×10⁻⁵ mol/dm³?,5,9,7,14,A,8
Chemistry,Which of the following is a weak base?,Sodium hydroxide,Potassium hydroxide,Calcium oxide,Ammonia solution,D,6
Chemistry,What is the product when magnesium oxide reacts with nitric acid?,Magnesium nitrate and water,Magnesium nitride and oxygen,Magnesium and nitrogen,Magnesium hydroxide and nitrite,A,2
Chemistry,Which type of salt turns red litmus blue?,Normal salt,Acid salt,Basic salt,Double salt,C,5
Chemistry,What is the solubility rule for all sodium salts?,They are insoluble,They are soluble,They are slightly soluble,They decompose in water,B,5
Chemistry,Which salt is used as a drying agent for gases?,Sodium chloride,Calcium chloride,Silver chloride,Lead chloride,B,5
Chemistry,What is the process of converting a soluble salt to crystals called?,Evaporation,Decantation,Crystallization,Filtration,C,5
Chemistry,Which of the following is an example of a hydrated salt?,NaCl,KNO3,CuSO4·5H2O,AgNO3,C,5
Chemistry,What term describes sodium trioxocarbonate(IV) decahydrate when it loses water on exposure to air?,Deliquescence,Efflorescence,Hygroscopy,Hydrolysis,B,8
Chemistry,Which allotrope of carbon has a tetrahedral structure?,Graphite,Diamond,Charcoal,Lampblack,B,6
Chemistry,Why is graphite used in nuclear reactors?,It is a good lubricant,It is a good conductor,It slows down neutrons,It is transparent,C,1
Chemistry,What is the main impurity in coal?,Oxygen,Nitrogen,Sulphur,Hydrogen,C,0
Chemistry,Which form of carbon is used in gas masks to absorb poisonous gases?,Diamond,Graphite,Charcoal,Coke,C,1
Chemistry,What is the product when carbon burns in a limited supply of air?,Carbon dioxide,Carbon monoxide,Water,Hydrogen gas,B,1
Chemistry,How is carbon(IV) oxide commercially produced as a by-product?,From fermentation,From burning coal,From cracking petroleum,From electrolysis,A,1
Chemistry,What is observed when excess CO2 is bubbled through lime water?,Permanent milkyness,The milkiness disappears,A yellow precipitate,No change,B,1
Chemistry,Which gas is produced by the dehydration of methanoic acid?,CO2,CO,H2,CH4,B,4
Chemistry,What is the main use of producer gas?,In chemical synthesis,As a fuel in furnaces,In carbonated drinks,As an anesthetic,B,0
Chemistry,Which type of coal has the lowest carbon content?,Anthracite,Bituminous,Lignite,Peat,D,0
Chemistry,What is the solid residue left after destructive distillation of coal?,Coal tar,Coal gas,Ammoniacal liquor,Coke,D,0
Chemistry,Which fuel gas has the highest calorific value?,Producer gas,Water gas,Coal gas,Natural gas,B,0
Chemistry,What is the chemical formula for trioxocarbonate(IV) ion?,CO3²⁻,HCO3⁻,CO2,H2CO3,A,8
Chemistry,How is sodium trioxocarbonate(IV) prepared in the laboratory?,By precipitation,By bubbling CO2 through NaOH,By direct combination,By heating NaHCO3,B,8
Chemistry,What is the test for hydrogen trioxocarbonate(IV) ion?,It gives CO2 with acids,It turns lime water milky,It liberates ammonia,It decolorizes bromine,A,8
Chemistry,What is the primary source of aromatic hydrocarbons?,Coal tar,Petroleum,Natural gas,Plants,A,0
Chemistry,Which petroleum fraction has the lowest boiling point?,Lubricating oil,Kerosene,Petrol,Petroleum gas,D,0
Chemistry,What is the main purpose of fractional distillation of crude oil?,To break down molecules,To separate into fractions,To remove impurities,To increase octane number,B,0
Chemistry,Which process converts straight-chain hydrocarbons to branched-chain ones?,Cracking,Reforming,Polymerization,Distillation,B,4
Chemistry,What is the octane number of a fuel that causes severe knocking?,0,50,100,25,A,0
Chemistry,Which of the following is a petrochemical?,Ethanol from fermentation,Methane from natural gas,Benzene from coal tar,All of the above,D,3
Chemistry,What is the primary raw material for the soap industry?,Petroleum,Animal fat or vegetable oil,Coal,Natural gas,B,3
Chemistry,Which industry produces substances like antibiotics and vaccines?,Fertilizer industry,Pharmaceutical industry,Paint industry,Plastic industry,B,3
Chemistry,What is the main component of cement?,Clay and limestone,Sand and water,Gypsum and salt,Coal and oil,A,3
Chemistry,Which of the following is a heavy chemical?,A perfume,A laboratory reagent,Sulphuric acid,A drug,C,7
Chemistry,What is the pH of a solution with hydroxide ion concentration of 1×10⁻³ mol/dm³?,3,11,7,14,B,8
Chemistry,Which salt is used in dry cells as an electrolyte?,Sodium chloride,Ammonium chloride,Calcium carbonate,Silver nitrate,B,5
Chemistry,What is the chemical name for baking soda?,Sodium carbonate,Sodium hydrogen trioxocarbonate(IV),Sodium trioxocarbonate(IV),Sodium chloride,B,7
Chemistry,Which property makes diamond suitable for jewelry?,Its hardness,Its electrical conductivity,Its refractive index,Its solubility,C,1
Chemistry,What is the main use of carbon black?,As a lubricant,In printer's ink,As a fuel,In nuclear reactors,B,1
Chemistry,Which gas is produced when calcium trioxocarbonate(IV) reacts with dilute HCl?,Hydrogen,Oxygen,Carbon dioxide,Nitrogen,C,8
Chemistry,What is the chemical test for carbon(II) oxide?,It turns lime water milky,It burns with a blue flame,It has no effect on lime water,It decolorizes bromine,B,1
Chemistry,Which product from destructive distillation of coal is used in making dyes?,Coal gas,Ammoniacal liquor,Coal tar,Coke,C,0
Chemistry,What is the primary composition of water gas?,CO and H2,CO and N2,CH4 and H2,CO2 and H2,A,0
Chemistry,Which process increases the yield of petrol from heavy oil fractions?,Reforming,Cracking,Polymerization,Distillation,B,4
Chemistry,What is the primary raw material for the Haber process?,Oxygen,Nitrogen,Hydrogen,Carbon,B,3
Chemistry,Which industry is associated with the production of urea?,Fertilizer industry,Pharmaceutical industry,Plastic industry,Paint industry,A,3
Chemistry,What is the chemical formula for tetraoxosulphate(VI) acid?,H2SO3,H2SO4,HNO3,HCl,B,8
Chemistry,Which of the following is a characteristic of a concentrated acid?,It contains a large amount of water,It contains a small amount of water,It has a low concentration of H+ ions,It turns blue litmus red,B,2
Chemistry,What is the basicity of an acid that has three replaceable hydrogen ions?,1,2,3,4,C,2
Chemistry,Which of the following turns blue litmus paper red?,Sodium hydroxide solution,Calcium hydroxide solution,Ethanoic acid solution,Ammonia solution,C,7
Chemistry,What gas is produced when dilute hydrochloric acid reacts with zinc?,Chlorine,Oxygen,Hydrogen,Nitrogen,C,2
Chemistry,Which method of acid preparation involves dissolving an acid anhydride in water?,Combination of elements,Displacement from salts,Using an acid anhydride,Precipitation,C,2
Chemistry,What is the pH of a solution with a hydrogen ion concentration of 1×10⁻⁵ mol/dm³?,5,9,7,14,A,8
Chemistry,Which of the following is a weak base?,Sodium hydroxide,Potassium hydroxide,Calcium oxide,Ammonia solution,D,6
Chemistry,What is the product when magnesium oxide reacts with nitric acid?,Magnesium nitrate and water,Magnesium nitride and oxygen,Magnesium and nitrogen,Magnesium hydroxide and nitrite,A,2
Chemistry,Which type of salt turns red litmus blue?,Normal salt,Acid salt,Basic salt,Double salt,C,5
Chemistry,What is the solubility rule for all sodium salts?,They are insoluble,They are soluble,They are slightly soluble,They decompose in water,B,5
Chemistry,Which salt is used as a drying agent for gases?,Sodium chloride,Calcium chloride,Silver chloride,Lead chloride,B,5
Chemistry,What is the process of converting a soluble salt to crystals called?,Evaporation,Decantation,Crystallization,Filtration,C,5
Chemistry,Which of the following is an example of a hydrated salt?,NaCl,KNO3,CuSO4·5H2O,AgNO3,C,5
Chemistry,What term describes sodium trioxocarbonate(IV) decahydrate when it loses water on exposure to air?,Deliquescence,Efflorescence,Hygroscopy,Hydrolysis,B,8
Chemistry,Which allotrope of carbon has a tetrahedral structure?,Graphite,Diamond,Charcoal,Lampblack,B,6
Chemistry,Why is graphite used in nuclear reactors?,It is a good lubricant,It is a good conductor,It slows down neutrons,It is transparent,C,1
Chemistry,What is the main impurity in coal?,Oxygen,Nitrogen,Sulphur,Hydrogen,C,0
Chemistry,Which form of carbon is used in gas masks to absorb poisonous gases?,Diamond,Graphite,Charcoal,Coke,C,1
Chemistry,What is the product when carbon burns in a limited supply of air?,Carbon dioxide,Carbon monoxide,Water,Hydrogen gas,B,1
Chemistry,How is carbon(IV) oxide commercially produced as a by-product?,From fermentation,From burning coal,From cracking petroleum,From electrolysis,A,1
Chemistry,What is observed when excess CO2 is bubbled through lime water?,Permanent milkyness,The milkiness disappears,A yellow precipitate,No change,B,1
Chemistry,Which gas is produced by the dehydration of methanoic acid?,CO2,CO,H2,CH4,B,4
Chemistry,What is the main use of producer gas?,In chemical synthesis,As a fuel in furnaces,In carbonated drinks,As an anesthetic,B,0
Chemistry,Which type of coal has the lowest carbon content?,Anthracite,Bituminous,Lignite,Peat,D,0
Chemistry,What is the solid residue left after destructive distillation of coal?,Coal tar,Coal gas,Ammoniacal liquor,Coke,D,0
Chemistry,Which fuel gas has the highest calorific value?,Producer gas,Water gas,Coal gas,Natural gas,B,0
Chemistry,What is the chemical formula for trioxocarbonate(IV) ion?,CO3²⁻,HCO3⁻,CO2,H2CO3,A,8
Chemistry,How is sodium trioxocarbonate(IV) prepared in the laboratory?,By precipitation,By bubbling CO2 through NaOH,By direct combination,By heating NaHCO3,B,8
Chemistry,What is the test for hydrogen trioxocarbonate(IV) ion?,It gives CO2 with acids,It turns lime water milky,It liberates ammonia,It decolorizes bromine,A,8
Chemistry,What is the primary source of aromatic hydrocarbons?,Coal tar,Petroleum,Natural gas,Plants,A,0
Chemistry,Which petroleum fraction has the lowest boiling point?,Lubricating oil,Kerosene,Petrol,Petroleum gas,D,0
Chemistry,What is the main purpose of fractional distillation of crude oil?,To break down molecules,To separate into fractions,To remove impurities,To increase octane number,B,0
Chemistry,Which process converts straight-chain hydrocarbons to branched-chain ones?,Cracking,Reforming,Polymerization,Distillation,B,4
Chemistry,What is the octane number of a fuel that causes severe knocking?,0,50,100,25,A,0
Chemistry,Which of the following is a petrochemical?,Ethanol from fermentation,Methane from natural gas,Benzene from coal tar,All of the above,D,3
Chemistry,What is the primary raw material for the soap industry?,Petroleum,Animal fat or vegetable oil,Coal,Natural gas,B,3
Chemistry,Which industry produces substances like antibiotics and vaccines?,Fertilizer industry,Pharmaceutical industry,Paint industry,Plastic industry,B,3
Chemistry,What is the main component of cement?,Clay and limestone,Sand and water,Gypsum and salt,Coal and oil,A,3
Chemistry,Which of the following is a heavy chemical?,A perfume,A laboratory reagent,Sulphuric acid,A drug,C,7
Chemistry,What is the pH of a solution with hydroxide ion concentration of 1×10⁻³ mol/dm³?,3,11,7,14,B,8
Chemistry,Which salt is used in dry cells as an electrolyte?,Sodium chloride,Ammonium chloride,Calcium carbonate,Silver nitrate,B,5
Chemistry,What is the chemical name for baking soda?,Sodium carbonate,Sodium hydrogen trioxocarbonate(IV),Sodium trioxocarbonate(IV),Sodium chloride,B,7
Chemistry,Which property makes diamond suitable for jewelry?,Its hardness,Its electrical conductivity,Its refractive index,Its solubility,C,1
Chemistry,What is the main use of carbon black?,As a lubricant,In printer's ink,As a fuel,In nuclear reactors,B,1
Chemistry,Which gas is produced when calcium trioxocarbonate(IV) reacts with dilute HCl?,Hydrogen,Oxygen,Carbon dioxide,Nitrogen,C,8
Chemistry,What is the chemical test for carbon(II) oxide?,It turns lime water milky,It burns with a blue flame,It has no effect on lime water,It decolorizes bromine,B,1
Chemistry,Which product from destructive distillation of coal is used in making dyes?,Coal gas,Ammoniacal liquor,Coal tar,Coke,C,0
Chemistry,What is the primary composition of water gas?,CO and H2,CO and N2,CH4 and H2,CO2 and H2,A,0
Chemistry,Which process increases the yield of petrol from heavy oil fractions?,Reforming,Cracking,Polymerization,Distillation,B,4
Chemistry,What is the primary raw material for the Haber process?,Oxygen,Nitrogen,Hydrogen,Carbon,B,3
Chemistry,Which industry is associated with the production of urea?,Fertilizer industry,Pharmaceutical industry,Plastic industry,Paint industry,A,3
Chemistry,What is the definition of an acid as a proton donor?,A substance that accepts protons,A substance that donates protons,A substance that produces OH- ions,A substance that turns blue litmus red,B,2
Chemistry,Which of the following is NOT a source of organic acids?,Vinegar,Milk,Lime,Mineral elements,D,2
Chemistry,What is the basicity of H3PO4?,1,2,3,4,C,8
Chemistry,Which property is common to all acids?,They turn red litmus blue,They have a sour taste,They feel soapy,They are insoluble in water,B,2
Chemistry,What gas is produced when dilute H2SO4 reacts with magnesium?,SO2,H2,CO2,O2,B,8
Chemistry,Which method of acid preparation involves combining hydrogen and chlorine?,Acid anhydride method,Direct combination,Displacement from salt,Precipitation method,B,2
Chemistry,What is the pH of a solution with [H+] = 1×10⁻⁷ mol/dm³?,1,7,14,0,B,8
Chemistry,Which of the following is a strong acid?,CH3COOH,H2CO3,H2SO3,HCl,D,2
Chemistry,What is produced when copper(II) oxide reacts with hydrochloric acid?,Copper chloride and water,Copper and chlorine,Copper hydroxide and water,Copper and hydrogen,A,2
Chemistry,Which type of salt contains replaceable hydrogen atoms?,Normal salt,Basic salt,Acid salt,Double salt,C,5
Chemistry,Which salt is used in making plaster of Paris?,CaSO4,NaCl,KNO3,CaCO3,A,5
Chemistry,What is the best method to recover CuSO4 from its solution?,Evaporation to dryness,Crystallization,Decantation,Filtration,B,7
Chemistry,Which hydrated salt is blue in color?,Na2CO3·10H2O,CuSO4·5H2O,CaCl2·6H2O,MgSO4·7H2O,B,5
Chemistry,What process occurs when NaOH pellets absorb moisture and form a solution?,Efflorescence,Deliquescence,Hygroscopy,Hydrolysis,B,4
Chemistry,Which carbon allotrope is used in cutting tools?,Graphite,Charcoal,Diamond,Lampblack,C,1
Chemistry,Why is diamond a poor conductor of electricity?,It has free electrons,It has no free electrons,It is soft,It has a layer structure,B,1
Chemistry,What is the main element in coal besides carbon?,Oxygen,Hydrogen,Nitrogen,Sulphur,A,0
Chemistry,Which form of carbon is used in sugar refining?,Graphite,Animal charcoal,Coke,Diamond,B,1
Chemistry,What is produced when carbon reduces steam?,CO and H2,CO2 and H2,CH4 and H2,CO and O2,A,1
Chemistry,How is CO2 commercially obtained from limestone?,Heating CaCO3,Reacting CaO with water,Heating CaSO4,Reacting CaCO3 with acid,A,1
Chemistry,What happens when CO2 is passed through water?,Forms H2CO3,Forms H2SO4,Forms HNO3,Forms HCl,A,1
Chemistry,Which gas is produced by reacting oxalic acid with conc. H2SO4?,CO2,CO,H2,CH4,B,4
Chemistry,What is the main use of water gas?,As a reducing agent,As a fuel,In fire extinguishers,In fertilizers,B,0
Chemistry,"Which coal type is called ""brown coal""?",Anthracite,Bituminous,Lignite,Peat,C,0
Chemistry,What liquid product from coal distillation contains ammonia?,Coal tar,Ammoniacal liquor,Coal gas,Coke,B,0
Chemistry,Which fuel gas contains nitrogen as its main component?,Water gas,Producer gas,Natural gas,Coal gas,B,0
Chemistry,What is the chemical formula for carbonic acid?,H2CO3,HCO3-,CO3²-,CO2,A,2
Chemistry,How is CaCO3 prepared in the laboratory?,By precipitation,By direct combination,By heating,By distillation,A,8
Chemistry,What is observed when dilute acid is added to CaCO3?,No reaction,Effervescence,Color change,Precipitation formation,B,8
Chemistry,What is the primary source of alkanes?,Coal tar,Petroleum,Plants,Animals,B,4
Chemistry,Which petroleum fraction is used in diesel engines?,Petrol,Kerosene,Diesel oil,Lubricating oil,C,0
Chemistry,What is the purpose of cracking?,To separate fractions,To break large molecules,To combine molecules,To remove sulphur,B,1
Chemistry,Which process improves petrol quality by changing molecular structure?,Cracking,Reforming,Distillation,Polymerization,B,4
Chemistry,What is the octane number of high-quality petrol?,0,50,100,25,C,0
Chemistry,Which is NOT a petrochemical?,Benzene,Ethylene,Ammonia,Table salt,D,3
Chemistry,What is the main raw material for detergents?,Petroleum,Animal fat,Vegetable oil,Coal,A,3
Chemistry,Which industry produces aspirin and antibiotics?,Fertilizer,Pharmaceutical,Paint,Plastic,B,3
Chemistry,What are the main components of mortar?,Cement and water,Cement and sand,Cement and gravel,Cement and lime,B,3
Chemistry,Which is a fine chemical?,Sulphuric acid,Sodium hydroxide,Laboratory reagent,Ammonia,C,7
Chemistry,What is the pH of 0.001M HCl?,1,3,11,13,B,2
Chemistry,Which salt is used in gunpowder?,KNO3,NaCl,CaCO3,NaNO3,A,5
Chemistry,What is the common name for NaHCO3?,Washing soda,Baking soda,Caustic soda,Table salt,B,8
Chemistry,Which property makes graphite useful in pencils?,Hardness,Softness,Electrical conductivity,Transparency,B,1
Chemistry,What is carbon black used for?,Jewelry,Tires,Fuel,Construction,B,1
Chemistry,Which gas turns lime water milky?,H2,O2,CO2,N2,C,0
Chemistry,How is CO detected?,Turns lime water milky,Burns with blue flame,Supports combustion,Has smell,B,1
Chemistry,Which coal product is used in road surfacing?,Coal gas,Coal tar,Coke,Bitumen,D,0
Chemistry,What is the composition of synthetic gas?,CO and H2,CO and N2,CH4 and H2,CO2 and H2,A,0
Chemistry,Which process converts heavy oils to petrol?,Reforming,Cracking,Distillation,Polymerization,B,4
Chemistry,What is the main raw material for nitrogen fertilizers?,Oxygen,Nitrogen,Air,Ammonia,D,3
Chemistry,Which industry produces PVC pipes?,Pharmaceutical,Plastic,Fertilizer,Paint,B,3
Chemistry,What is the formula for lime water?,CaO,Ca(OH)2,CaCO3,CaCl2,B,8
Chemistry,Which acid is present in oranges?,Citric acid,Lactic acid,Formic acid,Acetic acid,A,2
Chemistry,What is the basicity of H2SO4?,1,2,3,4,B,8
Chemistry,Which metal does NOT produce H2 with acids?,Zn,Fe,Cu,Mg,C,2
Chemistry,What is the product of NH3 + HCl?,NH4Cl,NH4OH,N2,H2,A,8
Chemistry,Which salt solution is alkaline?,NaCl,Na2CO3,NaNO3,NH4Cl,B,5
Chemistry,Which salt is efflorescent?,Na2CO3·10H2O,CaCl2,Conc. H2SO4,SiO2,A,5
Chemistry,Why is graphite used as electrode?,It is hard,It conducts electricity,It is transparent,It is cheap,B,1
Chemistry,What is the main use of activated charcoal?,Fuel,Adsorbent,Lubricant,Construction,B,1
Chemistry,Which reaction produces CO2?,C + O2 (excess),C + O2 (limited),C + H2O,C + S,A,4
Chemistry,How is dry CO2 prepared?,Over water,Through KHCO3 solution,Through conc. H2SO4,Through fused CaCl2,D,1
Chemistry,What is the test for CO2?,Turns lime water milky,Burns with pop sound,Decolorizes bromine,Turns cobalt chloride pink,A,1
Chemistry,Why is CO dangerous?,It is acidic,It combines with hemoglobin,It supports combustion,It has smell,B,1
Chemistry,Which coal has most volatile matter?,Anthracite,Bituminous,Lignite,Peat,D,0
Chemistry,What is coke used for?,Making dyes,Reducing agent in metallurgy,Making fertilizers,Making plastics,B,1
Chemistry,Which gas is used in Haber process?,N2 and H2,CO and H2,CH4 and H2,CO2 and H2,A,0
Chemistry,What is the formula for bicarbonate ion?,CO3²⁻,HCO3⁻,H2CO3,CO2,B,8
Chemistry,How is Na2CO3 prepared commercially?,Solvay process,Haber process,Contact process,Oxo process,A,8
Chemistry,What is observed when MgCO3 is heated?,It melts,It decomposes to MgO and CO2,No change,It turns black,B,8
Chemistry,What is the main component of natural gas?,C2H6,C3H8,CH4,C4H10,C,0
Chemistry,Which fraction is used in making candles?,Petrol,Kerosene,Lubricating oil,Bitumen,C,7
Chemistry,What is the purpose of anti-knock agents?,Increase octane number,Decrease octane number,Remove impurities,Add color,A,7
Chemistry,Which compound is added to petrol as anti-knock?,NaCl,CaCO3,Pb(C2H5)4,NH3,C,7
Chemistry,What is the primary raw material for glass industry?,Clay,Limestone,Silica sand,Coal,C,3
Chemistry,Which industry produces insecticides?,Pharmaceutical,Fertilizer,Agrochemical,Paint,C,3
Chemistry,What is the pH of 0.01M NaOH?,2,12,7,14,B,8
Chemistry,Which salt is used in photography?,AgBr,NaCl,KNO3,CaCO3,A,5
Chemistry,What is the chemical name for gypsum?,CaSO4·2H2O,CaSO4,CaCO3,CaO,A,7
Chemistry,Which carbon form is used in nuclear reactors?,Diamond,Graphite,Charcoal,Coke,B,1
Chemistry,What is the main use of formaldehyde?,Preservative,Fuel,Solvent,Antiseptic,A,7
Chemistry,Which gas is responsible for acid rain?,CO2,SO2,N2,O2,B,2
Chemistry,What is the main component of biogas?,CH4,C2H6,C3H8,CO2,A,0
Chemistry,Which process removes sulphur from coal?,Washing,Heating,Distillation,Crushing,A,0
Chemistry,What is the primary use of ammonia?,Fertilizer production,Fuel,Solvent,Preservative,A,0
Chemistry,Which industry produces polyethylene?,Plastic,Pharmaceutical,Fertilizer,Paint,A,3
Chemistry,What is the formula for quicklime?,CaO,Ca(OH)2,CaCO3,CaSO4,A,7
Chemistry,Which acid is used in car batteries?,H2SO4,HCl,HNO3,CH3COOH,A,2
Chemistry,What is the basicity of H3PO3?,1,2,3,4,B,8
Chemistry,Which metal produces H2 with cold water?,Cu,Ag,Au,Na,D,8
Chemistry,What is the product of CaO + H2O?,Ca(OH)2,CaO2,CaH2,CaCO3,A,8
Chemistry,Which salt is used as table salt?,NaCl,Na2CO3,NaHCO3,NaNO3,A,5
Chemistry,Which substance is deliquescent?,Na2CO3·10H2O,CaCl2,SiO2,CaCO3,B,7
Chemistry,Why is diamond used in jewelry?,Hardness,Brilliance,Conductivity,Solubility,B,1
Chemistry,What is the main use of lamp black?,Pigment in ink,Fuel,Lubricant,Adsorbent,A,1
Chemistry,Which reaction is used in blast furnace?,C reduces Fe2O3,C reduces CO2,C reduces H2O,C reduces SO2,A,0
Chemistry,How is CO2 used in soft drinks?,As preservative,For fizz,As sweetener,As colorant,B,1
Chemistry,What is the test for unsaturation?,Bromine water test,Flame test,Precipitation test,pH test,A,7
Chemistry,Which coal type is hardest?,Anthracite,Bituminous,Lignite,Peat,A,0
Chemistry,What is the main use of coal tar?,Road surfacing,Chemical production,Fuel,Construction,B,0
Chemistry,"Which gas is called ""town gas""?",Coal gas,Water gas,Producer gas,Natural gas,A,0
Chemistry,What is the formula for carbonate ion?,CO3²⁻,HCO3⁻,H2CO3,CO2,A,8
Chemistry,How is KHCO3 prepared?,CO2 through KOH,Heating K2CO3,Precipitation,Direct combination,A,8
Chemistry,What is observed when Ca(HCO3)2 is heated?,Effervescence,Precipitation of CaCO3,Color change,No change,B,8
Chemistry,What is the main component of LPG?,CH4,C3H8,C2H6,C4H10,B,0
Chemistry,Which fraction is used in asphalt?,Bitumen,Lubricating oil,Kerosene,Petrol,A,7
Chemistry,What is the purpose of catalytic reforming?,Improve octane number,Remove sulphur,Separate fractions,Add color,A,4
Chemistry,What is the octane number of n-hexane?,25,61,0,100,A,6
Chemistry,Which is a primary petrochemical?,Benzene,Ammonia,Oxygen,Nitrogen,A,3
Chemistry,What is the main raw material for nylon?,Petroleum,Coal,Natural gas,Air,A,3
Chemistry,Which industry produces ceramics?,Construction,Pharmaceutical,Electronics,Agriculture,A,3
Chemistry,What is the pH of pure water?,0,7,14,1,B,2
Chemistry,Which salt is used in baking powder?,NaHCO3,Na2CO3,NaCl,NaNO3,A,5
Chemistry,What is the chemical name for caustic soda?,NaOH,Na2CO3,NaHCO3,NaCl,A,7
Chemistry,Which property allows graphite to be used as lubricant?,Layer structure,Hardness,Electrical conductivity,Transparency,A,1
Chemistry,What is the main use of carbon in steel making?,As fuel,As reducing agent,As alloy,As flux,B,1
Chemistry,Which gas is used in refrigeration?,NH3,O2,N2,CO2,A,0
Chemistry,What is the main component of producer gas?,N2 and CO,H2 and CO,CH4 and H2,CO2 and N2,A,0
Chemistry,Which process converts coal to gaseous fuel?,Gasification,Liquefaction,Distillation,Combustion,A,0
Chemistry,What is the primary use of nitric acid?,Fertilizer production,Food preservation,Cleaning,Fuel,A,2
Chemistry,Which industry produces synthetic rubber?,Plastic,Pharmaceutical,Fertilizer,Textile,A,3
Chemistry,What is the formula for slaked lime?,Ca(OH)2,CaO,CaCO3,CaSO4,A,7
Chemistry,Which acid is used in pickling?,HCl,H2SO4,HNO3,CH3COOH,B,2
Chemistry,What is the basicity of H2CO3?,1,2,3,4,B,8
Chemistry,Which metal displaces hydrogen from steam?,Fe,Cu,Ag,Au,A,0
Chemistry,What is the product of NaOH + CO2 (excess)?,Na2CO3,NaHCO3,NaOH,Na2O,B,4
Chemistry,Which salt is used in fireworks?,KNO3,NaCl,CaCO3,Na2SO4,A,5
Chemistry,Which substance is hygroscopic?,Conc. H2SO4,Na2CO3·10H2O,CaCl2,NaNO3,A,7
Chemistry,Why is charcoal used in water filters?,Adsorption,Reaction,Precipitation,Neutralization,A,1
Chemistry,What is the main use of graphite in batteries?,Conductor,Electrode,Catalyst,Separator,B,1
Chemistry,Which reaction produces water gas?,C + H2O,C + O2,C + CO2,C + S,A,4
Chemistry,How is CO2 used in baking?,As leavening agent,As preservative,As sweetener,As colorant,A,1
Chemistry,What is the test for oxygen?,Relights glowing splint,Turns lime water milky,Burns with pop sound,Decolorizes bromine,A,8
Chemistry,Which coal type is used in power plants?,Bituminous,Anthracite,Lignite,Peat,A,0
Chemistry,What is the main use of ammonia liquor?,Fertilizer production,Fuel,Solvent,Cleaning,A,0
Chemistry,Which gas is used in welding?,C2H2,CH4,C2H4,C3H8,A,0
Chemistry,What is the formula for carbon monoxide?,CO,CO2,C2O,CO3,A,1
Chemistry,How is Ca(HCO3)2 formed?,CO2 through Ca(OH)2,Heating CaCO3,Precipitation,Direct combination,A,8
Chemistry,What is observed when ZnCO3 is heated?,It decomposes to ZnO and CO2,It melts,No change,It turns yellow,A,8
Chemistry,What is the main component of gasoline?,C5-C12 hydrocarbons,C1-C4 gases,C12-C18 compounds,Above C20 compounds,A,0
Chemistry,Which fraction is used in jet fuel?,Kerosene,Petrol,Diesel oil,Lubricating oil,A,0
Chemistry,What is the purpose of adding tetraethyl lead to petrol?,Anti-knock,Colorant,Preservative,Cleaning,A,7
Chemistry,Which is NOT derived from petroleum?,Coal tar,Natural gas,Plastics,Dyes,D,3
Chemistry,What is the main raw material for sulfuric acid production?,Sulphur,Air,Water,Limestone,A,3
Chemistry,Which industry produces glass?,Construction,Pharmaceutical,Electronics,Textile,A,3
Chemistry,What is the pH of 0.1M CH3COOH?,Around 3,7,12,1,A,8
Chemistry,Which salt is used in medicine as antacid?,NaHCO3,Na2CO3,NaCl,NaNO3,A,5
Chemistry,What is the chemical name for laughing gas?,N2O,NO,NO2,N2O4,A,0
Chemistry,Which property makes diamond useful in cutting tools?,Hardness,Electrical conductivity,Transparency,Solubility,A,1
Chemistry,What is the main use of carbon in water purification?,Adsorption,Reaction,Precipitation,Neutralization,A,1
Chemistry,Which gas is used in lighters?,C4H10,CH4,C2H2,C2H4,A,0
Chemistry,What is the main component of biogas?,CH4,CO2,H2,N2,A,0
Chemistry,Which process converts biomass to fuel?,Fermentation,Distillation,Combustion,Oxidation,A,4
Chemistry,What is the primary use of phosphoric acid?,Fertilizer production,Food additive,Cleaning,Fuel,A,2
Chemistry,Which industry produces detergents?,Chemical,Pharmaceutical,Textile,Construction,A,3
Chemistry,What is the formula for limestone?,CaCO3,CaO,Ca(OH)2,CaSO4,A,8
Chemistry,Which acid is found in vinegar?,CH3COOH,HCOOH,H2CO3,HCl,A,2
Chemistry,What is the basicity of HCl?,1,2,3,4,A,2
Chemistry,Which metal reacts vigorously with cold water?,K,Cu,Ag,Au,A,7
Chemistry,What is the product of NH3 + H2O?,NH4OH,NH4O,NH3·H2O,NH4,A,8
Chemistry,Which salt is used in plaster of Paris?,CaSO4·½H2O,CaSO4,CaCO3,CaO,A,5
Chemistry,Which substance is efflorescent?,Na2SO4·10H2O,CaCl2,SiO2,Conc. H2SO4,A,7
Chemistry,Why is graphite used in pencils?,Soft and marks paper,Hard and transparent,Electrical conductor,Soluble in water,A,1
Chemistry,What is the main use of activated carbon in gas masks?,Adsorb poisonous gases,React with gases,Precipitate gases,Neutralize gases,A,1
Chemistry,Which reaction is used in manufacture of urea?,CO2 + 2NH3,C + O2,C + H2O,C + N2,A,4
Chemistry,How is CO2 used in fire extinguishers?,Denser than air and doesn't support combustion,Lighter than air and flammable,Reacts with fire,Has cooling effect,A,1
Chemistry,What is the test for hydrogen?,Burns with pop sound,Turns lime water milky,Relights splint,Decolorizes bromine,A,8
Chemistry,Which coal type has highest heating value?,Anthracite,Bituminous,Lignite,Peat,A,0
Chemistry,What is the main use of coal in industry?,Power generation,Chemical production,Construction,Transportation,A,0
Chemistry,Which gas is used in balloons?,He,H2,O2,N2,A,0
Chemistry,What is the formula for carbonic acid?,H2CO3,HCO3-,CO3²-,CO2,A,2
Chemistry,How is NaHCO3 converted to Na2CO3?,By heating,By adding water,By cooling,By pressure,A,8
Chemistry,What is observed when PbCO3 is heated?,Decomposes to PbO and CO2,Melts,No change,Turns black,A,8
Chemistry,What is the main component of naptha?,C5-C9 hydrocarbons,C1-C4 gases,C10-C16 compounds,Above C20 compounds,A,7
Chemistry,Which fraction is used in making waxes?,Lubricating oil,Petrol,Kerosene,Bitumen,A,7
Chemistry,What is the purpose of catalytic converter in cars?,Reduce pollution,Increase power,Improve fuel economy,Add oxygen,A,4
Chemistry,What is the octane number of methane?,100,0,50,120,A,0
Chemistry,Which is a secondary petrochemical?,Polystyrene,Ethylene,Benzene,Propylene,A,3
Chemistry,What is the main raw material for polyester?,Petroleum,Coal,Natural gas,Air,A,3
Chemistry,Which industry produces paints?,Chemical,Pharmaceutical,Construction,Textile,A,3
Chemistry,What is the pH of 0.001M NaOH?,11,3,7,14,A,8
Chemistry,Which salt is used in matches?,KClO3,NaCl,CaCO3,NaNO3,A,5
Chemistry,What is the chemical name for blue vitriol?,CuSO4·5H2O,CuO,CuCO3,CuCl2,A,7
Chemistry,Which property allows diamond to cut glass?,Hardness,Electrical conductivity,Transparency,Solubility,A,1
Chemistry,What is the main use of carbon in filters?,Adsorption,Reaction,Precipitation,Neutralization,A,1
Chemistry,Which gas is used in anesthesia?,N2O,O2,N2,CO2,A,0
Chemistry,What is the main component of natural gas?,CH4,C2H6,C3H8,CO2,A,0
Chemistry,Which process converts waste to energy?,Incineration,Composting,Recycling,Landfilling,A,4
Chemistry,What is the primary use of acetic acid?,Food preservation,Cleaning,Solvent,Fuel,A,2
Chemistry,Which industry produces fertilizers?,Chemical,Pharmaceutical,Agriculture,Construction,A,3
Chemistry,What is the formula for washing soda?,Na2CO3·10H2O,Na2CO3,NaHCO3,NaOH,A,7
Chemistry,Which acid is used in explosives?,HNO3,HCl,H2SO4,CH3COOH,A,2
Chemistry,What is the basicity of H2SO3?,1,2,3,4,B,8
Chemistry,Which metal produces amphoteric hydroxide?,Al,Na,K,Ca,A,2
Chemistry,What is the product of SO3 + H2O?,H2SO4,H2SO3,SO2,H2S,A,8
Chemistry,Which salt is used in photography?,AgBr,NaCl,KNO3,CaCO3,A,5
Chemistry,Which substance is deliquescent?,NaOH,Na2CO3·10H2O,SiO2,CaCO3,A,7
Chemistry,Why is diamond used in drill bits?,Hardness,Electrical conductivity,Transparency,Solubility,A,1
Chemistry,What is the main use of carbon in metallurgy?,Reducing agent,Alloying,Flux,Catalyst,A,1
Chemistry,Which reaction produces producer gas?,C + air,C + steam,C + CO2,C + H2,A,4
Chemistry,How is CO2 used in refrigeration?,As dry ice,As liquid,As gas,As solid,A,1
Chemistry,What is the test for ammonia?,Turns red litmus blue,Turns blue litmus red,Turns lime water milky,Burns with pop sound,A,8
Chemistry,Which coal type is used in metallurgy?,Bituminous,Anthracite,Lignite,Peat,B,0
Chemistry,What is the main use of coke in blast furnace?,Reducing agent,Fuel,Flux,Alloy,A,0
Chemistry,Which gas is used in food packaging?,N2,O2,CO2,He,A,0
Chemistry,What is the formula for bicarbonate?,HCO3-,CO3²-,H2CO3,CO2,A,6
Chemistry,How is CaCO3 formed in nature?,From shells and skeletons,From volcanic action,From photosynthesis,From respiration,A,8
Chemistry,What is observed when Mg(HCO3)2 is heated?,Decomposes to MgCO3 and CO2,Melts,No change,Turns black,A,8
Chemistry,What is the main component of diesel oil?,C12-C18 hydrocarbons,C5-C12 compounds,C1-C4 gases,Above C20 compounds,A,0
Chemistry,Which fraction is used in lubricants?,Lubricating oil,Petrol,Kerosene,Bitumen,A,7
Chemistry,What is the purpose of cracking in petroleum industry?,Increase petrol yield,Remove sulphur,Add oxygen,Improve color,A,3
Chemistry,What is the octane number of toluene?,100,0,50,120,A,6
Chemistry,Which is a petrochemical feedstock?,Naphtha,Coal,Wood,Air,A,3
Chemistry,What is the main raw material for pharmaceuticals?,Petrochemicals,Coal,Natural gas,Minerals,A,3
Chemistry,Which industry produces cement?,Construction,Pharmaceutical,Chemical,Textile,A,3
Chemistry,What is the pH of rainwater?,5.6,7,8,4,A,2
Chemistry,Which salt is used in pottery?,Clay,NaCl,KNO3,CaCO3,A,5
Chemistry,What is the chemical name for gypsum?,CaSO4·2H2O,CaSO4,CaCO3,CaO,A,7
Chemistry,Which property makes graphite useful in brushes?,Electrical conductivity,Hardness,Transparency,Solubility,A,1
Chemistry,What is the main use of carbon in dating?,Radioactive dating,Chemical dating,Physical dating,Geological dating,A,1
Chemistry,Which gas is used in light bulbs?,Ar,N2,O2,He,A,0
Chemistry,What is the main component of LNG?,CH4,C2H6,C3H8,CO2,A,0
Chemistry,Which process converts coal to liquid fuel?,Liquefaction,Gasification,Distillation,Combustion,A,0
Chemistry,What is the primary use of citric acid?,Food additive,Cleaning,Solvent,Fuel,A,2
Chemistry,Which industry produces pesticides?,Agrochemical,Pharmaceutical,Chemical,Construction,A,3
Chemistry,What is the formula for quicklime?,CaO,Ca(OH)2,CaCO3,CaSO4,A,7
Chemistry,Which acid is used in digestion?,HCl,H2SO4,HNO3,CH3COOH,A,2
Chemistry,What is the basicity of H3BO3?,1,2,3,4,A,8
Chemistry,Which metal is stored in oil?,Na,K,Li,All of above,D,3
Chemistry,What is the product of P2O5 + H2O?,H3PO4,H3PO3,H4P2O7,H2PO4,A,8
Chemistry,Which salt is used in baking?,NaHCO3,Na2CO3,NaCl,NaNO3,A,5
Chemistry,Which substance is hygroscopic?,P2O5,Na2CO3·10H2O,CaCl2,NaNO3,A,7
Chemistry,Why is charcoal used in art?,Drawing,Painting,Sculpture,All of above,D,1
Chemistry,What is the main use of graphite in nuclear reactors?,Moderator,Fuel,Cladding,Coolant,A,1
Chemistry,Which reaction is used in manufacture of methanol?,CO + 2H2,C + O2,C + H2O,C + CO2,A,4
Chemistry,How is CO2 used in welding?,As shielding gas,As fuel,As oxidizer,As coolant,A,1
Chemistry,What is the test for chlorine?,Bleaches damp litmus paper,Turns lime water milky,Burns with pop sound,Relights splint,A,7
Chemistry,Which coal type is used for cooking?,Bituminous,Anthracite,Lignite,Peat,A,0
Chemistry,What is the main use of coal tar in medicine?,Antiseptic,Fuel,Solvent,Colorant,A,0
Chemistry,Which gas is used in neon signs?,Ne,He,Ar,Kr,A,0
Chemistry,What is the formula for carbon disulfide?,CS2,COS,C2S,CS,A,6
Chemistry,What is the main component of lubricating oil?,C20+ hydrocarbons,C5-C12 compounds,C1-C4 gases,C12-C18 compounds,A,3
Chemistry,Which fraction is used in road construction?,Bitumen,Petrol,Kerosene,Diesel oil,A,7
Chemistry,What is the purpose of reforming in petroleum industry?,Improve octane number,Remove water,Add sulphur,Reduce viscosity,A,3
Chemistry,What is the octane number of ethanol?,100,0,50,108,A,4
Chemistry,Which is a tertiary petrochemical?,Pharmaceuticals,Fuels,Solvents,Plastics,A,3
Chemistry,What is the main raw material for synthetic fibers?,Petroleum,Coal,Natural gas,Air,A,3
Chemistry,Which industry produces ceramics?,Construction,Pharmaceutical,Chemical,Textile,A,3
Chemistry,What is the pH of milk?,6.5,7,8,5,A,2
Chemistry,Which salt is used in black powder?,KNO3,S,C,All of above,D,5
Chemistry,What is the chemical name for green vitriol?,FeSO4·7H2O,Fe2O3,FeCO3,FeCl3,A,7
Chemistry,Which property makes diamond valuable in industry?,Hardness,Beauty,Conductivity,Solubility,A,1
Chemistry,What is the main use of carbon in energy storage?,Batteries,Fuel cells,Capacitors,All of above,D,1
Chemistry,Which gas is used in weather balloons?,He,H2,O2,N2,A,0
Chemistry,What is the main component of biogas?,CH4,CO2,H2,N2,A,0
Chemistry,Which process converts organic waste to fertilizer?,Composting,Incineration,Landfilling,Recycling,A,4
Chemistry,What is the primary use of formic acid?,Preservative,Cleaning,Solvent,Fuel,A,2
Chemistry,Which industry produces soaps?,Chemical,Pharmaceutical,Textile,Construction,A,3
Chemistry,What is the formula for plaster of Paris?,CaSO4·½H2O,CaSO4,CaCO3,CaO,A,7
Chemistry,Which acid is used in car batteries?,H2SO4,HCl,HNO3,CH3COOH,A,2
Chemistry,What is the basicity of H4P2O7?,4,3,2,1,A,8
Chemistry,Which metal is used in thermite process?,Al,Fe,Cu,Zn,A,0
Chemistry,What is the product of CaC2 + H2O?,C2H2 + Ca(OH)2,CH4 + CaO,C2H4 + CaO,CO2 + CaH2,A,8
Chemistry,Which salt is used in dyeing?,Alum,NaCl,KNO3,CaCO3,A,5
Chemistry,Which substance is efflorescent?,MgSO4·7H2O,CaCl2,SiO2,Conc. H2SO4,A,7
Chemistry,Why is graphite used in crucibles?,High melting point,Electrical conductivity,Transparency,Solubility,A,1
Chemistry,What is the main use of carbon in water treatment?,Filtration,Disinfection,Softening,Coagulation,A,1
Chemistry,Which reaction is used in blast furnace for iron production?,C reduces Fe2O3,C reduces CO2,C reduces H2O,C reduces SO2,A,0
Chemistry,How is CO2 used in oil recovery?,Enhanced oil recovery,Drilling,Refining,Transportation,A,1
Chemistry,What is the test for water vapor?,Turns cobalt chloride paper pink,Turns lime water milky,Burns with pop sound,Relights splint,A,8
Chemistry,Which coal type is most abundant?,Bituminous,Anthracite,Lignite,Peat,A,0
Chemistry,What is the main use of coal in chemistry?,Source of organic compounds,Fuel,Construction,Transportation,A,0
Chemistry,Which gas is used in deep sea diving?,He-O2 mixture,N2,O2,CO2,A,0
Chemistry,What is the formula for carbonyl chloride?,COCl2,CO2Cl,COCl,C2OCl2,A,6
Chemistry,How is K2CO3 prepared commercially?,From KCl and CO2,From wood ash,From limestone,From coal,A,8
Chemistry,What is observed when CaCO3 is strongly heated?,Decomposes to CaO and CO2,Melts,No change,Turns black,A,8
Chemistry,What is the main component of petroleum jelly?,C20+ hydrocarbons,C5-C12 compounds,C1-C4 gases,C12-C18 compounds,A,3
Chemistry,Which fraction is used in solvents?,Petroleum ether,Petrol,Kerosene,Diesel oil,A,7
Chemistry,What is the purpose of isomerization in petroleum industry?,Convert straight to branched chains,Remove impurities,Add oxygen,Reduce viscosity,A,3
Chemistry,What is the octane number of 2-methylpentane?,73,0,100,50,A,6
Chemistry,Which is a quaternary petrochemical?,Specialty chemicals,Fuels,Plastics,Solvents,A,7
Chemistry,What is the main raw material for explosives?,Toluene,Benzene,Xylene,All of above,D,3
Chemistry,Which industry produces rubber?,Chemical,Pharmaceutical,Automotive,Textile,A,3
Chemistry,What is the pH of blood?,7.4,7,8,6,A,2
Chemistry,Which salt is used in tanning?,Cr2(SO4)3,NaCl,KNO3,CaCO3,A,5
Chemistry,What is the chemical name for oil of vitriol?,H2SO4,HCl,HNO3,CH3COOH,A,7
Chemistry,Which property makes diamond useful in electronics?,Thermal conductivity,Electrical insulation,Transparency,Hardness,A,1
Chemistry,What is the main use of carbon in medicine?,Drug delivery,Implants,Diagnostics,All of above,D,1
Chemistry,Which gas is used in food preservation?,CO2,N2,O2,He,A,0
Chemistry,What is the main component of syngas?,CO and H2,CO and N2,CH4 and H2,CO2 and H2,A,0
Chemistry,Which process converts coal to town gas?,Destructive distillation,Gasification,Liquefaction,Combustion,A,0
Chemistry,What is the primary use of oxalic acid?,Cleaning,Food additive,Solvent,Fuel,A,2
Chemistry,Which industry produces adhesives?,Chemical,Pharmaceutical,Construction,Textile,A,3
Chemistry,What is the formula for Epsom salt?,MgSO4·7H2O,MgSO4,MgCO3,MgO,A,5
Chemistry,Which acid is used in etching glass?,HF,HCl,HNO3,H2SO4,A,2
Chemistry,What is the basicity of H2S?,2,1,3,4,A,8
Chemistry,Which metal is used in batteries?,Zn,Cu,Ag,Au,A,7
Chemistry,What is the product of Cl2 + H2O?,HCl + HOCl,HCl + O2,H2 + Cl2O,H2O2 + Cl2,A,8
Chemistry,Which salt is used in fireworks for red color?,Sr(NO3)2,NaCl,KNO3,CaCO3,A,5
Chemistry,Which substance is deliquescent?,KOH,Na2CO3·10H2O,SiO2,CaCO3,A,7
Chemistry,Why is diamond used in abrasives?,Hardness,Beauty,Conductivity,Solubility,A,1
Chemistry,What is the main use of carbon in electronics?,Semiconductors,Conductors,Insulators,All of above,A,1
Chemistry,Which reaction is used in manufacture of urea?,2NH3 + CO2 → NH2CONH2 + H2O,N2 + 3H2 → 2NH3,C + O2 → CO2,C + H2O → CO + H2,A,4
Chemistry,How is CO2 used in agriculture?,Plant growth enhancement,Soil treatment,Water treatment,Pest control,A,1
Chemistry,What is the test for sulfur dioxide?,Turns acidified K2Cr2O7 green,Turns lime water milky,Burns with pop sound,Relights splint,A,8
Chemistry,Which coal type is used in cement production?,Bituminous,Anthracite,Lignite,Peat,A,0
Chemistry,What is the main use of coal in power plants?,Electricity generation,Heating,Chemical production,Transportation,A,0
Chemistry,Which gas is used in anesthesia?,N2O,O2,N2,CO2,A,0
Chemistry,What is the formula for phosgene?,COCl2,CO2Cl,COCl,C2OCl2,A,8
Chemistry,How is Na2CO3 used in water treatment?,Water softening,Disinfection,Filtration,Coagulation,A,8
Chemistry,What is the main component of paraffin wax?,C20+ hydrocarbons,C5-C12 compounds,C1-C4 gases,C12-C18 compounds,A,7
Chemistry,Which fraction is used in dry cleaning?,Petroleum ether,Petrol,Kerosene,Diesel oil,A,7
Chemistry,What is the purpose of alkylation in petroleum industry?,Produce high-octane gasoline,Remove sulphur,Add oxygen,Reduce viscosity,A,3
Chemistry,What is the octane number of isooctane?,100,0,50,25,A,6
Chemistry,Which is a petrochemical derivative?,Synthetic rubber,Natural rubber,Wood,Mineral,A,7
Chemistry,What is the main raw material for polymers?,Ethylene,Propylene,Butadiene,All of above,D,3
Chemistry,Which industry produces cosmetics?,Chemical,Pharmaceutical,Textile,Construction,A,3
Chemistry,What is the pH of lemon juice?,2,7,8,5,A,2
Chemistry,Which salt is used in blue prints?,Ferricyanide,Chloride,Nitrate,Carbonate,A,5
Chemistry,What is the chemical name for muriatic acid?,HCl,H2SO4,HNO3,CH3COOH,A,2
Chemistry,Which property makes graphite useful in composites?,Strength and lightness,Electrical conductivity,Transparency,Solubility,A,1
Chemistry,What is the main use of carbon in sports equipment?,Lightweight materials,Strength,Durability,All of above,D,1
Chemistry,Which gas is used in light bulbs?,Ar,N2,O2,He,A,0
Chemistry,What is the main component of natural gas?,CH4,C2H6,C3H8,CO2,A,0
Chemistry,Which process converts biomass to biogas?,Anaerobic digestion,Composting,Incineration,Gasification,A,4
Chemistry,What is the primary use of tartaric acid?,Food additive,Cleaning,Solvent,Fuel,A,2
Chemistry,Which industry produces insecticides?,Agrochemical,Pharmaceutical,Chemical,Construction,A,3
Chemistry,What is the formula for calcite?,CaCO3,CaO,Ca(OH)2,CaSO4,A,8
Chemistry,Which acid is used in lead storage batteries?,H2SO4,HCl,HNO3,CH3COOH,A,2
Chemistry,What is the basicity of H3PO2?,1,2,3,4,A,8
Chemistry,Which metal is used in galvanization?,Zn,Fe,Cu,Al,A,1
Chemistry,What is the product of SO2 + H2O?,H2SO3,H2SO4,SO3,H2S,A,8
Chemistry,Which salt is used in medicine as purgative?,MgSO4,NaCl,KNO3,CaCO3,A,5
Chemistry,Which substance is hygroscopic?,Conc. H2SO4,Na2CO3·10H2O,CaCl2,NaNO3,A,7
Chemistry,Why is diamond used in precision instruments?,Hardness and durability,Electrical conductivity,Transparency,Solubility,A,1
Chemistry,What is the main use of carbon in environmental protection?,Air and water purification,Soil treatment,Waste management,All of above,D,1
Chemistry,Which reaction is used in production of silicon?,C reduces SiO2,C reduces CO2,C reduces H2O,C reduces SO2,A,4
Chemistry,How is CO2 used in beverage industry?,Carbonation,Preservation,Sweetening,Coloring,A,1
English,Choose the correctly spelt word.,Enviroment,Environment,Environmnt,Environmment,B,4
English,Choose the word that best completes the sentence: She has a good _____ of humor.,sense,scent,scene,sign,A,4
English,Choose the opposite of the underlined word: The boy was *polite*.,rude,gentle,kind,quiet,A,7
English,Choose the synonym of the underlined word: The task was *difficult*.,easy,hard,simple,light,B,7
English,Choose the correctly spelt word.,Recieve,Receive,Receeve,Recive,B,4
English,Choose the correct word: The cat chased _____ tail.,it,its,it's,its',B,4
English,Choose the correct option: The teacher praised the boys for _____ punctual.,been,being,be,been,A,4
English,Choose the opposite of *ancient*.,old,modern,antique,aged,B,7
English,Choose the synonym of *brief*.,long,short,tall,wide,B,6
English,Choose the correctly spelt word.,Occurence,Occurrence,Ocurence,Occurencee,B,4
English,Choose the appropriate word: The plane will take _____ at noon.,off,up,on,away,A,4
English,Choose the correct option: The bag belongs to _____.,I,me,myself,my,B,4
English,Choose the correct synonym of *enormous*.,tiny,huge,small,weak,B,2
English,Choose the correct antonym of *arrival*.,coming,departure,visit,entrance,B,7
English,Choose the correctly spelt word.,Adress,Address,Adreess,Addres,B,4
English,Choose the correct word: The boy fell _____ the river.,into,onto,in,on,A,4
English,Choose the correct option: The sun rises in the _____.,west,east,north,south,B,4
English,Choose the word that best completes the sentence: She sings _____.,sweet,sweetly,sweety,sweetness,B,4
English,Choose the opposite of *victory*.,loss,defeat,win,failure,B,7
English,Choose the synonym of *fortunate*.,happy,lucky,grateful,thankful,B,2
English,Choose the correctly spelt word.,Seperate,Separate,Seperete,Seperrate,B,4
English,Choose the correct option: The book is lying _____ the table.,in,on,at,under,B,4
English,Choose the correct option: He is older _____ I am.,than,then,that,those,A,8
English,Choose the correct word: The man _____ the bell.,rang,run,ring,rung,A,8
English,Choose the opposite of *love*.,like,hate,admire,care,B,7
English,Choose the correct synonym of *silent*.,quiet,noisy,loud,shouting,A,7
English,Choose the correctly spelt word.,Febuary,February,Febraury,Februery,B,4
English,Choose the correct option: The train will arrive _____ 6 o’clock.,in,on,at,by,C,4
English,Choose the correct word: She divided the cake _____ her children.,between,among,with,to,B,4
English,Choose the correct synonym of *beautiful*.,ugly,handsome,pretty,bad,C,2
English,Choose the opposite of *strong*.,weak,sturdy,powerful,tough,A,7
English,Choose the correctly spelt word.,Definately,Definetly,Definitely,Definatelye,C,4
English,Choose the correct option: The man walked _____ the room quietly.,into,onto,on,in,A,8
English,Choose the correct synonym of *brave*.,cowardly,fearful,bold,weak,C,2
English,Choose the opposite of *victory*.,defeat,success,achievement,glory,A,7
English,Choose the correctly spelt word.,Occassion,Occasion,Ocassion,Occasson,B,4
English,Choose the correct word: The children are playing _____ the garden.,in,on,at,by,A,4
English,Choose the correct synonym of *tired*.,sleepy,weak,exhausted,rested,C,2
English,Choose the opposite of *easy*.,hard,soft,simple,light,A,7
English,Choose the correctly spelt word.,Accomodation,Accommodation,Acommodation,Accomadation,B,4
English,Choose the correct option: The dog ran _____ the street.,across,through,along,by,A,8
English,Choose the correct synonym of *angry*.,furious,glad,pleased,joyful,A,2
English,Choose the opposite of *beginning*.,start,opening,end,initiation,C,7
English,Choose the correctly spelt word.,Comittee,Committee,Committie,Comittee,B,4
English,Choose the correct word: The man drove _____ the tunnel.,into,onto,on,across,A,8
English,Choose the synonym of *happy*.,sad,cheerful,angry,unhappy,B,2
English,Choose the opposite of *buy*.,sell,exchange,give,borrow,A,7
English,Choose the correctly spelt word.,Governement,Government,Governmant,Governement,B,4
English,Choose the correct option: The boy jumped _____ the wall.,over,above,through,into,A,4
English,Choose the correct synonym of *clever*.,stupid,brilliant,dull,foolish,B,2
English,Choose the opposite of *empty*.,vacant,filled,blank,hollow,B,7
English,Choose the correct option: He _____ going to school today.,is,are,am,were,A,8
English,Choose the correct sentence.,She don’t like rice.,She doesn’t likes rice.,She doesn’t like rice.,She don’t likes rice.,C,4
English,Choose the correct option: The boys _____ playing football.,is,was,are,has,C,4
English,Choose the correct form: The man _____ here yesterday.,come,came,comes,coming,B,8
English,Choose the correct word: Ade and Bola _____ gone home.,has,have,is,was,B,4
English,Choose the correct option: He _____ a car last week.,buys,buy,bought,buying,C,8
English,Choose the correct pronoun: This pen is _____.,my,mine,me,I,B,4
English,Choose the correct preposition: The cat jumped _____ the chair.,on,at,over,into,A,4
English,Choose the correct option: They _____ in Lagos for ten years.,live,are living,have lived,has lived,C,4
English,Choose the correct form: The teacher made the students _____ the class.,cleaned,clean,cleans,cleaning,B,4
English,Choose the correct sentence: The children are _____ to school.,go,goes,going,gone,C,4
English,Choose the correct tense: The letter _____ yesterday.,was posted,posted,is posted,posting,A,8
English,Choose the correct form: She _____ here before.,was,has been,had,have,B,4
English,Choose the correct sentence: The baby _____ since morning.,cry,cries,has been crying,cried,C,4
English,Choose the correct option: He is taller _____ I am.,than,then,that,those,A,8
English,Choose the correct tense: I _____ a book when she came in.,read,was reading,reading,reads,B,4
English,Choose the correct option: They _____ the house before we arrived.,left,leave,leaves,leaving,A,4
English,Choose the correct form: He _____ to the market every Saturday.,go,goes,going,gone,B,8
English,Choose the correct option: The woman _____ cooking when I arrived.,is,was,were,be,B,4
English,Choose the correct tense: The teacher _____ us next week.,teach,teaching,will teach,teached,C,8
English,Choose the correct option: The boy _____ his homework before dinner.,had done,has done,does,doing,A,8
English,Choose the correct option: She _____ a song now.,sings,sang,is singing,sung,C,4
English,Choose the correct pronoun: The book belongs to _____.,she,her,hers,he,C,4
English,Choose the correct option: I have not seen him _____ Monday.,since,for,from,at,A,8
English,Choose the correct article: He bought _____ orange.,a,an,the,that,B,8
English,Choose the correct conjunction: He came _____ he was invited.,because,although,unless,if,A,8
English,Choose the correct option: He can neither read _____ write.,and,or,nor,but,C,8
English,Choose the correct sentence: The books on the table _____ mine.,is,was,are,be,C,4
English,Choose the correct form: I am not interested _____ that.,on,in,at,with,B,4
English,Choose the correct option: The man _____ by the police.,is arrest,was arrested,were arrested,has arrest,B,8
English,Choose the correct tense: He _____ breakfast before 8 a.m. every day.,take,took,takes,taking,C,8
English,Choose the correct option: They _____ to Abuja last week.,go,going,went,goes,C,8
English,Choose the correct pronoun: This car is _____.,her,hers,she,he,B,4
English,Choose the correct option: The children _____ playing now.,was,were,are,is,C,4
English,Choose the correct sentence: He does not _____ to school late.,go,goes,going,gone,A,8
English,Choose the correct option: I _____ finished my homework.,has,have,had,having,B,4
English,Choose the correct preposition: The man is standing _____ the door.,by,at,on,under,B,8
English,Choose the correct tense: The bell _____ before we entered the hall.,rang,rung,ring,run,A,4
English,Choose the correct option: She _____ to church every Sunday.,go,goes,going,gone,B,4
English,Choose the correct option: The boy _____ his book yesterday.,forgets,forgot,forget,forgetting,B,8
English,Choose the correct preposition: The girl sat _____ her mother.,beside,behind,between,across,A,4
English,Choose the correct article: He is _____ honest man.,a,an,the,that,B,8
English,Choose the correct sentence: The teacher asked if I _____ ready.,am,was,were,be,B,4
English,Choose the correct option: The students _____ the test now.,write,are writing,writes,was writing,B,4
English,Choose the correct tense: They _____ in this school since 2010.,study,studied,have studied,studying,C,4
English,Identify the noun in this sentence: The boy kicked the ball.,boy,kicked,the,ball,D,4
English,Which of these words is a verb?,happy,run,blue,quickly,B,1
English,Which word is an adjective?,slowly,beautiful,run,kindly,B,2
English,Which of these is a pronoun?,John,She,Run,Blue,B,4
English,Which of the following is an adverb?,fast,table,John,beautiful,A,1
English,Choose the correct preposition: The book is _____ the table.,in,on,under,over,C,4
English,Which of these words is a conjunction?,and,because,but,all of the above,D,1
English,Identify the interjection: _____! That was a close call.,Hey,And,Quick,The,A,1
English,Choose the sentence with a proper noun.,He went to school.,She visited Lagos.,They are friends.,He read the book.,B,4
English,Which of the following is a common noun?,Mary,London,chair,Nile,C,1
English,Choose the correct option: “He writes neatly” — the word *neatly* is a/an _____.,noun,verb,adverb,adjective,C,8
English,Identify the verb in the sentence: The cat sleeps on the mat.,cat,sleeps,mat,on,B,4
English,Which of these is a complete sentence?,Running very fast.,The man is tall.,On the table.,Because it rained.,B,1
English,Choose the type of sentence: Please sit down.,Declarative,Imperative,Interrogative,Exclamatory,B,4
English,Choose the type of sentence: Are you coming to school?,Imperative,Exclamatory,Interrogative,Declarative,C,4
English,Choose the type of sentence: What a beautiful dress!,Exclamatory,Imperative,Declarative,Question,A,1
English,Choose the type of sentence: I am a teacher.,Imperative,Declarative,Exclamatory,Interrogative,B,4
English,Choose the correct option: “She is a nurse.” — This sentence is _____.,negative,interrogative,affirmative,exclamatory,C,4
English,Identify the subject in this sentence: The boy kicked the ball.,boy,ball,kicked,the,A,4
English,Identify the predicate: The boy kicked the ball.,The boy,kicked the ball,ball,kicked,B,4
English,Which of these is an example of a compound sentence?,He ran fast.,I came and I saw.,The man smiled.,Because it rained.,B,1
English,Which of these is an example of a simple sentence?,He came late.,Although he came late,He came late and slept,If he comes,A,1
English,Choose the correct option: A sentence that expresses a command is called _____.,imperative,exclamatory,interrogative,compound,A,4
English,Choose the correct option: “Don’t make noise!” is a/an _____ sentence.,interrogative,imperative,exclamatory,complex,B,5
English,Choose the correct option: Which of these is an exclamatory sentence?,She is going to school.,What a lovely flower!,Are you ready?,He ran fast.,B,4
English,Choose the correct option: Which of these is an interrogative sentence?,She danced well.,He sang beautifully.,Did he come early?,They went home.,C,4
English,Choose the correctly punctuated sentence.,when are you coming?,When are you coming?,when Are you Coming?,When are You coming?,B,4
English,Choose the correct sentence.,He is my friend.,he is My Friend.,He Is my Friend.,he is my friend.,A,4
English,Identify the adjective: The red car is mine.,car,mine,red,is,C,1
English,Choose the correct word: The students are very _____.,intelligence,intelligents,intelligent,intelligently,C,4
English,Identify the pronoun: She gave me a pen.,She,gave,me,pen,A,4
English,Choose the correct preposition: He walked _____ the road.,on,along,over,by,B,8
English,Choose the correct conjunction: He failed _____ he did not study.,so,because,if,although,B,8
English,Choose the correct option: The plural of *child* is _____. ,childs,children,childes,childrens,B,4
English,Choose the correct option: The plural of *knife* is _____. ,knifes,knive,knives,knifees,C,4
English,Choose the correct option: The plural of *man* is _____. ,mens,man,men,manes,C,8
English,Choose the correct option: The plural of *tooth* is _____. ,teeth,toothes,tooths,teeths,A,4
English,Choose the correct option: The opposite of *hot* is _____. ,cold,cool,warm,heat,A,7
English,Choose the correct word: The past tense of *write* is _____. ,write,written,wrote,writing,C,4
English,Choose the correct word: The past tense of *eat* is _____. ,eat,ate,eaten,eating,B,4
English,Choose the correct word: The past tense of *go* is _____. ,went,gone,goes,going,A,4
English,Choose the correct form: The past participle of *break* is _____. ,broke,broken,breaking,breaks,B,4
English,Choose the correct form: The past participle of *sing* is _____. ,sang,sung,sings,singing,B,4
English,Choose the correct option: The comparative of *good* is _____. ,better,gooder,more good,best,A,7
English,Choose the correct option: The superlative of *good* is _____. ,gooder,better,best,goodest,C,4
English,Choose the correct option: The comparative of *bad* is _____. ,worse,badder,more bad,worst,A,7
English,Choose the correct option: The superlative of *bad* is _____. ,worst,baddest,badder,worse,A,7
English,Choose the correct option: The comparative of *beautiful* is _____. ,beautifuller,more beautiful,most beautiful,beautifullest,B,7
English,Choose the correct option: The superlative of *beautiful* is _____. ,more beautiful,most beautiful,beautifullest,beautifuler,B,4
English,Comprehension is a test of a student’s ability to _____.,memorize facts,understand a passage,recite poems,analyze grammar,B,3
English,The meaning of a word as used in a passage is called its _____.,definition,contextual meaning,synonym,antonym,B,6
English,The tone of a passage refers to the writer’s _____.,feelings,language,words,punctuation,A,1
English,In a comprehension test, inference questions require the student to _____.,quote directly,guess without reading,draw conclusions from the passage,C,3
English,The summary of a passage should be written in _____ words.,many,too few,brief and precise,long,C,3
English,A good summary should exclude _____.,main points,minor details,relevant ideas,key points,B,3
English,The first step in summary writing is to _____.,copy the passage,read and understand the passage,underline difficult words,ask questions,B,3
English,The word ‘comprehension’ means _____.,to read fast,to understand,to copy,to remember,B,6
English,The main idea of a passage tells you _____.,the writer’s mood,the central message,the examples,the title,B,3
English,One should avoid using quotations in summary writing because _____.,they are too long,they show copying,they are not in your own words,B,,3
English,Comprehension helps students to improve their _____.,writing skills,understanding of language,poetry skills,listening skills,B,3
English,A summary passage is usually written in _____ form.,short sentences,dialogue,drama,poem,A,3
English,To summarize means to _____.,expand,shorten,copy,replace,B,3
English,A good summary should be written in _____.,paragraphs,bullet points,continuous prose,phrases,C,3
English,The best way to identify the main points is to _____.,read each paragraph carefully,read the title only,guess,underline examples,A,3
English,The purpose of summary writing is to _____.,expand the passage,shorten the passage,add more ideas,analyze sentences,B,3
English,The expression “in a nutshell” means _____.,in summary,with details,word for word,in paragraph,A,6
English,A summary should not include _____.,examples,main points,important ideas,key facts,A,3
English,A good summary must be _____.,long,concise,wordy,complex,B,3
English,The phrase “state in one sentence” means you should write _____.,many sentences,a paragraph,a single clear statement,a summary,C,1
English,The best summary answers are usually written in _____.,complete sentences,fragments,lists,questions,A,3
English,Comprehension questions test a student’s ability to _____.,analyze poetry,understand and interpret passages,write letters,recall grammar,B,3
English,A good summary answer must contain only _____.,minor details,main points,examples,opinions,B,3
English,In summary writing, avoid using direct quotations because _____.,they show understanding,they make it too long,they are too short,B,3
English,An essay is a piece of writing that expresses the writer’s _____.,feelings and ideas,opinions only,questions only,grammar only,A,3
English,The two main types of essays are _____ and _____.,formal and informal,short and long,fiction and nonfiction,letter and poem,A,3
English,An argumentative essay tries to _____.,tell a story,describe an event,persuade the reader,entertain the reader,C,3
English,A narrative essay is one that _____.,describes a scene,tells a story,gives instructions,explains a process,B,3
English,A descriptive essay mainly aims to _____.,argue a point,describe a person or thing,give facts,tell a story,B,3
English,An expository essay is used to _____.,explain a topic,entertain the reader,express emotion,write fiction,A,3
English,The introduction of an essay should _____.,contain jokes,show the conclusion,give a clear background,repeat points,C,3
English,The main body of an essay should contain _____.,the main points,the greeting,the writer’s name,the title only,A,3
English,The conclusion of an essay should _____.,start a new idea,repeat the introduction,round up the main points,B,,3
English,The opening of a formal letter begins with _____.,Dear Sir or Madam,Hello friend,Hi there,To my dear teacher,A,0
English,An informal letter is written to _____.,a company,a friend,a government office,a newspaper,B,0
English,The correct ending of a formal letter is _____.,Yours faithfully,Yours sincerely,With love,Bye,A,0
English,The correct ending of an informal letter is _____.,Yours faithfully,Yours sincerely,Yours lovingly,Respectfully,C,0
English,The subscription “Yours sincerely” is used when _____.,the recipient’s name is known,the recipient is unknown,it’s an official letter,it’s an application letter,A,0
English,The main difference between formal and informal letters is the _____.,tone and language,length,spelling,margin,A,0
English,An informal letter usually ends with _____.,faithfully,sincerely,love,respect,C,0
English,An essay that tells a story is called a/an _____ essay.,argumentative,descriptive,narrative,expository,C,3
English,An essay that describes a place or object is a _____ essay.,narrative,expository,descriptive,argumentative,C,3
English,The address in a letter should always include _____.,street name only,full contact details,telephone number only,postal code only,B,0
English,An argumentative essay presents _____.,facts and opinions,stories and jokes,feelings and emotions,dialogues only,A,3
English,The tone of a formal letter should be _____.,friendly,official,rude,emotional,B,0
English,The first paragraph of a formal letter should state _____.,the writer’s complaint,the reason for writing,personal greetings,the main points,B,0
English,An expository essay mainly aims to _____.,argue,inform,entertain,persuade,B,3
English,The concluding paragraph of a letter should _____.,end abruptly,summarize politely,ignore the topic,start a new point,B,3
English,The abbreviation P.S. at the end of a letter means _____.,post story,post script,personal statement,post summary,B,0
English,The closing remark “Yours faithfully” is used when _____.,the name of the person is unknown,the letter is informal,the letter is personal,the recipient is a friend,A,1
English,The heading of a formal letter is also known as the _____.,greeting,address,title,subject,D,0
English,The main body of a formal letter contains _____.,salutation,points of discussion,signature,date,B,0
English,The word *sincerely* in “Yours sincerely” means _____.,truthfully,officially,gratefully,happily,A,2
English,The expression “I look forward to your reply” is used in _____ letters.,informal,formal,private,thank-you,B,0
English,An essay must always have a clear _____.,introduction,ending only,middle only,body only,A,3
English,The study of speech sounds is called _____.,phonology,syntax,morphology,semantics,A,5
English,The smallest unit of sound in a language is called a _____.,syllable,phoneme,word,letter,B,5
English,The study of how words are pronounced is called _____.,semantics,phonetics,morphology,grammar,B,5
English,The letters of the alphabet that represent speech sounds are called _____.,phonetic symbols,orthography,grammar,semantics,A,5
English,The sound /p/ in “pen” is an example of a _____ sound.,voiced,voiceless,vowel,syllabic,B,5
English,The sound /b/ in “boy” is a _____ sound.,voiced,voiceless,nasal,fricative,A,5
English,The sound /m/ in “man” is a _____ sound.,plosive,fricative,nasal,liquid,C,5
English,The sound /f/ in “fish” is a _____ sound.,nasal,fricative,liquid,plosive,B,5
English,The sound /t/ in “top” is a _____ sound.,fricative,plosive,nasal,vowel,B,5
English,The sound /s/ in “sun” is a _____ sound.,plosive,fricative,nasal,liquid,B,5
English,The sound /l/ in “love” is a _____ sound.,lateral,plosive,fricative,nasal,A,5
English,The sound /r/ in “red” is a _____ sound.,plosive,trill,fricative,liquid,D,5
English,The vowel sound in “seat” is represented by _____.,/ɪ/,/iː/,/e/,/ɜː/,B,5
English,The vowel sound in “sit” is represented by _____.,/ɪ/,/iː/,/ʌ/,/æ/,A,5
English,The vowel sound in “cat” is represented by _____.,/ɜː/,/æ/,/aː/,/ɪ/,B,5
English,The vowel sound in “cup” is represented by _____.,/ɪ/,/ʌ/,/ɒ/,/aɪ/,B,5
English,The vowel sound in “ball” is represented by _____.,/ɒ/,/ɔː/,/aʊ/,/ə/,B,5
English,The diphthong in “boy” is represented by _____.,/aɪ/,/ɔɪ/,/eɪ/,/ɪə/,B,5
English,The diphthong in “fine” is represented by _____.,/eɪ/,/aɪ/,/aʊ/,/ɔɪ/,B,5
English,The diphthong in “loud” is represented by _____.,/aɪ/,/aʊ/,/ɔɪ/,/eə/,B,5
English,The vowel sound in “boat” is represented by _____.,/əʊ/,/aʊ/,/ɒ/,/eə/,A,5
English,The diphthong in “care” is represented by _____.,/eə/,/aʊ/,/ɪə/,/ɔɪ/,A,5
English,The diphthong in “here” is represented by _____.,/ɪə/,/eə/,/aɪ/,/ɔɪ/,A,5
English,The sound /ʃ/ occurs in the word _____.,chair,shoe,goat,jam,B,5
English,The sound /ʒ/ occurs in the word _____.,measure,church,fish,shop,A,5
English,The sound /tʃ/ occurs in the word _____.,chair,shoe,vision,leisure,A,5
English,The sound /dʒ/ occurs in the word _____.,jam,ship,shine,fish,A,5
English,The sound /θ/ occurs in the word _____.,this,thing,those,these,B,5
English,The sound /ð/ occurs in the word _____.,thing,thought,those,thick,C,5
English,The sound /ŋ/ occurs in the word _____.,sing,sit,sign,sand,A,5
English,The schwa sound /ə/ occurs in the word _____.,about,cat,ball,sit,A,5
English,The stress in the word “photograph” falls on the _____ syllable.,first,second,third,fourth,A,1
English,The stress in “photographer” falls on the _____ syllable.,first,second,third,fourth,C,5
English,The stress in “economy” falls on the _____ syllable.,first,second,third,fourth,B,5
English,The stress in “economic” falls on the _____ syllable.,first,second,third,fourth,C,5
English,Intonation refers to _____.,rhythm of speech,pitch variation,word meaning,grammar,B,5
English,Rising intonation is used in _____.,statements,commands,yes/no questions,exclamations,C,5
English,Falling intonation is used in _____.,questions,statements,requests,uncertain answers,B,5
English,The word “import” when used as a noun has stress on the _____ syllable.,first,second,third,none,A,5
English,The word “import” when used as a verb has stress on the _____ syllable.,first,second,third,none,B,5
English,The word “conduct” as a noun is stressed on the _____ syllable.,first,second,third,none,A,5
English,The word “conduct” as a verb is stressed on the _____ syllable.,first,second,third,none,B,5
English,The primary function of intonation is to _____.,change meaning,show feeling,form sentences,show stress,B,5
English,The sound /v/ is a _____ sound.,voiceless bilabial,voiced labiodental,voiceless alveolar,voiced plosive,B,5
English,The sound /k/ is a _____ sound.,voiceless velar plosive,voiced velar nasal,voiced alveolar fricative,voiceless bilabial stop,A,5
English,The sound /g/ is a _____ sound.,voiced velar plosive,voiced bilabial nasal,voiceless alveolar stop,voiced fricative,A,5
English,The sound /h/ is a _____ sound.,voiced alveolar,voiceless glottal,voiceless bilabial,voiced nasal,B,5
English,The sound /w/ in “we” is a _____ sound.,voiceless bilabial,voiced bilabial approximant,voiced nasal,voiceless fricative,B,5
English,The sound /j/ in “yes” is a _____ sound.,voiceless alveolar,voiced palatal approximant,voiced bilabial,voiceless glottal,B,5
English,Phonetic transcription helps learners to _____.,spell words,pronounce words correctly,write faster,read quietly,B,5
English,The symbol /θ/ represents the sound in which of these words?,thing,this,there,that,A,5
English,The word *lexis* refers to _____.,sentence formation,vocabulary or word choice,intonation,grammar,B,6
English,The word *structure* in English refers to _____.,sentence organization,spelling,intonation,reading speed,A,6
English,The correct form of the verb in “He _____ going now” is _____. ,is,are,am,were,A,8
English,Choose the correct option: She prefers tea _____ coffee.,to,than,and,with,A,4
English,Choose the correct expression: We arrived _____ the airport on time.,at,in,on,to,A,4
English,Choose the correct option: The car belongs _____ me.,to,for,with,of,A,4
English,Choose the correct preposition: He was born _____ June.,at,on,in,by,C,8
English,Choose the correct option: I am tired _____ this noise.,at,with,of,from,C,5
English,Choose the correct word: He congratulated me _____ my success.,at,for,on,of,C,4
English,Choose the correct expression: I am interested _____ football.,at,about,in,with,C,4
English,Choose the correct option: She is married _____ a lawyer.,with,to,by,for,B,4
English,Choose the correct word: The woman is proud _____ her daughter.,of,for,about,to,A,4
English,Choose the correct word: The man is responsible _____ the mistake.,of,for,to,with,B,8
English,Choose the correct option: Ade is different _____ Tunde.,from,to,with,of,A,4
English,Choose the correct word: The students complained _____ the noise.,at,on,about,for,C,4
English,Choose the correct expression: The boy is good _____ Mathematics.,in,at,on,about,B,4
English,Choose the correct preposition: He divided the food _____ two.,between,among,within,inside,A,8
English,Choose the correct word: The teacher is pleased _____ the result.,of,with,at,for,B,4
English,Choose the correct option: He depends _____ his parents.,in,at,on,of,C,8
English,Choose the correct phrase: The boy was accused _____ stealing.,of,for,with,at,A,4
English,Choose the correct expression: I am familiar _____ this topic.,to,for,with,of,C,4
English,Choose the correct option: The man is ashamed _____ his actions.,for,to,of,with,C,8
English,Choose the correct word: The girl is jealous _____ her friend.,to,of,about,for,B,4
English,Choose the correct option: The book is full _____ interesting stories.,of,with,from,on,A,4
English,Choose the correct phrase: He is capable _____ doing it.,of,to,for,about,A,4
English,Choose the correct word: I am satisfied _____ my performance.,for,with,about,by,B,4
English,Choose the correct expression: The lady was accused _____ lying.,of,to,for,about,A,4
English,Choose the correct phrase: The man insisted _____ paying the debt.,on,in,at,to,A,4
English,Choose the correct idiom: “To kick the bucket” means _____.,to die,to travel,to fight,to rest,A,4
English,Choose the correct idiom: “To spill the beans” means _____.,to tell a secret,to waste food,to cook beans,to cause trouble,A,4
English,Choose the correct idiom: “Once in a blue moon” means _____.,frequently,rarely,never,occasionally,B,4
English,Choose the correct idiom: “A blessing in disguise” means _____.,a hidden problem,a good thing that seemed bad,a bad omen,a big surprise,B,4
English,Choose the correct idiom: “Cut corners” means _____.,to do something badly to save effort,to design,make a turn,to improve work,A,4
English,Choose the correct idiom: “Break the ice” means _____.,to make people feel comfortable,to break glass,to end a fight,to stop talking,A,4
English,Choose the correct idiom: “Hit the nail on the head” means _____.,to say something exactly right,to build a house,to make a mistake,to speak softly,A,4
English,Choose the correct idiom: “Under the weather” means _____.,feeling ill,feeling happy,feeling excited,feeling rich,A,4
English,Choose the correct idiom: “Let the cat out of the bag” means _____.,to reveal a secret,to buy a cat,to tell a lie,to keep quiet,A,4
English,Choose the correct idiom: “Bite off more than you can chew” means _____.,take on too much work,eat too fast,be lazy,lose appetite,A,4
English,Choose the correct idiom: “Burn the midnight oil” means _____.,to read at night,to sleep late,to study late into the night,to switch off light,C,4
English,Choose the correct idiom: “Cost an arm and a leg” means _____.,very expensive,very cheap,very easy,very heavy,A,4
English,Choose the correct idiom: “To be in hot water” means _____.,to be in trouble,to be rich,to take a bath,to travel far,A,4
English,Choose the correct idiom: “A piece of cake” means _____.,something very easy,something very hard,something sweet,something small,A,4
English,Choose the correct idiom: “Add fuel to the fire” means _____.,to worsen a situation,to cook,to make peace,to cool down,A,4
English,Choose the correct idiom: “The ball is in your court” means _____.,it’s your decision,it’s my game,it’s someone’s fault,it’s over,A,4
English,Choose the correct idiom: “A bird in hand is worth two in the bush” means _____.,what you have is better than what you hope for,keep chasing more,don’t settle,be patient,A,4
English,Choose the correct idiom: “To cry over spilt milk” means _____.,to regret what can’t be changed,to shout loudly,to complain,to be lazy,A,4
English,Choose the correct idiom: “To hit the books” means _____.,to start studying,to close books,to fail exams,to go to school,A,4
English,Choose the correct idiom: “To see eye to eye” means _____.,to agree,to fight,to avoid,to misunderstand,A,4
English,Choose the correct idiom: “To pull someone’s leg” means _____.,to joke with them,to hurt them,to chase them,to deceive them,A,4
English,Choose the correct idiom: “To be on cloud nine” means _____.,to be very happy,to be very sad,to be confused,to be angry,A,4
English,Choose the correct idiom: “To get cold feet” means _____.,to become afraid,to feel cold,to start running,to fall asleep,A,4
English,Choose the correct idiom: “To make ends meet” means _____.,to earn enough to live,to close something,to argue,to stop work,A,4
English,The phrasal verb “give up” means _____.,to surrender,to donate,to continue,to rise,A,6
English,The phrasal verb “look after” means _____.,to search,to take care of,to watch,to follow,B,6
English,The phrasal verb “bring up” means _____.,to mention or raise a topic,to lift something,to grow something,to carry,A,6
English,The phrasal verb “turn down” means _____.,to reject,to reduce,to increase,to switch on,A,6
English,The phrasal verb “put off” means _____.,to delay,to stop,to turn off,to continue,A,6
English,The phrasal verb “call off” means _____.,to arrange,to cancel,to begin,to postpone,B,6
English,The phrasal verb “carry on” means _____.,to continue,to stop,to lift,to move,B,6
English,The phrasal verb “run into” means _____.,to collide with,to meet by chance,to escape,to chase,B,6
English,The phrasal verb “take off” means _____.,to remove clothes,to fly,to leave,to begin,A,6
English,The phrasal verb “break down” means _____.,to fail,to cry,to stop working,to fall,A,6
English,The phrasal verb “fill in” means _____.,to complete a form,to enter a room,to decorate,to explain,A,6
English,The phrasal verb “look for” means _____.,to watch,to search for,to take care,to wait,B,6
English,The phrasal verb “look forward to” means _____.,to expect something with pleasure,to turn around,to think of,to talk about,A,6
English,The phrasal verb “put out” means _____.,to extinguish,to light,to bring in,to remove,A,6
English,The phrasal verb “set out” means _____.,to start a journey,to sit down,to run fast,to plan,A,6
English,The phrasal verb “get up” means _____.,to rise from bed,to sleep,to kneel,to shout,A,6
English,The phrasal verb “bring back” means _____.,to return something,to take away,to forget,to call back,A,6
English,The phrasal verb “cut down” means _____.,to reduce,to increase,to raise,to add,A,6
English,The phrasal verb “give in” means _____.,to submit,to resist,to argue,to protest,A,6
English,The phrasal verb “hand over” means _____.,to transfer possession,to take from,to collect,to borrow,A,6
English,The synonym of *happy* is _____.,sad,joyful,angry,afraid,B,2
English,The synonym of *angry* is _____.,furious,calm,gentle,quiet,A,2
English,The synonym of *big* is _____.,tiny,small,large,short,C,2
English,The synonym of *beautiful* is _____.,ugly,pretty,plain,bad,B,2
English,The synonym of *brave* is _____.,bold,timid,fearful,weak,A,2
English,The synonym of *begin* is _____.,end,start,close,stop,B,6
English,The synonym of *buy* is _____.,sell,purchase,exchange,give,B,6
English,The synonym of *finish* is _____.,start,begin,end,open,C,6
English,The synonym of *fast* is _____.,quick,slow,steady,weak,A,2
English,The synonym of *rich* is _____.,poor,wealthy,greedy,stingy,B,2
English,The antonym of *love* is _____.,like,hate,care,help,B,7
English,The antonym of *early* is _____.,late,fast,soon,quick,A,7
English,The antonym of *strong* is _____.,hard,weak,firm,tough,B,7
English,The antonym of *short* is _____.,long,small,thin,wide,A,7
English,The antonym of *cheap* is _____.,costly,small,soft,free,A,7
English,The antonym of *accept* is _____.,refuse,receive,take,give,A,7
English,The antonym of *arrival* is _____.,coming,leaving,departure,meeting,C,7
English,The antonym of *success* is _____.,achievement,failure,progress,victory,B,7
English,The antonym of *open* is _____.,close,break,tear,lock,A,7
English,The antonym of *hot* is _____.,warm,cold,freezing,chilly,B,7
English,The synonym of *intelligent* is _____.,wise,dull,weak,slow,A,2
English,The synonym of *lazy* is _____.,idle,hardworking,active,serious,A,2
English,The synonym of *humble* is _____.,modest,proud,angry,quiet,A,2
English,The antonym of *polite* is _____.,kind,rude,soft,shy,B,7
English,The antonym of *empty* is _____.,blank,filled,open,shallow,B,7
English,The antonym of *difficult* is _____.,hard,easy,rough,strong,B,7
English,The synonym of *quickly* is _____.,slowly,fast,softly,gently,B,2
English,The synonym of *honest* is _____.,truthful,deceitful,cunning,silent,A,2
English,The antonym of *noise* is _____.,quiet,sound,loudness,voice,A,7
English,The synonym of *help* is _____.,assist,ignore,disturb,refuse,A,6
English,The antonym of *light* is _____.,bright,heavy,soft,dim,B,7
English,The synonym of *teacher* is _____.,pupil,instructor,student,learner,B,2
English,The antonym of *victory* is _____.,win,defeat,glory,achievement,B,7
English,The antonym of *friend* is _____.,partner,enemy,stranger,companion,B,7
English,The synonym of *beautiful* is _____.,handsome,pretty,fair,ugly,B,2
English,The synonym of *error* is _____.,mistake,truth,correction,right,A,2
English,The antonym of *honest* is _____.,faithful,false,truthful,real,B,2
English,The synonym of *reply* is _____.,answer,question,ask,report,A,2
English,The antonym of *soft* is _____.,tough,hard,strong,solid,B,7
English,The antonym of *weak* is _____.,feeble,strong,slow,shy,B,7
English,The synonym of *beginning* is _____.,start,end,finish,stop,A,6
English,The antonym of *clean* is _____.,clear,dirty,tidy,bright,B,7
English,The antonym of *success* is _____.,failure,progress,development,victory,A,7
English,The synonym of *angry* is _____.,furious,calm,quiet,cool,A,2
English,The antonym of *love* is _____.,hate,joy,care,trust,A,7
English,The synonym of *happy* is _____.,joyful,sad,quiet,angry,A,2
English,The antonym of *dark* is _____.,bright,black,dim,dull,A,7
English,The antonym of *deep* is _____.,shallow,low,wide,long,A,7
English,The synonym of *rich* is _____.,wealthy,poor,stingy,humble,A,2
English,The antonym of *new* is _____.,modern,ancient,old,latest,C,7
English,The synonym of *clever* is _____.,intelligent,slow,careless,lazy,A,2
English,The antonym of *empty* is _____.,full,blank,light,open,A,7
English,The synonym of *small* is _____.,tiny,huge,large,big,A,2
English,The antonym of *happy* is _____.,sad,excited,calm,kind,A,2
English,The synonym of *good* is _____.,fine,bad,ugly,wrong,A,2
English,The antonym of *tall* is _____.,short,low,long,deep,A,7
English,The synonym of *easy* is _____.,simple,hard,difficult,strong,A,2
English,A figure of speech is used to _____.,make language dull,add beauty and meaning,make writing confusing,repeat ideas,B,1
English,The expression “as brave as a lion” is an example of a _____.,metaphor,simile,personification,hyperbole,B,1
English,The expression “The world is a stage” is an example of a _____.,simile,metaphor,personification,alliteration,B,1
English,The statement “The sun smiled on us” is an example of _____.,simile,personification,metaphor,irony,B,1
English,The expression “He cried a river” is an example of _____.,metaphor,hyperbole,simile,personification,B,1
English,The phrase “The silence was deafening” is an example of _____.,paradox,metaphor,simile,irony,A,1
English,The statement “Honesty is the best policy” is a _____.,proverb,metaphor,idiom,simile,A,1
English,The expression “She sells seashells by the seashore” illustrates _____.,simile,alliteration,personification,metaphor,B,1
English,The phrase “The fire swallowed the house” is an example of _____.,metaphor,personification,simile,hyperbole,B,1
English,The statement “Time flies” is an example of _____.,personification,metaphor,hyperbole,simile,A,1
English,The expression “as white as snow” is an example of _____.,metaphor,simile,hyperbole,alliteration,B,1
English,The phrase “sweet sorrow” is an example of _____.,oxymoron,simile,personification,metaphor,A,1
English,The figure of speech in “The pen is mightier than the sword” is _____.,personification,metaphor,metonymy,irony,C,1
English,The expression “a sea of troubles” is an example of _____.,simile,metaphor,personification,idiom,B,1
English,The phrase “I have told you a thousand times” is an example of _____.,hyperbole,simile,personification,irony,A,1
English,The statement “He kicked the bucket” means _____.,he died,he fell,he kicked something,he shouted,A,1
English,The expression “a round square” is an example of _____.,paradox,oxymoron,metaphor,simile,B,1
English,The figure of speech in “He is the black sheep of the family” is a/an _____.,simile,idiom,metaphor,proverb,C,1
English,The expression “He fought like a lion” is a _____.,metaphor,simile,idiom,proverb,B,1
English,The phrase “The wind whispered” is an example of _____.,personification,hyperbole,metaphor,simile,A,1
English,The expression “as busy as a bee” is an example of _____.,metaphor,simile,idiom,irony,B,1
English,The statement “The news hit me like a ton of bricks” is a _____.,simile,hyperbole,metaphor,idiom,A,1
English,The figure of speech in “The stars danced in the sky” is _____.,metaphor,simile,personification,oxymoron,C,1
English,The phrase “as cold as ice” is an example of _____.,simile,metaphor,personification,paradox,A,1
English,The expression “He has a heart of stone” is a _____.,metaphor,simile,personification,idiom,A,1
English,The phrase “He eats like a pig” is a _____.,simile,metaphor,hyperbole,idiom,A,1
English,The figure of speech “Don’t bite the hand that feeds you” is a _____.,proverb,idiom,metaphor,hyperbole,A,1
English,The statement “The classroom was a zoo” is a _____.,personification,metaphor,simile,oxymoron,B,1
English,The figure of speech in “The thunder roared angrily” is _____.,personification,metaphor,simile,irony,A,1
English,The expression “as light as a feather” is a _____.,simile,metaphor,idiom,hyperbole,A,1
English,The figure of speech in “All that glitters is not gold” is a _____.,proverb,idiom,metaphor,hyperbole,A,1
English,The repetition of consonant sounds at the beginning of words is called _____.,alliteration,assonance,consonance,ellipsis,A,5
English,The repetition of vowel sounds in nearby words is called _____.,alliteration,assonance,consonance,onomatopoeia,B,5
English,The use of words that imitate sounds is called _____.,onomatopoeia,hyperbole,simile,irony,A,5
English,The statement “Boom! went the gun” is an example of _____.,alliteration,onomatopoeia,hyperbole,metaphor,B,1
English,The phrase “better late than never” is a _____.,proverb,idiom,metaphor,simile,A,7
English,The expression “He met his Waterloo” means _____.,he won a prize,he suffered defeat,he traveled far,he succeeded,B,1
English,The expression “to add insult to injury” means _____.,to make a bad situation worse,to apologize,to forgive,to repair,A,6
English,The phrase “as cool as a cucumber” means _____.,very calm,very cold,very hot,very angry,A,6
English,The expression “the handwriting on the wall” means _____.,a warning of trouble,a letter,a sign,a drawing,A,1
English,The figure of speech in “as blind as a bat” is a _____.,metaphor,simile,idiom,proverb,B,1
English,The phrase “He was buried in his books” is an example of _____.,metaphor,simile,idiom,hyperbole,A,1
English,The expression “She has eyes like a hawk” is a _____.,simile,metaphor,personification,hyperbole,A,1
English,The figure of speech in “as gentle as a dove” is a _____.,simile,metaphor,personification,idiom,A,1
English,The expression “Life is a journey” is a _____.,metaphor,simile,idiom,proverb,A,1
English,The statement “He ran faster than the wind” is a _____.,hyperbole,simile,idiom,metaphor,A,1
English,The expression “a wolf in sheep’s clothing” means _____.,a deceitful person,a kind man,a quiet person,a brave man,A,1
English,The phrase “as hard as rock” is a _____.,simile,metaphor,idiom,hyperbole,A,1
English,The statement “as black as coal” is a _____.,simile,metaphor,idiom,proverb,A,1
English,The figure of speech “A stitch in time saves nine” teaches _____.,delay is dangerous,hard work pays,help others,wait patiently,A,1
English,Reading comprehension helps to improve _____.,speaking,understanding,writing,acting,B,3
English,The main idea of a passage is _____.,the title,the most important point,the first line,the last sentence,B,3
English,Skimming is a reading technique used to _____.,read every word,find main ideas quickly,memorize text,analyze grammar,B,6
English,Scanning is used to _____.,find specific information,read slowly,analyze meanings,write summaries,A,6
English,The purpose of reading for gist is to _____.,get a general idea,understand details,memorize lines,analyze tone,A,6
English,The topic sentence of a paragraph usually appears at the _____.,beginning,middle,end,nowhere,A,3
English,To infer means to _____.,guess meaning from clues,read aloud,translate words,count sentences,A,6
English,The writer’s attitude in a passage is called the _____.,tone,theme,title,plot,A,3
English,The central message of a passage is the _____.,topic,theme,summary,thesis,B,1
English,The word that describes the writer’s choice of words is _____.,tone,style,theme,grammar,B,1
English,Active reading means _____.,reading passively,engaging with the text,reading quickly,memorizing lines,B,6
English,The best title for a passage should _____.,be short and relevant,be long and detailed,be funny,mention every detail,A,3
English,The main function of punctuation marks in reading is to _____.,indicate pauses and meaning,decorate text,replace words,shorten sentences,A,3
English,The word *synonym* means _____.,words with opposite meanings,words with similar meanings,words with same spelling,different words,B,2
English,The word *antonym* means _____.,words that sound alike,words with opposite meanings,words with same meaning,words with similar spelling,B,7
English,Good readers often _____.,ignore punctuation,predict meaning,skip paragraphs,read aloud always,B,3
English,The best way to increase vocabulary is by _____.,memorizing dictionary words,reading regularly,listening to songs,copying notes,B,6
English,Listening skills are important because they help us to _____.,speak less,understand others better,read faster,write correctly,B,5
English,Good listening requires _____.,attention and concentration,sleeping,interrupting others,looking away,A,5
English,Note-taking during listening helps to _____.,remember key points,forget details,avoid focus,read aloud,A,5
English,Barriers to good listening include _____.,noise and distraction,attention and focus,understanding and recall,good memory,A,5
English,The process of listening begins with _____.,interpreting,hearing,remembering,responding,B,5
English,Listening comprehension means _____.,understanding what is heard,reading silently,writing notes,copying answers,A,5
English,Paraphrasing means _____.,rewriting in your own words,copying the same words,reading aloud,translating language,A,6
English,The best way to answer comprehension questions is to _____.,read the questions first,ignore the passage,guess answers,memorize words,A,3
English,The difference between hearing and listening is _____.,listening requires attention,hearing is understanding,listening is passive,hearing is active,A,5
English,Silent reading helps a student to _____.,read faster,memorize better,speak louder,translate words,A,3
English,The skill of predicting outcomes in reading means _____.,guessing what will happen next,writing the ending,copying words,skipping lines,A,3
English,The act of dividing a passage into paragraphs helps to _____.,organize ideas,make it longer,confuse readers,fill space,A,3
English,The main difference between summary and paraphrase is that a summary is _____.,shorter,exactly same,translated,longer,A,3
English,The tone of a passage can be _____.,sad,angry,joyful,all of the above,D,1
English,Reading comprehension questions often test _____.,understanding and inference,spelling,grammar,handwriting,A,3
English,The best way to improve reading comprehension is to _____.,practice regularly,read once,avoid questions,read fast only,A,3
English,The opposite of active listening is _____.,passive listening,fast listening,deep listening,focused listening,A,5
English,Effective readers often _____.,take notes and summarize,skip details,read aloud always,avoid punctuation,A,3
English,The author’s purpose in a passage could be to _____.,inform,entertain,persuade,all of the above,D,3
English,Reading aloud helps to improve _____.,pronunciation and confidence,writing speed,listening skills,reading silently,A,3
English,One good habit of an effective listener is _____.,interrupting,maintaining eye contact,thinking of other things,speaking over others,B,5
English,The word *skim* in reading means to _____.,read quickly for main idea,read aloud slowly,memorize lines,find details,A,6
English,Essay writing is also known as _____.,composition,summary,letter,dialogue,A,3
English,The main purpose of essay writing is to _____.,express ideas,copy others,memorize text,translate,A,3
English,The opening paragraph of an essay is called the _____.,introduction,body,conclusion,summary,A,3
English,The last paragraph of an essay is called the _____.,ending,summary,conclusion,body,C,3
English,The main part of an essay that develops the ideas is the _____.,body,heading,introduction,summary,A,3
English,A good essay must have _____.,clear structure,unclear ideas,random thoughts,short sentences,A,3
English,The features of a good essay include _____.,clarity,coherence,unity,all of the above,D,3
English,The type of essay that tells a story is a _____ essay.,narrative,descriptive,expository,argumentative,A,3
English,The type of essay that describes something is called a _____ essay.,narrative,descriptive,argumentative,expository,B,3
English,An essay that explains how or why something happens is _____.,expository,argumentative,narrative,letter,A,3
English,An essay that tries to convince readers is a _____ essay.,narrative,argumentative,descriptive,expository,B,3
English,An informal letter is written to _____.,friends or relatives,government officials,editors,business partners,A,0
English,A formal letter is written to _____.,friends,relatives,officials,peers,C,0
English,An official letter should begin with _____.,Dear Sir/Madam,Hello friend,Hi there,Hey you,A,0
English,The address of the writer in a formal letter is written _____.,at the top right corner,at the bottom,at the center,anywhere,A,0
English,The date in a formal letter comes _____ the writer’s address.,before,after,below,beside,B,0
English,The salutation in a friendly letter is written as _____.,Dear Tolu,Dear Sir,Respected Madam,To Whom It May Concern,A,0
English,The closing of a formal letter is usually _____.,Yours faithfully,Yours sincerely,Best regards,From your friend,A,0
English,The closing of an informal letter is usually _____.,Yours sincerely,Yours faithfully,Your loving friend,Yours obediently,C,0
English,The subject of a formal letter should be written _____.,in capital letters,at the end,in small letters,nowhere,A,0
English,A report writing must include _____.,title,content,date,all of the above,D,3
English,The first paragraph of a report should state _____.,the purpose of the report,the writer’s name,an opinion,a question,A,3
English,The title of an essay should be _____.,short and clear,very long,irrelevant,complex,A,3
English,A descriptive essay mainly focuses on _____.,the senses and details,facts and arguments,opinions only,statistics,A,3
English,An argumentative essay must include _____.,points for and against,poems,stories,dialogues,A,3
English,A good paragraph should have a _____.,topic sentence,conclusion only,random idea,title only,A,3
English,The word *composition* means _____.,putting ideas together,reading stories,copying from text,memorizing,A,6
English,The tone of a formal letter should be _____.,respectful,rude,emotional,joking,A,0
English,The tone of an informal letter should be _____.,friendly,official,strict,technical,A,0
English,The use of paragraphs in essays helps to _____.,organize ideas,confuse readers,make it longer,add decoration,A,3
English,The phrase “Yours faithfully” is used when _____.,you don’t know the name of the person,you know the person,writing to a friend,writing an article,A,6
English,The phrase “Yours sincerely” is used when _____.,you know the name of the person,writing to strangers,writing reports,writing to editors,A,2
English,The body of a formal letter should be written in _____ paragraphs.,two or more,one,none,five,A,0
English,A story must be written in _____ order.,chronological,reverse,random,mixed,A,3
English,The title of a formal letter should be _____.,underlined,hidden,italicized,omitted,A,0
English,A narrative essay should contain _____.,characters,setting,plot,all of the above,D,3
English,An article is written mainly to _____.,inform or educate,chat with friends,entertain personally,advertise only,A,3
English,A good report should be _____.,clear and factual,opinionated,short and unclear,too emotional,A,3
English,A good speech should begin with _____.,a greeting and introduction,conclusion,examples only,a poem,A,1
English,Minutes of meeting usually include _____.,date,time,decisions,all of the above,D,1
English,Formal speeches are usually delivered to _____.,an audience,one person,friends only,teachers only,A,0
English,A short piece of writing about current issues in newspapers is called a _____.,article,story,poem,report,A,3
English,One feature of a good composition is _____.,unity of ideas,confusion,verbosity,irrelevance,A,1
English,A debate topic is always presented as a _____.,motion,poem,title,question,A,3
English,A letter to the editor belongs to the _____ type of writing.,formal,informal,friendly,descriptive,A,0
English,The abbreviation “P.S.” at the end of a letter stands for _____.,postscript,personal statement,public speech,paragraph summary,A,0
English,The word *vocabulary* refers to _____.,a person’s knowledge of words,grammar rules,essay writing,story telling,A,6
English,The process of forming new words from existing ones is called _____.,word formation,conjugation,inflection,translation,A,6
English,The word *careless* is formed by adding the suffix _____ to *care*.,-ful,-less,-ness,-ly,B,6
English,The word *unhappy* is formed by adding the prefix _____ to *happy*.,dis-,un-,mis-,in-,B,2
English,The word *teacher* is formed from *teach* by adding the suffix _____.,-ness,-er,-ful,-tion,B,6
English,The word *darkness* is formed from *dark* by adding the suffix _____.,-ly,-ness,-ful,-able,B,6
English,The word *quickly* is formed from *quick* by adding the suffix _____.,-er,-ly,-ness,-ful,B,6
English,The word *impossible* is formed by adding the prefix _____ to *possible*.,dis-,un-,in-,im-,D,6
English,The prefix *dis-* usually means _____.,not,again,without,very,A,6
English,The suffix *-ness* usually changes an adjective into a _____.,noun,verb,adverb,preposition,A,6
English,The prefix *re-* means _____.,again,not,opposite,too much,A,6
English,The word *rewrite* means _____.,to write again,to cancel,to write wrongly,to write less,A,6
English,The prefix *pre-* means _____.,before,after,around,within,A,6
English,The suffix *-ment* forms a _____.,verb,noun,adverb,adjective,B,6
English,The word *development* is a _____.,verb,noun,adverb,adjective,B,6
English,The word *beautiful* is a _____.,noun,adjective,adverb,verb,B,2
English,The adverb form of *quick* is _____.,quickly,quicker,quickest,quickness,A,6
English,The adjective form of *danger* is _____.,dangerous,dangerously,endanger,dangered,A,7
English,The noun form of *decide* is _____.,decision,deciding,decided,decisive,A,4
English,The adjective form of *create* is _____.,creation,creative,creatively,creator,B,6
English,The adjective form of *hope* is _____.,hopeful,hopeless,hopefully,hoping,A,2
English,The adverb form of *sad* is _____.,sadness,sadly,sadder,saddened,B,1
English,The noun form of *strong* is _____.,strength,strongly,strongness,stronger,A,6
English,The adjective form of *beauty* is _____.,beautiful,beautify,beautifully,beautified,A,2
English,The adverb form of *polite* is _____.,politely,politeness,politer,polity,A,2
English,The word *employment* comes from the verb _____.,employ,employee,employer,employment,A,6
English,The word *happiness* is derived from the adjective _____.,happy,happily,happier,happiness,A,2
English,The opposite of *legal* is _____.,illegal,dislegal,unlegal,nonlegal,A,7
English,The opposite of *possible* is _____.,impossible,nonpossible,unpossible,dispossible,A,7
English,The word *irregular* means _____.,not regular,too regular,more regular,regular,A,6
English,The word *careful* means _____.,full of care,without care,lack of care,careless,A,6
English,The word *careless* means _____.,without care,full of care,very caring,careful,A,6
English,The word *readable* means _____.,easy to read,hard to read,not written,being read,A,6
English,The prefix *anti-* means _____.,before,against,with,after,B,6
English,The prefix *auto-* means _____.,self,other,half,below,A,6
English,The prefix *bi-* means _____.,two,three,one,four,A,6
English,The prefix *tri-* means _____.,three,two,four,five,A,6
English,The word *childhood* is formed by adding the suffix _____.,-hood,-ship,-ment,-ness,A,6
English,The word *friendship* is formed by adding the suffix _____.,-hood,-ship,-ness,-able,B,6
English,The word *agreement* is formed by adding the suffix _____.,-tion,-ment,-ness,-er,B,6
English,The word *movement* is a _____.,noun,verb,adverb,adjective,A,6
English,The noun form of *advise* is _____.,advice,adviser,advising,advised,A,6
English,The verb form of *advice* is _____.,advise,adviser,advising,advised,A,6
English,The noun form of *arrive* is _____.,arrival,arriver,arriving,arrived,A,6
English,The adjective form of *fame* is _____.,famous,fameful,famed,fameless,A,2
English,The noun form of *choose* is _____.,choice,chooser,choosing,chosen,A,4
English,The adjective form of *sun* is _____.,sunny,sunned,sunning,sunlighted,A,1
English,The noun form of *strong* is _____.,strength,strongly,strongness,stronger,A,6
English,The adjective form of *danger* is _____.,dangerous,dangerously,endangered,dangered,A,7
English,The adjective form of *anger* is _____.,angry,angered,angrily,angerful,A,2
English,The noun form of *know* is _____.,knowledge,knowing,known,knower,A,6
English,The adjective form of *fool* is _____.,foolish,fooly,fooled,fooling,A,2
English,The noun form of *wise* is _____.,wisdom,wise,wisehood,wiseness,A,2
English,The adverb form of *careful* is _____.,carefully,careful,carelessly,carefuler,A,6
English,The adverb form of *quiet* is _____.,quietly,quietness,quieter,quieted,A,7
English,The adjective form of *use* is _____.,useful,used,useless,using,A,6
English,The adjective form of *noise* is _____.,noisy,noiseful,noiseless,noisehood,A,5
English,The noun form of *fail* is _____.,failure,failing,failed,failness,A,6
English,The word *builder* is formed from the verb _____.,build,built,building,builded,A,6
English,The word *singer* is formed from the verb _____.,sing,sang,sung,singing,A,6
English,The word *librarian* is formed from the noun _____.,library,liberation,liberty,librarium,A,6
English,The word *childish* means _____.,like a child,very mature,young person,childlike,A,6
English,The word *painful* means _____.,causing pain,without pain,full of joy,avoiding pain,A,6
English,The word *colourless* means _____.,without colour,full of colour,bright colour,painted,A,7
English,The prefix *sub-* means _____.,below,above,across,inside,A,6
English,The word *cooperate* means _____.,work together,work alone,work against,work slowly,A,6
English,The word *interact* means _____.,communicate with others,act alone,read together,sleep early,A,6
English,The word *preview* means _____.,see before,see after,view again,see clearly,A,6
English,The word *overcome* means _____.,succeed over,fail before,come early,finish work,A,6
English,The word *postpone* means _____.,delay,advance,start early,replace,A,6
English,The prefix *mis-* means _____.,wrongly,again,not,too much,A,6
English,The word *misunderstand* means _____.,understand wrongly,understand clearly,explain well,ignore meaning,A,6
English,The prefix *non-* means _____.,not,against,within,over,A,6
English,The suffix *-able* means _____.,capable of,full of,without,opposite of,A,6
English,The word *readable* means _____.,able to be read,unable to read,hard to read,not written,A,6
English,The suffix *-ist* refers to _____.,a person who practices something,an event,a place,a thing,A,6
English,The word *pianist* means _____.,a person who plays the piano,a piano maker,a piano shop,a song writer,A,6
English,The suffix *-tion* forms a _____.,noun,verb,adverb,adjective,A,6
English,The word *information* comes from the verb _____.,inform,informant,informer,informing,A,6
English,The word *education* comes from the verb _____.,educate,educator,educational,educating,A,6
English,The word *construction* comes from the verb _____.,construct,constructor,constructing,constructed,A,6
English,The word *creation* comes from the verb _____.,create,creator,creative,creating,A,6
English,The prefix *over-* means _____.,too much,too little,inside,before,A,6
English,The prefix *under-* means _____.,below,above,inside,beyond,A,6
English,The suffix *-ful* means _____.,full of,without,against,opposite of,A,6
English,The suffix *-less* means _____.,without,with,inside,around,A,6
English,The word *helpless* means _____.,without help,with help,helping,helpful,A,6
English,The word *helpful* means _____.,ready to help,without help,not kind,not caring,A,6
English,The word *endless* means _____.,without end,with an end,at the end,ending soon,A,6
English,An essay that tells a personal experience is called a _____ essay.,descriptive,narrative,argumentative,expository,B,3
English,An argumentative essay tries to _____.,convince the reader,present a story,describe a scene,define a concept,A,3
English,An expository essay is mainly written to _____.,explain or inform,entertain,describe,complain,A,3
English,The part of an essay that gives the writer’s opinion is the _____.,body,conclusion,introduction,summary,B,3
English,A narrative essay is usually written in the _____ person.,first,second,third,fourth,A,3
English,The major feature of a descriptive essay is the use of _____.,vivid details,arguments,statistics,quotations,A,3
English,An argumentative essay contains points both for and _____ the motion.,against,with,beside,around,A,3
English,An expository essay can also be called a/an _____ essay.,explanatory,creative,persuasive,fictional,A,3
English,Each paragraph in an essay should discuss _____.,one main idea,many unrelated ideas,a conclusion,definitions only,A,3
English,The use of good transitions in an essay helps to achieve _____.,coherence,confusion,repetition,disunity,A,3
English,The unity of ideas in an essay means _____.,all points relate to one central idea,each paragraph is different,there are random topics,each point stands alone,A,3
English,The concluding paragraph of an essay should _____.,summarize main points,introduce new ideas,disagree with earlier points,repeat everything,A,3
English,An article written for a school magazine is an example of a/an _____ essay.,expository,descriptive,argumentative,letter,A,3
English,The use of persuasive language is important in a/an _____ essay.,argumentative,descriptive,narrative,expository,A,3
English,Formal letters are written to _____.,official persons,relatives,friends,classmates,A,0
English,Informal letters are written to _____.,friends and relatives,government officials,editors,businessmen,A,0
English,A formal letter begins with the writer’s _____.,address,address of the receiver,name,title,A,0
English,The salutation in a formal letter is written as _____.,Dear Sir/Dear Madam,Dear friend,Hi,Hello,A,0
English,The body of a letter contains the _____.,main message,addresses only,closing remarks,complimentary close,A,0
English,The complimentary close of a formal letter is _____.,Yours faithfully,Yours lovingly,Yours sincerely,With love,A,0
English,The complimentary close of an informal letter is _____.,Yours sincerely,Yours faithfully,Yours truly,Yours obediently,A,0
English,The subject heading of a formal letter should be written in _____.,capital letters,italics,brackets,lowercase,A,0
English,The language of a formal letter should be _____.,polite and formal,harsh and commanding,informal and casual,emotional and joking,A,0
English,A good letter must be _____.,clear and concise,long and emotional,filled with idioms,very short,A,0
English,A report is a _____ account of an event.,factual,imaginary,fake,poetic,A,3
English,A good report should be written in the _____ tense.,past,present,future,conditional,A,3
English,The person who writes a report is called a _____.,reporter,reportee,writer,editor,A,3
English,An article written to persuade readers to accept a view is a/an _____ article.,editorial,informative,scientific,creative,A,3
English,A speech delivered to honour a dead person is called a _____.,tribute,eulogy,debate,toast,B,1
English,The audience of a formal speech should be addressed with _____.,respect,emotion,anger,sarcasm,A,0
English,The act of giving spoken information to a group of people is called a _____.,speech,debate,report,lecture,A,1
English,A speech of welcome is given at the _____ of a ceremony.,beginning,end,middle,after,B,1
English,A good paragraph should contain _____.,one central idea,many mixed ideas,a quotation,a proverb,A,3
English,The main clause in a complex sentence can stand _____.,on its own,with another clause,only with a verb,with a preposition,A,1
English,A subordinate clause cannot stand _____.,on its own,with another clause,independently,with a verb,A,1
English,A sentence that expresses a command is called an _____ sentence.,imperative,interrogative,exclamatory,declarative,A,1
English,A sentence that expresses a question is called an _____ sentence.,interrogative,declarative,imperative,complex,A,1
English,A sentence that shows strong feelings is an _____ sentence.,exclamatory,imperative,interrogative,assertive,A,1
English,An exclamatory sentence usually ends with an _____.,exclamation mark,apostrophe,comma,colon,A,1
English,The punctuation mark used at the end of a statement is a _____.,full stop,comma,colon,semicolon,A,1
English,The punctuation mark used to separate items in a list is the _____.,comma,colon,apostrophe,question mark,A,1
English,The punctuation mark used to show possession is the _____.,apostrophe,comma,colon,hyphen,A,1
English,The punctuation mark used in abbreviations is the _____.,full stop,comma,semicolon,bracket,A,0
English,The punctuation mark used in direct speech is the _____.,quotation mark,hyphen,colon,dash,A,1
English,The use of punctuation marks helps to _____.,clarify meaning,create confusion,make writing long,remove spelling,A,3
English,The figure of speech that compares two things using “like” or “as” is a _____.,simile,metaphor,personification,hyperbole,A,1
English,The figure of speech that gives human qualities to non-living things is _____.,personification,simile,metaphor,alliteration,A,1
English,The figure of speech that involves exaggeration is called _____.,hyperbole,irony,metaphor,simile,A,1
English,The figure of speech that compares two unlike things directly is a _____.,metaphor,simile,idiom,proverb,A,1
English,The repetition of consonant sounds at the beginning of words is called _____.,alliteration,assonance,consonance,onomatopoeia,A,5
English,The repetition of vowel sounds in nearby words is called _____.,assonance,alliteration,metaphor,hyperbole,A,5
English,The use of words that imitate sounds is called _____.,onomatopoeia,personification,metaphor,idiom,A,5
English,The opposite of “expand” is _____.,contract,extend,enlarge,develop,A,6
English,The opposite of “include” is _____.,exclude,combine,contain,allow,A,6
English,The opposite of “admit” is _____.,deny,accept,agree,permit,A,7
English,The opposite of “victory” is _____.,defeat,win,success,conquest,A,7
English,The opposite of “frequent” is _____.,rare,regular,constant,usual,A,7
English,The opposite of “arrival” is _____.,departure,entrance,visit,coming,A,7
English,The opposite of “ancient” is _____.,modern,old,antique,aged,A,7
English,The opposite of “brave” is _____.,cowardly,fearless,strong,bold,A,7
English,The opposite of “begin” is _____.,end,start,continue,open,A,7
English,The opposite of “bitter” is _____.,sweet,sour,hot,spicy,A,7
English,The word “beautiful” is an example of a/an _____.,adjective,noun,adverb,verb,A,1
English,The word “quickly” is an example of a/an _____.,adverb,adjective,verb,pronoun,A,1
English,The word “run” is an example of a/an _____.,verb,noun,adjective,pronoun,A,1
English,The word “honesty” is an example of a/an _____.,abstract noun,proper noun,verb,pronoun,A,1
English,The word “they” is a _____.,pronoun,adjective,adverb,preposition,A,1
English,The word “beneath” is a _____.,preposition,conjunction,adjective,pronoun,A,7
English,The word “and” is a _____.,conjunction,preposition,verb,adjective,A,1
English,The word “wow” is an example of an _____.,interjection,exclamation,preposition,adjective,A,1
English,The plural of “child” is _____.,children,childs,childes,child,A,4
English,The plural of “mouse” is _____.,mice,mouses,mouse,meese,A,1
English,The plural of “tooth” is _____.,teeth,tooths,toothes,tooth,A,6
English,The plural of “man” is _____.,men,man,manies,mans,A,8
English,The plural of “goose” is _____.,geese,gooses,geeses,goose,A,1
English,The comparative form of “good” is _____.,better,gooder,best,goodest,A,7
English,The superlative form of “bad” is _____.,worst,baddest,badder,badly,A,7
English,The comparative form of “beautiful” is _____.,more beautiful,beautifuller,most beautiful,beautifullest,A,2
English,The comparative of “much” is _____.,more,muchest,most,many,A,7
English,The opposite of “buy” is _____.,sell,borrow,take,give,A,7
English,The synonym of “huge” is _____.,enormous,small,tiny,little,A,2
English,The synonym of “intelligent” is _____.,smart,dull,slow,weak,A,2
English,The synonym of “happy” is _____.,joyful,sad,angry,moody,A,2
English,The synonym of “angry” is _____.,furious,calm,quiet,silent,A,2
English,The synonym of “brave” is _____.,courageous,afraid,weak,timid,A,2
English,The synonym of “honest” is _____.,truthful,lying,deceptive,false,A,2
English,The synonym of “cheap” is _____.,inexpensive,costly,expensive,valuable,A,7
English,The synonym of “reply” is _____.,answer,ask,question,refuse,A,2
English,The synonym of “permit” is _____.,allow,deny,refuse,stop,A,6
Hmm, the user is asking for 100 more chemistry MCQs based on the provided lesson notes. The previous batches were well-received, so I'll continue with the same format and subject focus.,,,,,0
I need to ensure the questions cover all major topics from the SS1 Third Term syllabus - acids/bases, carbon chemistry, hydrocarbons, and industrial applications. The questions should be factual, clear, and avoid repetition from previous sets.,,0
I'll maintain the exact CSV format with Subject, Question, Options A-D, and Answer. The language should remain simple for secondary school level while testing both recall and comprehension.,,,,0
Let me systematically extract concepts from the document: acid definitions, pH calculations, carbon allotropes, fuel gases, petroleum refining, and chemical industries. Each question must have one unambiguous correct answer based strictly on the provided content.,,0
Mathematics,What is log₁₀(1000)?,1,2,3,4,C,6
Mathematics,The logarithm of 100 is equal to?,0,1,2,10,C,6
Mathematics,The integer part of log₁₀(745) is?,1,2,3,0,B,6
Mathematics,In standard form 0.00056 equals?,5.6 × 10⁻³,5.6 × 10⁻⁴,5.6 × 10⁻⁵,0.56 × 10⁻³,B,1
Mathematics,The antilogarithm of 2.3010 is approximately?,10,100,200,1000,B,6
Mathematics,Find the logarithm of 0.03.,–1.5229,–1.4771,–0.4771,1.4771,B,6
Mathematics,What is log₁₀(1)?,0,1,10,Undefined,A,6
Mathematics,Using the laws of logarithm log(ab) = ?,log(a) ÷ log(b),log(a) + log(b),log(a) – log(b),log(a × b),B,6
Mathematics,Which of the following represents the sum of logs correctly?,log(a × b) = log a + log b,log(a × b) = log a – log b,log(a × b) = log a × log b,log(a × b) = log(a ÷ b),A,6
Mathematics,If log₁₀(2) = 0.3010 find log₁₀(200).,1.3010,2.3010,3.3010,0.3010,B,6
Mathematics,The logarithm of a number less than one is always?,Positive,Zero,Negative,Undefined,C,6
Mathematics,0.00037 in standard form is?,3.7 × 10⁻⁴,3.7 × 10⁻⁵,37 × 10⁻⁴,0.037 × 10⁻²,A,1
Mathematics,Evaluate (4.72 × 10³) + (3.648 × 10³) in standard form.,8.368 × 10³,8.368 × 10⁴,7.348 × 10³,4.732 × 10³,A,1
Mathematics,What is the characteristic of log₁₀(0.025)?,–1,–2,0,1,B,6
Mathematics,The error in a measurement of 7.5 L to one decimal place is?,0.01,0.05,0.1,0.005,B,8
Mathematics,If a length of 2.8 m is measured to 2 s.f. find its percentage error.,0.5%,1.79%,1.0%,2.5%,B,8
Mathematics,When a number is measured to the nearest ten the error limit is?,±1,±5,±0.5,±10,B,8
Mathematics,A student measured the mass of an object as 62 kg to 2 s.f. The error is approximately?,±0.05 kg,±0.5 kg,±1.0 kg,±5.0 kg,B,8
Mathematics,A length of 500 m measured to the nearest 10 m has percentage error?,0.5%,0.1%,1%,5%,C,8
Mathematics,When a value is approximated to 1 decimal place the range is accurate to how many decimal places?,1,2,3,0,B,8
Mathematics,The range of 39.8 to 1 d.p is?,39.75 – 39.85,39.70 – 39.80,39.80 – 39.90,39.74 – 39.84,A,8
Mathematics,If the true value of a rod is 9.43 m and it was measured as 9.20 m find the percentage error.,2.44%,2.5%,1.9%,3.0%,A,8
Mathematics,The logarithm of 0.004 is approximately?,3.6021,3.3979,–2.3979,–3.3979,D,6
Mathematics,8750000 × 8900 ÷ 300.5 in standard form equals approximately?,2.59 × 10⁵,2.59 × 10⁶,2.59 × 10⁷,2.59 × 10⁸,C,1
Mathematics,The logarithmic expression log₁₀(aⁿ) = ?,n log₁₀(a),log₁₀(a)ⁿ,log₁₀(a + n),log₁₀(a/n),A,6
Mathematics,Which of these represents an error in measurement to 2 s.f. for 400 m?,±0.5 m,±5 m,±50 m,±100 m,B,8
Mathematics,Find the percentage error if a student measured 0.375 as 0.4.,6.7%,5%,7%,0.67%,A,8
Mathematics,In the number 4.83 × 10⁰ the value of the integer part of the logarithm is?,1,0,2,–1,B,6
Mathematics,The product of 4627 and 29.3 using logarithms is approximately?,13560,135600,135000,13600,B,6
Mathematics,0.037 can be expressed as 3.7 × 10⁻². Its logarithm is approximately?,1.5682,–1.5682,2.5682,–2.5682,D,6
Mathematics,Evaluate 7.113 × 10⁻⁵ – 8.13 × 10⁻⁶ in standard form.,6.3 × 10⁻⁵,5.3 × 10⁻⁵,6.0 × 10⁻⁶,6.3 × 10⁻⁶,A,1
Mathematics,The standard form of 0.005321 is?,5.321 × 10⁻³,5.321 × 10⁻⁴,0.5321 × 10⁻²,53.21 × 10⁻⁵,A,1
Mathematics,Evaluate √(3.6 × 10⁻³ ÷ 4 × 10⁻⁸) in standard form.,3 × 10²,3 × 10³,3 × 10⁴,3 × 10¹,A,1
Mathematics,The logarithm of 0.000197 is?,–3.2945,–4.2945,–2.2945,–1.2945,B,6
Mathematics,What is the reciprocal of 0.25 in standard form?,2 × 10⁰,4 × 10⁰,0.4 × 10¹,0.25 × 10²,B,1
Mathematics,A measurement is 6000 to the nearest hundred. Find its range.,5900 – 6100,5950 – 6050,5995 – 6005,5500 – 6500,B,8
Mathematics,A student found the weight of sugar as 8.0 g instead of 8.2 g. The percentage error is?,2.5%,2%,1.25%,0.5%,A,8
Mathematics,The logarithmic rule log(a/b) equals?,log a + log b,log a – log b,log a × log b,log a ÷ log b,B,6
Mathematics,Which of the following numbers has the highest logarithm?,10,100,0.1,0.001,B,6
Mathematics,Express 0.853 in logarithmic form.,2.9309,1.9309,–1.9309,–2.9309,D,6
Mathematics,Find log₁₀(7) correct to 4 decimal places.,0.8451,0.9031,0.7782,0.9542,A,6
Mathematics,Find antilog(3.8226).,0.06646,0.006646,66.46,0.6646,C,6
Mathematics,A number 2.5 × 10⁻³ + 3.2 × 10⁻² equals?,3.45 × 10⁻²,3.45 × 10⁻³,3.45 × 10⁻⁴,5.45 × 10⁻³,A,1
Mathematics,If the actual value is 2.8 and the measured value is 2.75 find the error.,+0.05,–0.05,±0.05,0.5,C,8
Mathematics,What is the meaning of “mantissa” in logarithm?,Fractional part of log,Whole part of log,Base number,Antilog value,A,6
Mathematics,If log(2) = 0.3010 find log(8).,0.9030,0.9031,0.6020,0.3010,B,6
Mathematics,In 10⁻² = 0.01 the –2 is called?,Coefficient,Mantissa,Characteristic,Base,C,1
Mathematics,Evaluate (0.1684)³ using logarithm tables (approx.).,0.005,0.0048,0.0057,0.0059,C,6
Mathematics,Find log₁₀(5) correct to 4 decimal places.,0.6989,0.6990,0.7000,0.6899,A,6
Mathematics,Simplify log₁₀(50) – log₁₀(2).,1.3979,1.3010,1.0000,1.2041,B,6
Mathematics,If log₁₀(7)=0.8451 and log₁₀(2)=0.3010 find log₁₀(14).,1.1461,1.2451,1.1462,1.2461,A,6
Mathematics,The number 0.00042 can be written in standard form as?,4.2 × 10⁻⁴,4.2 × 10⁻⁵,42 × 10⁻⁶,0.042 × 10⁻³,B,1
Mathematics,Convert 0.00083 to standard form.,8.3 × 10⁻⁴,8.3 × 10⁻⁵,83 × 10⁻⁶,0.83 × 10⁻³,A,1
Mathematics,If log₁₀(2)=0.3010 find log₁₀(40).,1.6020,1.6021,1.6990,1.6025,B,6
Mathematics,Find the value of log₁₀(0.5).,–0.3010,–1.3010,0.3010,1.3010,A,6
Mathematics,log₁₀(√100)=?,1,0.5,2,–1,B,6
Mathematics,If log₁₀(x)=2 find x.,10,100,1000,0.01,B,6
Mathematics,Find the antilog of 1.6021.,30,40,50,32,B,6
Mathematics,The value of log₁₀(10)=?,0,1,10,–1,B,6
Mathematics,Express 0.000096 in standard form.,9.6 × 10⁻⁵,9.6 × 10⁻⁶,0.96 × 10⁻⁴,96 × 10⁻⁷,A,1
Mathematics,Find log₁₀(2000).,3.3010,2.3010,1.3010,4.3010,A,6
Mathematics,What is the result of log₁₀(0.01)?,–2,–1,1,0,A,6
Mathematics,If log₁₀(3)=0.4771 and log₁₀(5)=0.6990 find log₁₀(15).,1.1761,1.1770,1.1762,1.1772,A,6
Mathematics,The logarithm of 0.0001 is?,–3,–4,–5,–2,B,6
Mathematics,If log₁₀(4)=0.6021 and log₁₀(2)=0.3010 find log₁₀(8).,0.9031,0.9030,0.9032,0.9040,A,6
Mathematics,Write 0.00000054 in standard form.,5.4 × 10⁻⁶,5.4 × 10⁻⁷,54 × 10⁻⁸,0.54 × 10⁻⁵,B,1
Mathematics,If log₁₀(25)=1.3979 find log₁₀(5).,0.6989,0.6990,0.7000,0.6899,A,6
Mathematics,Find log₁₀(50).,1.6989,1.6990,1.6980,1.6985,A,6
Mathematics,log₁₀(√10)=?,0.5,1,2,–0.5,A,6
Mathematics,If log₁₀(6)=0.7782 find log₁₀(60).,1.7782,0.7783,1.7780,1.7882,A,6
Mathematics,Find the logarithm of 0.0045.,–2.3468,–3.3468,–4.3468,–1.3468,B,6
Mathematics,Express 0.00507 in standard form.,5.07 × 10⁻³,5.07 × 10⁻⁴,0.507 × 10⁻³,50.7 × 10⁻⁵,B,1
Mathematics,Find log₁₀(1000) – log₁₀(10).,1,2,0,3,A,6
Mathematics,The logarithm of 1 is always?,0,1,undefined,negative,A,6
Mathematics,log₁₀(25) = ?,1.3979,1.3980,1.3989,1.3900,A,6
Mathematics,Find log₁₀(64) if log₁₀(2)=0.3010.,1.8060,1.8040,1.8061,1.8051,A,6
Mathematics,Find the value of x if log₁₀(x)=1.3010.,20,200,10,2,B,6
Mathematics,Find log₁₀(12) if log₁₀(3)=0.4771 and log₁₀(2)=0.3010.,1.0791,1.0792,1.0790,1.0781,A,6
Mathematics,Convert 0.000074 to standard form.,7.4 × 10⁻⁴,7.4 × 10⁻⁵,74 × 10⁻⁶,0.74 × 10⁻³,B,1
Mathematics,Find log₁₀(9) if log₁₀(3)=0.4771.,0.9542,0.9552,0.9540,0.9530,A,6
Mathematics,Find log₁₀(2.5).,0.3979,0.3980,0.3960,0.3990,A,6
Mathematics,If log₁₀(8)=0.9031 find log₁₀(80).,1.9031,1.9041,0.9031,2.9031,A,6
Mathematics,The antilog of 0 is?,1,10,0,0.1,A,6
Mathematics,Find antilog(2.6989).,500,200,300,400,A,6
Mathematics,Write 0.00052 in standard form.,5.2 × 10⁻⁴,5.2 × 10⁻⁵,52 × 10⁻⁶,0.52 × 10⁻³,A,1
Mathematics,Find log₁₀(32) if log₁₀(2)=0.3010.,1.5050,1.5051,1.5040,1.5060,B,6
Mathematics,Find the value of log₁₀(4) + log₁₀(25).,1.9999,2.0000,1.9990,2.0010,B,6
Mathematics,If log₁₀(2)=0.3010 find log₁₀(16).,1.2040,1.2039,1.2050,1.2030,A,6
Mathematics,Find log₁₀(0.002).,–2.6989,–3.6989,–1.6989,–0.6989,B,6
Mathematics,Find log₁₀(5) + log₁₀(4).,0.9999,1.0000,0.9990,1.0010,B,6
Mathematics,Find the number whose logarithm is 2.6021.,400,300,200,250,A,6
Mathematics,Find log₁₀(45) using log₁₀(9)=0.9542 and log₁₀(5)=0.6990.,1.6532,1.6542,1.6530,1.6531,A,6
Mathematics,The characteristic of log₁₀(0.007)=?,–3,–2,–1,0,A,6
Mathematics,Find log₁₀(70) if log₁₀(7)=0.8451.,1.8451,2.8451,0.8450,1.7451,A,6
Mathematics,Find antilog(1.1761).,15,20,10,25,A,6
Mathematics,Find log₁₀(2.5 × 10⁴).,4.3979,3.3979,5.3979,2.3979,A,6
Mathematics,Find the 5th term of an arithmetic progression with first term 3 and common difference 4.,15,17,19,20,B,2
Mathematics,In an A.P the 7th term is 20 and the 3rd term is 8 find the common difference.,2,3,4,5,C,2
Mathematics,Find the first term of an A.P whose 5th term is 17 and common difference 3.,2,3,4,5,A,2
Mathematics,If the first term of an A.P is 5 and common difference is 2 find the 10th term.,22,23,24,25,B,2
Mathematics,Find the sum of the first 10 terms of an A.P with first term 2 and common difference 3.,145,150,155,160,B,2
Mathematics,The nth term of an A.P is given by?,a + (n – 1)d,a – (n – 1)d,a × n,a ÷ n,A,2
Mathematics,The first term of an A.P is 7 and its 4th term is 16 find the common difference.,3,4,5,6,B,2
Mathematics,Find the sum of the first 20 terms of an A.P whose first term is 5 and common difference 2.,380,400,420,440,B,2
Mathematics,Find the 12th term of an A.P with a=10 and d=5.,65,70,75,80,B,2
Mathematics,If the sum of n terms of an A.P is 5n² + 3n find its first term.,8,5,3,7,C,2
Mathematics,Find the common difference of an A.P whose 5th term is 15 and 10th term is 30.,2,3,4,5,C,2
Mathematics,The 8th term of an A.P is 24 and the 2nd term is 12 find the first term.,0,1,2,3,B,2
Mathematics,Find the sum of first 15 terms of an A.P whose first term is 4 and common difference 3.,330,345,360,375,B,2
Mathematics,The 20th term of an A.P is 78 and the 5th term is 33 find the common difference.,3,3.5,4,4.5,C,2
Mathematics,If the 3rd term of an A.P is 9 and the 8th term is 24 find the first term.,0,1,2,3,B,2
Mathematics,The sum of the first 5 terms of an A.P is 75 find the mean of the series.,12,13,14,15,D,2
Mathematics,If a=2 and d=3 find the 9th term of the A.P.,26,27,28,29,B,2
Mathematics,The difference between successive terms in an arithmetic sequence is called?,Difference,Common difference,Gap,Interval,B,2
Mathematics,Find the 50th term of an A.P whose first term is 3 and common difference 2.,99,100,101,102,A,2
Mathematics,Find the 8th term of an A.P if the first term is –3 and common difference 5.,27,32,33,35,B,2
Mathematics,If the 1st term is 5 and 10th term is 50 find the common difference.,4,5,6,7,A,2
Mathematics,The sum of n terms of an A.P is 3n² + 2n find the 5th term.,30,31,32,33,C,2
Mathematics,Find the arithmetic mean between 12 and 28.,18,19,20,21,C,8
Mathematics,If the 6th term of an A.P is 14 and the 10th term is 26 find the common difference.,3,3.5,4,4.5,B,2
Mathematics,The nth term of an A.P is 2n + 3 find the first term.,3,4,5,6,B,2
Mathematics,Find the sum of the first 4 terms of an A.P whose nth term is 3n + 2.,38,39,40,41,C,2
Mathematics,The 9th term of an A.P is 23 and the 3rd term is 11 find the common difference.,1,2,3,4,B,2
Mathematics,Find the first term of an A.P whose 10th term is 45 and common difference is 5.,0,1,2,3,A,2
Mathematics,The sum of n terms of an A.P is given by?,S = n/2(2a + (n – 1)d),S = a + (n – 1)d,S = n(a + d),S = a × n,A,2
Mathematics,If the first term is 4 and common difference is 6 find the 11th term.,60,64,66,70,B,2
Mathematics,Find the 20th term of an A.P whose first term is 2 and common difference is 3.,59,60,61,62,B,2
Mathematics,The 5th term of an A.P is 17 and the 10th term is 32 find the 7th term.,23,24,25,26,B,2
Mathematics,The average of first and last term in an A.P equals?,Common difference,Arithmetic mean,Half sum,Middle term,B,2
Mathematics,If the sum of n terms of an A.P is 4n² + n find its 4th term.,16,17,18,19,C,2
Mathematics,If an A.P has a=7 and d=2 find the 15th term.,34,35,36,37,B,2
Mathematics,Find the 3rd term of an A.P whose first term is –5 and common difference is 4.,1,2,3,4,B,2
Mathematics,The 6th term of an A.P is 20 and the 2nd term is 8 find d.,2,3,4,5,C,2
Mathematics,If the nth term of an A.P is 5n + 1 find its 8th term.,40,41,42,43,B,2
Mathematics,Find the sum of the first 7 terms of an A.P with a=4 and d=3.,73,74,75,76,C,2
Mathematics,The 4th term of an A.P is 14 and the 8th term is 26 find d.,2,3,4,5,B,2
Mathematics,Find the 15th term of an A.P with a=2 and d=5.,72,73,74,75,B,2
Mathematics,The 12th term of an A.P is 35 and the 3rd term is 8 find d.,3,4,5,6,C,2
Mathematics,Find the 20th term of an A.P whose 4th term is 15 and common difference is 3.,60,61,62,63,A,2
Mathematics,If a=10 and d=5 find the 6th term of the A.P.,30,31,32,33,A,2
Mathematics,Find the sum of first 5 terms of an A.P with a=3 and d=2.,25,26,27,28,B,2
Mathematics,Find the 10th term of an A.P with a=4 and d=6.,58,60,62,64,B,2
Mathematics,The nth term of an A.P is 7n – 2 find t₁₀.,65,67,68,69,B,2
Mathematics,Find the 6th term of a GP with first term 3 and ratio 2.,96,192,48,384,A,4
Mathematics,If a GP has a=8 and r=1/2 what is the 4th term?,1,1.0,1.0,1.0,A,4
Mathematics,The nth term of a GP is given by?,ar^(n-1),a + (n-1)r,a × n,a ÷ n,A,4
Mathematics,Find the 4th term of GP with a=4 and r=3.,108,36,12,324,A,4
Mathematics,If first term is 16 and r=1/2 find the 5th term.,1,2,0.5,4,A,4
Mathematics,Sum to infinity exists for a GP when?,|r|<1,|r|>1,r=1,r=0,A,4
Mathematics,Sum to infinity of GP with a=5 and r=1/3 is?,7.5,7.5,7.5,7.5,A,4
Mathematics,If a GP has terms a and ar the geometric mean between them is?,√(a×ar),a+r,(a+ar)/2,(a×r)/2,A,4
Mathematics,If the 3rd term of a GP is 50 and r=5 find the first term.,2,0.2,10,5,C,4
Mathematics,The sum of a GP a + ar + ar^2 ... + ar^(n-1) equals?,a(1-r^n)/(1-r) for r≠1,a(1+r^n)/(1-r),a(1-r^n)/(1+r),a(r^n-1)/(r-1),A,4
Mathematics,Find r if the 2nd term is 12 and first term is 3 in a GP.,4,3,2,6,A,4
Mathematics,If a=7 and r=2 what is the 8th term?,896,896,896,896,A,4
Mathematics,Find the geometric mean of 4 and 36.,12,8,24,6,D,8
Mathematics,In a GP if r=0.5 and a=32 the sum to infinity is?,64,48,32,16,A,4
Mathematics,If the 4th term is 81 and r=3 find the first term.,1,3,9,27,C,4
Mathematics,If GP has a=81 and r=1/3 find the 3rd term.,9,3,1,27,A,4
Mathematics,Which of the following is not a GP?,2,4,8,12,D,4
Mathematics,If a GP has r=-2 and a=1 find the 3rd term.,4,-4,2,-2,A,4
Mathematics,Find r if first term is 4 and 5th term is 256 in GP.,4,3,2,5,A,4
Mathematics,Sum of first n terms of GP with r>1 equals?,a(r^n-1)/(r-1),a(1-r^n)/(1-r),a(n)(r),a+n,A,4
Mathematics,Find the 7th term of GP with a=2 and r=3.,1458,1458,1458,1458,A,4
Mathematics,Find the first term if GP has r=2 and 6th term is 64.,2,1,4,8,B,4
Mathematics,If a GP has a=0.5 and r=2 find the 4th term.,4,2,1,8,A,4
Mathematics,The product of first n terms of a GP with first term a and ratio r equals?,a^n r^{n(n-1)/2},a r^n,a^n r^n,a^{n-1} r^{n/2},A,4
Mathematics,Find the sum of GP 6 + 18 + 54 up to 4 terms.,246,162,234,324,A,4
Mathematics,If a GP has r=1 find the sum of first n terms equals?,na,0,a^n,1,A,4
Mathematics,Given GP where a=3 and sum to infinity is 6 find r.,1/2,1/3,2/3,1/4,A,4
Mathematics,Find the 5th term of GP with a=81 and r=1/3.,1,3,9,27,A,4
Mathematics,If GP terms are in ratio 1:2:4 find the 4th term if first is 5.,40,20,10,80,A,4
Mathematics,If second term is 10 and r=2 find first term.,5,20,2,8,A,4
Mathematics,Which GP has sum to infinity equal to 9 with a=6 find r.,1/3,1/2,1/4,2/3,A,4
Mathematics,Find r if a=2 and sum of first 3 terms is 14.,2,3,4,5,B,4
Mathematics,If the 2nd and 4th terms of a GP are 8 and 32 respectively find r.,2,4,1/2,3,A,4
Mathematics,Find the geometric mean between 2 and 32.,8,4,16,6,A,8
Mathematics,If GP has a=10 and r=-1 find the first 3 terms.,10,-10,10, -10,B,4
Mathematics,Find the sum of GP 5 + 15 + 45 + ... up to 3 terms.,65,75,45,35,B,4
Mathematics,For GP with a=2 and r=0.5 find sum to infinity.,4,2,1,8,A,4
Mathematics,Find the roots of x² – 5x + 6 = 0.,2 and 3,1 and 6,–2 and –3,–1 and –6,A,0
Mathematics,The discriminant of x² + 4x + 4 = 0 is?,0,4,8,16,A,0
Mathematics,If roots of ax² + bx + c = 0 are equal then?,b² = 4ac,b² < 4ac,b² > 4ac,a=0,A,0
Mathematics,Find the roots of x² + 7x + 10 = 0.,–5 and –2,5 and 2,–1 and –10,1 and 10,A,0
Mathematics,The sum of roots of 2x² + 3x – 5 = 0 is?,–3/2,3/2,5/2,–5/2,A,0
Mathematics,If x=3 and x=–2 are roots find the equation.,x² – x – 6 = 0,x² + x – 6 = 0,x² – x + 6 = 0,x² + x + 6 = 0,B,0
Mathematics,Find the product of roots of 3x² + 5x – 2 = 0.,–2/3,2/3,3/2,–3/2,A,0
Mathematics,Solve x² – 2x – 15 = 0.,5 and –3,–5 and 3,–3 and –5,3 and 5,A,0
Mathematics,Find roots of x² – 9 = 0.,3 and –3,0 and 9,–9 and 9,–3 and 3,A,0
Mathematics,If sum of roots = –b/a then for x² + 2x + 1 = 0 sum is?,–2,2,1,–1,A,0
Mathematics,For 4x² – 4x + 1 = 0 the nature of roots is?,Equal real roots,Distinct real roots,Complex roots,Rational roots,A,0
Mathematics,Find the roots of x² – 4x + 3 = 0.,1 and 3,3 and 4,2 and 3,1 and 2,C,0
Mathematics,Find discriminant of x² + 6x + 9 = 0.,0,9,18,36,A,0
Mathematics,If b² – 4ac < 0 the roots are?,Real and equal,Real and distinct,Imaginary,Zero,C,0
Mathematics,Solve 2x² – 3x – 5 = 0.,2.5 and –1,–2.5 and 1,1.25 and –2,–1.25 and 2,A,0
Mathematics,The roots of x² + 5x + 6 = 0 are?,–3 and –2,3 and 2,–6 and 1,6 and –1,A,0
Mathematics,Find sum of roots of x² – 7x + 10 = 0.,7,–7,–10,10,A,0
Mathematics,If roots of x² – 4x + 4 = 0 are equal then their value is?,2,–2,4,–4,A,0
Mathematics,Solve x² + 3x – 18 = 0.,3 and –6,6 and –3,9 and –2,–9 and 2,A,0
Mathematics,Find the product of roots of 2x² – 7x + 3 = 0.,3/2,–3/2,2/3,–2/3,A,0
Mathematics,If roots are 2 and 5 form the quadratic equation.,x² – 7x + 10 = 0,x² + 7x + 10 = 0,x² – 5x + 7 = 0,x² + 5x + 7 = 0,A,0
Mathematics,Find roots of x² + 2x – 8 = 0.,–4 and 2,4 and –2,8 and –1,–8 and 1,A,0
Mathematics,If x=–1 and x=–3 are roots the equation is?,x² + 4x + 3 = 0,x² – 4x + 3 = 0,x² + 4x – 3 = 0,x² – 4x – 3 = 0,A,0
Mathematics,The roots of 5x² + 3x – 2 = 0 are?,2/5 and –1,1/5 and –2/5,2 and –1/5,1 and –2,A,0
Mathematics,Find roots of x² – x – 6 = 0.,3 and –2,–3 and 2,–2 and –3,2 and 3,A,0
Mathematics,Find discriminant of 3x² + 2x + 1 = 0.,–8,–4,4,0,A,0
Mathematics,If b² – 4ac = 0 then the graph of quadratic touches the x-axis?,Once,Twice,Never,Thrice,A,0
Mathematics,Solve 3x² – 12x + 9 = 0.,1 and 3,2 and 3,4 and 3,–1 and –3,B,0
Mathematics,Find roots of x² + 10x + 25 = 0.,–5 and –5,5 and 5,–10 and –15,–2 and –8,A,0
Mathematics,The discriminant of x² + 2x + 5 = 0 is?,–16,16,–4,4,A,0
Mathematics,If roots are complex they occur in?,Pairs,Singles,Triples,Real numbers,A,0
Mathematics,Find the sum of roots of 3x² – 8x + 4 = 0.,8/3,–8/3,–4/3,4/3,A,0
Mathematics,Find product of roots of 4x² – 12x + 9 = 0.,9/4,–9/4,4/9,–4/9,A,0
Mathematics,Find roots of x² + 7x + 12 = 0.,–3 and –4,3 and 4,4 and –3,–4 and –3,A,0
Mathematics,Solve x² – 8x + 16 = 0.,4,–4,8,–8,A,0
Mathematics,Find roots of 2x² + x – 6 = 0.,1.5 and –2,–1.5 and 2,2 and –1.5,–2 and 1.5,A,0
Mathematics,Find the quadratic equation with roots 3 and –2.,x² – x – 6 = 0,x² + x – 6 = 0,x² – x + 6 = 0,x² + x + 6 = 0,B,0
Mathematics,The sum and product of roots of x² – 5x + 4 = 0 are?,5 and 4,–5 and –4,4 and 5,–4 and –5,A,0
Mathematics,The discriminant determines?,Nature of roots,Size of x,Value of a,Value of c,A,0
Mathematics,Solve 2x² + 3x – 9 = 0.,1.5 and –3,–1.5 and 3,3 and 1.5,–3 and –1.5,B,0
Mathematics,Find the roots of x² – 11x + 18 = 0.,9 and 2,6 and 3,7 and 4,5 and 6,A,0
Mathematics,The quadratic x² – 16 = 0 has roots?,±4,4,–4,0,A,0
Mathematics,The product of roots of x² + 5x + 6 = 0 equals?,6,5,11,30,A,0
Mathematics,Solve x² – 6x + 8 = 0.,4 and 2,–4 and –2,8 and 1,2 and 6,A,0
Mathematics,The discriminant of 5x² + 6x + 1 = 0 is?,16,11,6,36,A,0
Mathematics,Find sum of roots of x² + 9x + 18 = 0.,–9,9,18,–18,A,0
Mathematics,Find product of roots of x² + 9x + 18 = 0.,18,9,–18,–9,A,0
Mathematics,Solve 2x² – x – 3 = 0.,1.5 and –1,–1.5 and 1,–3 and 2,3 and –2,B,0
Mathematics,If one root of x² – 5x + k = 0 is 2 find k.,6,7,8,9,B,0
Mathematics,Find roots of 4x² + 4x + 1 = 0.,–0.5 and –0.5,0.5 and 0.5,–1 and –1,1 and 1,A,0
Mathematics,Simplify 2³ × 2².,2⁵,2⁶,2¹,2⁴,A,1
Mathematics,Express 9² × 9³ as a single power.,9⁵,9⁶,9⁴,9³,A,1
Mathematics,Simplify (3²)³.,3⁵,3⁶,3⁷,3⁸,B,1
Mathematics,Find the value of 10⁻².,0.01,0.1,10,1,A,0
Mathematics,Write 8⁰ in simplest form.,1,0,8,–1,A,1
Mathematics,Simplify 5⁴ ÷ 5².,5²,5³,5⁴,5⁶,A,1
Mathematics,Find x if 2ˣ = 8.,x=2,x=3,x=4,x=1,B,5
Mathematics,Express 1/9 as a power of 3.,3⁻²,3²,3⁻³,3⁻¹,A,1
Mathematics,Simplify (2³)⁴.,2⁷,2¹²,2⁶,2⁸,B,1
Mathematics,Simplify 7⁵ ÷ 7².,7³,7²,7⁴,7⁶,A,1
Mathematics,If 3ˣ = 81 find x.,2,3,4,5,C,5
Mathematics,Write 0.001 as a power of 10.,10⁻²,10⁻³,10⁻⁴,10⁻¹,B,1
Mathematics,Simplify (a²b³)².,a⁴b⁶,a³b⁴,a⁴b⁵,a⁵b⁶,A,1
Mathematics,Simplify 4⁵ ÷ 4².,4²,4³,4⁴,4⁵,B,1
Mathematics,Simplify (x³)².,x⁵,x⁶,x⁷,x⁴,B,1
Mathematics,Find the reciprocal of 2⁻³.,2³,2⁻³,1/8,8,A,1
Mathematics,Express 1/16 as a power of 2.,2⁻³,2⁻⁴,2⁻⁵,2⁻²,B,1
Mathematics,Find the value of 9^(1/2).,3,9,81,√9,A,1
Mathematics,Simplify √50.,5√2,2√5,10√2,25√2,A,1
Mathematics,Simplify √(49/64).,7/8,8/7,7/9,9/7,A,1
Mathematics,Find the square root of 81.,9,8,7,6,A,1
Mathematics,Simplify 3√8.,6√2,2√2,3√2,4√2,B,1
Mathematics,Simplify √72.,6√2,3√2,2√3,4√3,A,1
Mathematics,Find cube root of 27.,9,3,6,2,B,1
Mathematics,Express √48 in simplest form.,4√3,3√2,2√6,6√2,A,1
Mathematics,Simplify 1/√3.,√3/3,√3,1/3,3/A,A,1
Mathematics,Find the value of √(25/49).,5/7,7/5,25/7,7/25,A,1
Mathematics,Simplify √20 + √5.,√5(2+1),3√5,2√5,√25,B,1
Mathematics,Express 64^(1/2).,8,16,4,32,A,1
Mathematics,Find the cube root of 125.,4,5,6,3,B,1
Mathematics,Simplify 16^(3/4).,8,4,16,2,A,1
Mathematics,Simplify 27^(2/3).,6,9,3,12,B,1
Mathematics,Express √12 in surd form.,2√3,3√2,4√3,3√4,A,1
Mathematics,Find the value of 2⁰ + 3⁰.,1,2,3,4,B,3
Mathematics,Simplify (x²y³)³.,x⁶y⁹,x⁵y⁶,x⁴y⁷,x⁶y⁶,A,1
Mathematics,Find √(0.25).,0.2,0.25,0.5,0.75,C,1
Mathematics,Find √(49a²b⁴).,7ab²,49ab²,7a²b,14ab,A,1
Mathematics,If 5ˣ = 125 find x.,2,3,4,5,B,8
Mathematics,Express 0.0001 as a power of 10.,10⁻³,10⁻⁴,10⁻⁵,10⁻²,B,1
Mathematics,Simplify 3⁴ × 3⁻².,3²,3⁶,3⁴,3⁰,A,1
Mathematics,Find value of 81^(1/4).,3,4,9,2,A,1
Mathematics,Simplify (x³)⁴ ÷ (x⁵)².,x²,x³,x⁴,x⁰,D,1
Mathematics,If (2ˣ)(2³)=2⁷ find x.,3,4,5,6,B,1
Mathematics,Find √(121).,9,10,11,12,C,1
Mathematics,Simplify √(x²).,|x|,x²,x,x³,A,1
Mathematics,Find value of (3/4)⁻².,16/9,9/16,4/9,3/16,A,1
Mathematics,Simplify √(45).,3√5,5√3,2√5,6√3,A,1
Mathematics,Simplify (√3)².,3,6,9,√3,A,1
Mathematics,Simplify (5a²b³)².,25a⁴b⁶,25a²b³,5a³b²,50a⁴b⁵,A,1
Mathematics,Solve x² = 4x – 3.,x=1 or 3,x=–1 or 3,x=2 or 3,x=–3 or 1,B,0
Mathematics,Find x if y = x² and y = 6 – x.,x=2 and x=3,x=1 and x=5,x=2 and x=4,x=1 and x=4,A,5
Mathematics,If y = x² – 4 and y = 2x + 2 find x.,x=–3 or 2,x=–2 or 3,x=–1 or 4,x=–4 or 1,B,5
Mathematics,Solve x² = 2x + 3 using algebra.,x=3 and –1,x=1 and –3,x=–2 and 3,x=2 and –3,A,0
Mathematics,If y = x² – 2x – 3 and y = 2x + 1 find x.,x=–1 or 4,x=–3 or 2,x=–2 or 3,x=–4 or 1,A,5
Mathematics,Solve y = x² – 3 and y = 2x – 1.,x=–1 or 2,x=1 or 2,x=–2 or 3,x=–3 or 1,A,5
Mathematics,Find x when y = x² – 5x + 4 and y = 2x – 2.,x=1 or 4,x=2 or 5,x=1 or 6,x=2 or 3,A,5
Mathematics,If y = x² – x – 2 and y = 2x – 3 find x.,x=1 and 2,x=2 and 3,x=–1 and 3,x=–2 and 1,C,5
Mathematics,Solve x² – 2x – 8 = 0 using graphical method.,x=–2 and 4,x=–4 and 2,x=–3 and 5,x=–5 and 3,A,0
Mathematics,The intersection of y = x² and y = x + 6 gives x= ?,x=2 and –3,x=3 and –2,x=4 and –2,x=2 and –4,B,5
Mathematics,Find x if y = x² – 4x + 3 and y = 2x – 1.,x=1 and 4,x=1 and 3,x=2 and 4,x=2 and 3,B,5
Mathematics,The roots of y = x² – 2x – 15 = 0 using graph are?,–3 and 5,–2 and 7,–5 and 3,–4 and 6,A,0
Mathematics,Find the values of x for which y = x² – 4x – 5 = 0.,x=5 and –1,x=4 and –2,x=2 and –5,x=6 and –3,A,5
Mathematics,Find x where y = x² + x – 6 crosses the x-axis.,x=2 and –3,x=3 and –2,x=1 and –6,x=2 and 3,A,5
Mathematics,If y = x² – 4 and y = 3x – 5 find x.,x=1 and 2,x=2 and 3,x=1 and 4,x=1 and 3,D,5
Mathematics,Solve y = x² – 2x – 3 graphically.,x=–1 and 3,x=–2 and 3,x=–1 and 2,x=–3 and 1,A,5
Mathematics,The axis of symmetry of y = x² – 4x + 3 is?,x=2,x=3,x=1,x=4,A,5
Mathematics,Find x where y = x² – 3x + 2 cuts the x-axis.,x=1 and 2,x=2 and 3,x=–1 and 2,x=1 and 3,A,5
Mathematics,Find the x-intercepts of y = x² – 9.,x=3 and –3,x=0 and 3,x=–1 and 3,x=–3 and 2,A,5
Mathematics,Find x-values where y = x² – 5x + 6 = 0.,x=2 and 3,x=1 and 5,x=3 and 4,x=1 and 4,A,0
Mathematics,If y = x² – 4x + 2 find axis of symmetry.,x=2,x=3,x=1,x=4,A,5
Mathematics,The minimum value of y = x² – 6x + 8 is?,–1,0,2,3,A,5
Mathematics,The line y = 2x + 3 and parabola y = x² intersect at how many points?,2,1,3,0,A,5
Mathematics,Find y-intercept of y = x² + 2x – 3.,–3,3,–2,2,A,5
Mathematics,Find the number of roots of y = x² – 3x + 2 = 0.,2,1,0,3,A,0
Mathematics,Find x-values where y = x² – 5x + 4 = 0.,x=1 and 4,x=2 and 3,x=1 and 5,x=2 and 4,A,0
Mathematics,If y varies directly as x and y=10 when x=5 find y when x=8.,12,14,16,18,C,5
Mathematics,When y varies directly as x and y=6 when x=4 find x when y=9.,5,6,7,8,B,5
Mathematics,If y varies directly as x and y=15 when x=3 find the constant of variation.,3,4,5,6,C,5
Mathematics,If y ∝ x then y/x is?,Constant,Variable,Increasing,Zero,A,5
Mathematics,When y varies directly as x and y=12 when x=4 find y when x=10.,25,28,30,35,C,5
Mathematics,If y varies inversely as x and y=6 when x=8 find y when x=12.,4,3,5,2,A,5
Mathematics,If y varies inversely as x and y=9 when x=2 find x when y=3.,3,4,5,6,B,5
Mathematics,If y ∝ 1/x and y=10 when x=2 find y when x=5.,2,3,4,5,B,5
Mathematics,When y varies inversely as x and y=8 when x=3 find y when x=6.,4,3,2,1,A,5
Mathematics,If y varies inversely as x and y=15 when x=4 find x when y=5.,6,10,8,12,C,5
Mathematics,If y varies jointly as x and z and y=24 when x=2 and z=6 find y when x=4 and z=9.,72,80,84,108,D,5
Mathematics,If y varies directly as x² and y=50 when x=5 find y when x=10.,150,200,400,500,C,5
Mathematics,When y varies as x² and y=18 when x=3 find x when y=72.,6,7,8,9,A,5
Mathematics,If y varies inversely as the square of x and y=4 when x=2 find y when x=4.,1,2,3,4,A,5
Mathematics,If y ∝ 1/x² and y=50 when x=2 find y when x=5.,8,10,12,20,B,5
Mathematics,When y varies as x² and y=9 when x=3 find y when x=6.,27,36,54,81,D,5
Mathematics,If y varies as 1/x and y=8 when x=2 find y when x=4.,2,4,6,8,B,5
Mathematics,If y varies inversely as √x and y=20 when x=4 find y when x=9.,10,12,14,15,A,5
Mathematics,If y ∝ x and y=25 when x=5 find y when x=8.,35,38,40,42,C,5
Mathematics,When y varies inversely as x and y=12 when x=4 find x when y=6.,6,7,8,9,C,5
Mathematics,If y varies directly as the cube of x and y=64 when x=2 find y when x=3.,192,216,256,300,B,5
Mathematics,If y varies as x³ and y=27 when x=3 find y when x=6.,108,162,216,324,C,5
Mathematics,If y ∝ 1/x³ and y=64 when x=2 find y when x=4.,8,16,24,32,A,5
Mathematics,If y varies inversely as x³ and y=81 when x=3 find y when x=9.,3,4,2,1,A,5
Mathematics,If y varies inversely as √x and y=10 when x=9 find y when x=25.,6,7,8,9,C,5
Mathematics,If y ∝ x³ and y=125 when x=5 find y when x=10.,500,800,1000,2000,C,5
Mathematics,If y varies inversely as the square of x and y=10 when x=2 find y when x=5.,2,3,4,5,A,5
Mathematics,If y ∝ 1/x² and y=16 when x=2 find x when y=4.,3,4,6,8,B,5
Mathematics,If y varies as x² and y=16 when x=4 find y when x=8.,32,48,64,128,D,5
Mathematics,If y ∝ 1/x and y=24 when x=3 find x when y=8.,6,7,8,9,C,5
Mathematics,If y varies inversely as the cube of x and y=8 when x=2 find y when x=4.,1,2,3,4,A,5
Mathematics,If y ∝ x² and y=20 when x=2 find x when y=80.,3,4,5,6,C,5
Mathematics,If y ∝ x³ and y=54 when x=3 find the constant.,2,3,4,6,B,5
Mathematics,When y varies inversely as √x and y=12 when x=9 find y when x=4.,18,20,24,27,A,5
Mathematics,If the mean of 5 numbers is 8 find their total sum.,30,35,40,45,C,8
Mathematics,Find the mean of first 5 even numbers.,4,5,6,7,C,8
Mathematics,The modal class in a frequency table is the class with?,Highest frequency,Lowest frequency,Middle value,Smallest class,A,8
Mathematics,Find the mean of first five natural numbers.,2,3,4,5,B,8
Mathematics,If mean of 4 numbers is 6 find sum.,18,20,22,24,B,8
Mathematics,Find the mean of first 10 natural numbers.,4,5,5.5,6,C,8
Mathematics,Find the probability of getting an even number when a die is thrown.,1/2,1/3,1/4,2/3,A,8
Mathematics,Find the probability of getting a prime number on a fair die.,1/2,1/3,1/6,2/3,A,8
Mathematics,Find probability of getting a number less than 4 on a die.,1/3,1/2,1/4,2/3,A,8
Mathematics,Find probability of getting tail when a coin is tossed.,1/2,1/3,1/4,2/3,A,8
Mathematics,Probability of getting an odd number on a die is?,1/2,1/3,1/6,2/3,A,8
Mathematics,Probability of getting head or tail when coin is tossed is?,1,1/2,1/3,1/4,A,8
Mathematics,Find probability of getting 5 or 6 on a die.,1/3,1/2,1/4,2/3,B,8
Mathematics,Find probability of picking red ball from 2 red and 3 blue.,2/5,3/5,1/5,4/5,A,8
Mathematics,Probability of drawing an ace from 52 cards is?,1/13,1/26,1/52,1/12,A,8
Mathematics,Find probability of drawing a king or queen from 52 cards.,1/26,2/26,1/13,1/52,C,8
Mathematics,Probability of getting an odd number from 1 to 10 is?,1/2,1/3,1/4,2/3,A,8
Mathematics,Find probability of choosing even number from 1–20.,1/2,1/3,2/3,1/4,A,8
Mathematics,Find number of outcomes when a die is thrown twice.,6,12,18,36,D,8
Mathematics,The number of permutations of 5 objects taken 2 at a time is?,20,10,15,25,A,8
Mathematics,Find the number of combinations of 5 objects taken 2 at a time.,10,20,15,25,A,8
Mathematics,If nPr = 20 and nCr = 10 find r.,2,3,4,5,A,4
Mathematics,The number of permutations of the word CAT is?,3,6,9,12,B,8
Mathematics,Number of permutations of 4 different books on a shelf is?,12,16,20,24,D,8
Mathematics,Find 5P3.,30,40,50,60,A,4
Mathematics,Find 6C2.,12,14,15,20,C,4
Mathematics,Find 4C2.,4,5,6,7,C,4
Mathematics,Find 5C2.,10,15,20,25,A,4
Mathematics,Find number of ways of selecting 2 students from 10.,30,40,45,50,C,8
Mathematics,Find number of ways to arrange letters in the word MATH.,24,25,26,28,A,8
Mathematics,Find 4P2.,8,10,12,16,C,4
Mathematics,Probability of getting no head in 3 coin tosses is?,1/8,1/4,1/2,3/8,A,8
Mathematics,Find 6P3.,60,120,180,240,B,4
Mathematics,Find 7C3.,25,30,35,40,C,4
Mathematics,Find 8C2.,24,26,28,36,A,4
Mathematics,Number of permutations of 6 distinct letters taken 4 at a time is?,120,360,720,840,B,8
Mathematics,Find 10C4.,210,220,230,240,A,4
Mathematics,Find 9C3.,60,70,80,90,B,4
Mathematics,Find 5P2.,10,15,20,25,B,4
Mathematics,Number of permutations of 4 digits from 0–9 is?,1000,5040,3024,2100,C,8
Mathematics,Find number of ways 3 students can sit in 3 chairs.,3,4,6,9,C,8
Mathematics,Find 7P2.,42,49,56,63,A,4
Mathematics,Find 6C3.,15,16,17,18,A,4
Mathematics,Find number of ways 4 people can be arranged in 4 seats.,12,16,20,24,D,8
Mathematics,Find the probability of drawing a heart from a deck of cards.,1/4,1/13,1/26,1/52,A,8
Mathematics,Find the probability of drawing a black card from a deck of 52 cards.,1/2,1/4,1/13,1/26,A,8
Mathematics,Find the area of a rectangle of length 8 cm and breadth 6 cm.,36 cm²,42 cm²,48 cm²,54 cm²,C,7
Mathematics,Find the perimeter of a rectangle with length 10 cm and breadth 4 cm.,20 cm,24 cm,26 cm,28 cm,B,7
Mathematics,The area of a square of side 5 cm is?,20 cm²,25 cm²,30 cm²,35 cm²,B,7
Mathematics,Find the perimeter of a square of side 9 cm.,27 cm,36 cm,45 cm,54 cm,B,7
Mathematics,Find the circumference of a circle with radius 7 cm (take π=22/7).,38 cm,40 cm,44 cm,48 cm,C,7
Mathematics,Find the area of a circle of radius 3 cm (π=3.142).,28.26 cm²,30 cm²,35 cm²,38 cm²,A,7
Mathematics,Find the diameter of a circle with circumference 44 cm (π=22/7).,12 cm,13 cm,14 cm,15 cm,C,7
Mathematics,Find the radius of a circle whose area is 154 cm² (π=22/7).,5 cm,6 cm,7 cm,8 cm,C,7
Mathematics,Find the area of a triangle with base 10 cm and height 6 cm.,20 cm²,25 cm²,30 cm²,40 cm²,C,7
Mathematics,Find the volume of a cube with edge 4 cm.,48 cm³,54 cm³,64 cm³,72 cm³,C,7
Mathematics,Find the total surface area of a cube with edge 5 cm.,125 cm²,100 cm²,150 cm²,75 cm²,B,7
Mathematics,Find the area of a parallelogram with base 12 cm and height 8 cm.,90 cm²,92 cm²,94 cm²,96 cm²,D,7
Mathematics,Find the volume of a cylinder with radius 7 cm and height 10 cm (π=22/7).,1320 cm³,1386 cm³,1400 cm³,1500 cm³,B,7
Mathematics,Find the curved surface area of a cylinder of radius 7 cm and height 10 cm.,420 cm²,440 cm²,440 cm²,480 cm²,A,7
Mathematics,Find the volume of a sphere with radius 3 cm (π=3.142).,110 cm³,113 cm³,120 cm³,130 cm³,B,7
Mathematics,Find the total surface area of a sphere with radius 7 cm (π=22/7).,600 cm²,616 cm²,620 cm²,630 cm²,B,7
Mathematics,Find the area of a rhombus with diagonals 8 cm and 6 cm.,20 cm²,22 cm²,24 cm²,26 cm²,C,7
Mathematics,Find the volume of a cone with radius 7 cm and height 9 cm (π=22/7).,460 cm³,462 cm³,465 cm³,468 cm³,B,7
Mathematics,Find the curved surface area of a cone with radius 7 cm and slant height 10 cm.,200 cm²,210 cm²,220 cm²,230 cm²,B,7
Mathematics,Find the total surface area of a cylinder with radius 7 cm and height 10 cm.,734 cm²,748 cm²,754 cm²,764 cm²,A,7
Mathematics,Find the area of a sector of a circle radius 7 cm and angle 90° (π=22/7).,38.5 cm²,40 cm²,42 cm²,45 cm²,A,7
Mathematics,Find the length of the arc of a circle with radius 7 cm and angle 60°.,7.33 cm,7.5 cm,8 cm,8.5 cm,A,7
Mathematics,Find the area of a square whose diagonal is 14 cm.,80 cm²,90 cm²,98 cm²,100 cm²,C,7
Mathematics,Find the height of a triangle whose area is 30 cm² and base is 10 cm.,5 cm,6 cm,7 cm,8 cm,B,7
Mathematics,Find the perimeter of a rectangle whose area is 96 cm² and length 12 cm.,28 cm,30 cm,32 cm,34 cm,C,7
Mathematics,Find the area of a circle with diameter 14 cm (π=22/7).,150 cm²,153.86 cm²,155 cm²,160 cm²,B,7
Mathematics,Find the radius of a circle whose circumference is 66 cm (π=22/7).,9 cm,10 cm,10.5 cm,11 cm,C,7
Mathematics,Find the perimeter of a square with area 49 cm².,28 cm,24 cm,20 cm,32 cm,A,7
Mathematics,Find the volume of a prism with base area 20 cm² and height 12 cm.,220 cm³,230 cm³,240 cm³,250 cm³,C,7
Mathematics,Find the total surface area of a cube with edge 4 cm.,96 cm²,100 cm²,104 cm²,108 cm²,A,7
Mathematics,Find the area of an equilateral triangle with side 6 cm.,15.6 cm²,15.8 cm²,15.9 cm²,16 cm²,A,7
Mathematics,Find the area of a circle whose circumference is 44 cm.,154 cm²,160 cm²,165 cm²,170 cm²,A,7
Mathematics,Find the radius of a circle with area 616 cm² (π=22/7).,12 cm,13 cm,14 cm,15 cm,C,7
Mathematics,Find the height of a cone with volume 462 cm³ and radius 7 cm.,8 cm,9 cm,10 cm,11 cm,B,7
Mathematics,Find the volume of a hemisphere of radius 7 cm (π=22/7).,718 cm³,720 cm³,718.67 cm³,719 cm³,C,7
Mathematics,Find the surface area of a hemisphere of radius 7 cm (π=22/7).,308 cm²,312 cm²,314 cm²,320 cm²,C,7
Mathematics,Find the slant height of a cone of radius 5 cm and height 12 cm.,11 cm,12 cm,13 cm,14 cm,C,7
Mathematics,Find the perimeter of a semicircle of radius 7 cm (π=22/7).,36 cm,37 cm,38 cm,39 cm,A,7
Mathematics,Find the area of a circle whose radius is 10 cm (π=3.142).,310 cm²,314.2 cm²,320 cm²,330 cm²,B,7
Mathematics,Find the area of a parallelogram with base 9 cm and height 8 cm.,60 cm²,64 cm²,70 cm²,72 cm²,D,7
Mathematics,Find the volume of a cone whose base radius is 3.5 cm and height 9 cm.,115 cm³,116 cm³,115.5 cm³,120 cm³,C,7
Mathematics,Find the area of a triangle with base 12 cm and height 5 cm.,25 cm²,30 cm²,32 cm²,35 cm²,B,7
Mathematics,Find the area of a rhombus with diagonals 10 cm and 8 cm.,35 cm²,38 cm²,39 cm²,40 cm²,D,7
Mathematics,Find the volume of a sphere whose diameter is 14 cm.,1420 cm³,1430 cm³,1436 cm³,1440 cm³,C,7
Mathematics,Find the area of a sector with radius 14 cm and angle 60° (π=22/7).,102.67 cm²,103 cm²,104 cm²,105 cm²,A,7
Mathematics,Find the volume of a cylinder whose height is 10 cm and diameter 14 cm (π=22/7).,1536 cm³,1539 cm³,1540 cm³,1545 cm³,B,7
Mathematics,Find the area of a square with diagonal 10 cm.,48 cm²,49 cm²,50 cm²,51 cm²,C,7
Mathematics,If sinθ=3/5 find cosθ.,4/5,5/4,3/4,2/5,A,3
Mathematics,If cosθ=4/5 find sinθ.,3/5,4/5,2/5,1/5,A,3
Mathematics,If tanθ=3/4 find sinθ.,3/5,4/5,5/3,5/4,A,3
Mathematics,If sinθ=5/13 find cosθ.,12/13,5/12,5/13,13/12,A,3
Mathematics,If cosθ=12/13 find tanθ.,3/4,4/3,5/12,5/13,A,3
Mathematics,If tanθ=4/3 find sinθ.,3/5,4/5,5/3,5/4,B,3
Mathematics,If sinθ=1/2 find θ.,15°,30°,45°,60°,B,3
Mathematics,If cosθ=√3/2 find θ.,30°,45°,60°,90°,C,3
Mathematics,If tanθ=1 find θ.,30°,45°,60°,90°,B,3
Mathematics,If sin30°=?,1/2,√3/2,√2/2,0,A,3
Mathematics,If cos60°=?,1/2,√3/2,√2/2,0,A,3
Mathematics,If tan45°=?,0,1,√3,∞,B,3
Mathematics,Find sin60°.,1/2,√3/2,√2/2,1,B,3
Mathematics,Find cos30°.,√3/2,1/2,√2/2,1,A,3
Mathematics,Find tan30°.,1/√3,√3,1,0,A,3
Mathematics,Find sin45°.,1/2,√2/2,√3/2,1,B,3
Mathematics,Find cos45°.,1/2,√2/2,√3/2,1,B,3
Mathematics,Find tan60°.,√3,1/√3,1,2,A,3
Mathematics,If sinθ=0.8 find cosθ.,0.6,0.8,0.5,0.7,A,3
Mathematics,If cosθ=0.6 find sinθ.,0.6,0.8,0.5,0.4,B,3
Mathematics,If tanθ=0.75 find sinθ and cosθ.,3/5 and 4/5,4/5 and 3/5,1/2 and √3/2,√3/2 and 1/2,A,3
Mathematics,Find the height of a tree 20 m away when angle of elevation is 30°.,5√3 m,10√3 m,15√3 m,20√3 m,B,3
Mathematics,Find the angle of elevation of a tower 20 m high seen from 20 m away.,30°,45°,60°,75°,B,3
Mathematics,Find the length of a ladder 5 m high against a wall making 60° with ground.,8 m,9 m,10 m,11 m,C,3
Mathematics,Find the height of a building if a 10 m ladder makes 30° with the ground.,3 m,5 m,7 m,8 m,B,3
Mathematics,Find the distance of a ship from the foot of a lighthouse 40 m high at elevation 30°.,50 m,60 m,70 m,80 m,B,3
Mathematics,Find sin²θ + cos²θ.,0,1,2,3,B,3
Mathematics,Find tanθ if sinθ=3/5 and cosθ=4/5.,3/5,3/4,4/3,5/4,B,3
Mathematics,If sinθ=4/5 find tanθ.,3/5,3/4,4/3,5/3,B,3
Mathematics,Find angle whose sine is 0.7071.,30°,45°,60°,90°,B,3
Mathematics,Find angle whose cosine is 0.5.,30°,45°,60°,90°,C,3
Mathematics,Find angle whose tangent is √3.,30°,45°,60°,90°,C,3
Mathematics,If tanθ=1/√3 find θ.,30°,45°,60°,90°,A,3
Mathematics,Find the height of a tower 50 m from an observer at elevation 45°.,25 m,50 m,75 m,100 m,B,3
Mathematics,Find the distance of a car from a tower 20 m high at angle of elevation 60°.,10 m,15 m,20/√3 m,40 m,C,3
Mathematics,Find the bearing of east from north.,45°,60°,90°,120°,C,7
Mathematics,Find the bearing of south from west.,180°,225°,270°,315°,B,7
Mathematics,Find the bearing of west from north.,180°,225°,270°,315°,C,7
Mathematics,Find the bearing of north-east.,30°,45°,60°,90°,B,7
Mathematics,Find the bearing of south-east.,90°,120°,135°,180°,C,7
Mathematics,Find the bearing of south-west.,180°,210°,225°,270°,C,7
Mathematics,Find the bearing of north-west.,270°,300°,315°,330°,C,7
Mathematics,Find the compass direction corresponding to bearing 135°.,North-East,South-East,South-West,North-West,B,3
Mathematics,Find the compass direction corresponding to bearing 225°.,North-East,South-East,South-West,North-West,C,3
Mathematics,Find the compass direction corresponding to bearing 315°.,North-East,South-East,South-West,North-West,D,3
Mathematics,If sinA=0.6 find A.,30°,36.9°,45°,60°,B,3
Mathematics,Find the value of sin90°.,0,1,1/2,√3/2,B,3
Mathematics,Find cos0°.,0,1,1/2,√3/2,B,3
Mathematics,Find tan0°.,0,1,√3,∞,A,3
Mathematics,Find the equation of the line with slope 1 and y-intercept 2.,y=x+2,y=x−2,y=2x+1,y=2x−1,A,5
Mathematics,Find the y-intercept of the line y=3x+5.,3,5,−3,−5,B,5
Mathematics,Find the slope of the line y=2x+7.,2,3,4,5,A,5
Mathematics,Find the slope of the line 3x+2y=6.,−3/2,−2/3,3/2,2/3,B,5
Mathematics,Find the x-intercept of y=2x+4.,−2,−1,2,3,A,5
Mathematics,Find the gradient of the line perpendicular to y=−½x+3.,2,½,−2,−½,A,5
Mathematics,Find the x-intercept of y=−3x+6.,2,3,4,6,A,5
Mathematics,Find the gradient of the line y=5−2x.,−2,−½,2,½,A,5
Mathematics,Find the y-intercept of the line y=−3x+9.,3,6,9,12,C,5
Mathematics,Find the slope of a line parallel to y=3x+7.,1,2,3,4,C,5
Mathematics,Find the y-intercept of y=−2x+8.,2,4,6,8,D,5
Mathematics,Find slope of the line y=−x+7.,−1,1,0,2,A,5
Mathematics,Find the y-intercept of y=5x−10.,−10,−5,5,10,A,5
Mathematics,Find the slope of the line 2x−3y+6=0.,3/2,−2/3,−3/2,2/3,B,5
Mathematics,Find the x-intercept of y=−2x+4.,1,2,3,4,B,5
Mathematics,The sum of two numbers is 20 and one is twice the other. Find the numbers.,5 and 15,6 and 12,8 and 12,7 and 13,A,8
Mathematics,The sum of two consecutive even numbers is 26. Find the numbers.,12 and 14,10 and 16,8 and 18,14 and 12,A,8
Mathematics,If 5x + 3 = 23 find x.,3,4,5,6,B,5
Mathematics,If 3x – 4 = 11 find x.,4,5,6,7,C,5
Mathematics,If 4x + 7 = 19 find x.,2,3,4,5,B,5
Mathematics,Find x if 3(x – 2) = 9.,2,3,4,5,C,5
Mathematics,Find x if 2x + 3 = 7.,1,2,3,4,B,5
Mathematics,Find x if 4x – 5 = 15.,4,5,6,7,C,5
Mathematics,The area of a rectangle is 48 cm² and length is 12 cm. Find its breadth.,3,4,5,6,B,7
Mathematics,A car travels 120 km in 3 hours. Find its speed.,30 km/h,40 km/h,50 km/h,60 km/h,B,8
Mathematics,Find the time taken to cover 200 km at 50 km/h.,2 h,3 h,4 h,5 h,C,8
Mathematics,A train moves at 60 km/h for 2 hours. Find the distance covered.,100 km,110 km,120 km,130 km,C,8
Mathematics,Find the simple interest on ₦5000 at 10% per annum for 3 years.,₦1000,₦1200,₦1500,₦2000,C,8
Mathematics,Find the principal if interest is ₦400 at 8% per annum for 2 years.,₦2000,₦2500,₦3000,₦4000,B,8
Mathematics,Find the time when ₦1000 gives ₦200 interest at 10% per annum.,1 yr,2 yrs,3 yrs,4 yrs,B,8
Mathematics,Find the rate if ₦600 earns ₦60 in 2 years.,2%,3%,5%,10%,D,8
Mathematics,The sum of money doubles in 5 years. Find the rate.,10%,15%,20%,25%,C,8
Mathematics,Two taps fill a tank in 8 h and 12 h respectively. Time to fill together?,3 h,4.8 h,5 h,6 h,B,8
Mathematics,A car travels 60 km/h for 2 hours and 40 km/h for 3 hours. Find average speed.,48 km/h,50 km/h,52 km/h,54 km/h,B,8
Mathematics,The average of 5 numbers is 12. Find their sum.,55,56,60,65,C,8
Mathematics,The total cost of 5 books is ₦250. Find cost per book.,₦40,₦45,₦50,₦55,C,8
Mathematics,Find the selling price if cost = ₦800 and profit = 20%.,₦900,₦960,₦1000,₦1100,C,8
Mathematics,Find the cost price if selling price = ₦600 and profit = 20%.,₦400,₦450,₦500,₦550,C,8
Mathematics,Find the loss percent if cost = ₦500 and selling price = ₦400.,10%,15%,20%,25%,C,8
Mathematics,Find the profit if cost = ₦300 and selling price = ₦360.,₦50,₦55,₦60,₦65,C,8
Mathematics,Find the cost price if loss = ₦50 and selling price = ₦250.,₦250,₦280,₦300,₦350,C,8
Mathematics,Find the percentage increase from 80 to 100.,15%,20%,25%,30%,C,8
Mathematics,Find the percentage decrease from 100 to 80.,10%,15%,20%,25%,C,8
Mathematics,A man spends 30% of ₦2000 on food. Find how much he spends.,₦400,₦500,₦600,₦700,C,8
Mathematics,A man invested ₦4000 at 5% for 2 years. Find the interest.,₦200,₦300,₦400,₦500,C,8
Mathematics,A trader bought goods for ₦5000 and sold them for ₦6000. Find % profit.,10%,15%,20%,25%,C,8
Mathematics,A man earns ₦20000 and spends ₦15000. Find his saving percentage.,15%,20%,25%,30%,C,8
Mathematics,A car moves at 90 km/h. Find distance in 2½ hours.,180,200,220,225,D,8
Mathematics,A man travels 120 km in 2 hours. Find his speed.,50,55,60,65,C,8
Mathematics,A worker is paid ₦12000 for 8 days. Find his daily wage.,₦1000,₦1200,₦1500,₦2000,B,8
Mathematics,Find x if 4x + 6 = 18.,2,3,4,5,C,5
Mathematics,Find two numbers whose sum is 25 and difference 5.,10 and 15,12 and 13,11 and 14,9 and 16,A,8
Mathematics,If x + 2y = 10 and x = 4 find y.,2,3,4,5,B,5
Mathematics,Find the number which when added to twice itself gives 21.,6,7,8,9,B,8
Mathematics,Find the two consecutive odd numbers whose sum is 36.,17 and 19,15 and 17,13 and 15,19 and 21,A,8
Mathematics,Find the time taken to travel 180 km at 60 km/h.,2,3,4,5,Bss,8
Mathematics,If f(x)=2x+3 find f(2).,5,6,7,8,C,0
Mathematics,If f(x)=3x–4 find f(5).,10,11,12,13,B,0
Mathematics,If f(x)=x²+1 find f(3).,7,8,9,10,B,0
Mathematics,If f(x)=2x² find f(4).,12,14,16,18,C,0
Mathematics,If f(x)=x²–2x find f(5).,10,12,15,20,A,0
Mathematics,If f(x)=x²+2x–3 find f(2).,3,4,5,6,A,0
Mathematics,If f(x)=x/2+3 find f(4).,4,5,6,7,B,0
Mathematics,If f(x)=2x–1 find f(–3).,–6,–7,–8,–5,B,0
Mathematics,If f(x)=x² find f(–2).,2,3,4,5,C,0
Mathematics,If f(x)=3x–2 and x=4 find f(x).,8,9,10,11,C,0
Mathematics,If f(x)=x²–3x find f(–2).,8,10,12,14,A,0
Mathematics,If f(x)=x²–2x+1 find f(3).,2,3,4,5,C,0
Mathematics,If f(x)=x³ find f(–2).,–4,–6,–8,–10,C,0
Mathematics,If f(x)=x²+4x+4 find f(–1).,0,1,2,3,A,0
Mathematics,If f(x)=2x²–3x+1 find f(2).,3,4,5,6,B,0
Mathematics,If f(x)=x²–4 and f(3)=?,2,3,5,6,B,0
Mathematics,If f(x)=x³–x² find f(2).,2,3,4,6,D,0
Mathematics,If f(x)=2x+5 find x when f(x)=13.,3,4,5,6,B,0
Mathematics,If f(x)=3x–7 find x when f(x)=5.,3,4,5,6,B,0
Mathematics,If f(x)=x²+3x–10 find f(–2).,0,–2,–4,2,B,0
Mathematics,If f(x)=x²–x–6 find f(–2).,12,8,6,4,B,0
Mathematics,If f(x)=x²+2x find x when f(x)=12.,2,3,4,5,C,0
Mathematics,If f(x)=3x+4 find inverse f⁻¹(x).,(x–4)/3,(x+4)/3,(x–3)/4,(x+3)/4,A,0
Mathematics,If f(x)=2x+5 find inverse f⁻¹(x).,(x–5)/2,(x+5)/2,(x–2)/5,(x+2)/5,A,0
Mathematics,If f(x)=3x–2 find f⁻¹(x).,(x+2)/3,(x–2)/3,(x+3)/2,(x–3)/2,A,0
Mathematics,If f(x)=x+4 find f⁻¹(x).,x–4,x+4,–x+4,–x–4,A,0
Mathematics,If f(x)=2x–1 find f⁻¹(x).,(x+1)/2,(x–1)/2,2x–1,2x+1,A,0
Mathematics,If f(x)=x/3 find f⁻¹(x).,3x,x/3,x/2,2x,A,0
Mathematics,If f(x)=5x find f⁻¹(x).,x/5,5x,1/5x,5/x,A,0
Mathematics,If f(x)=x² find f⁻¹(x).,√x,–√x,x²,–x²,A,0
Mathematics,If f(x)=3x+1 and g(x)=x–1 find (f∘g)(x).,3x–2,3x+2,2x–3,2x+3,A,0
Mathematics,If f(x)=x² and g(x)=x+1 find (f∘g)(x).,x²+1,x²+2x+1,x²+x+1,x²–x+1,B,0
Mathematics,If f(x)=2x and g(x)=x–1 find (f∘g)(x).,2x–2,2x–1,2x+1,2x+2,A,0
Mathematics,If f(x)=x+2 and g(x)=x² find (g∘f)(x).,x²+2x+4,x²+4x+4,x²+2x+2,x²+3x+4,A,0
Mathematics,If f(x)=3x–1 and g(x)=x² find (f∘g)(2).,11,10,12,14,A,0
Mathematics,If f(x)=x²–2 and g(x)=x–3 find (f∘g)(5).,4,5,6,7,B,0
Mathematics,If f(x)=x² and g(x)=x+2 find (g∘f)(3).,9,11,13,15,B,0
Mathematics,If f(x)=2x and g(x)=x–4 find (f∘g)(x).,2x–4,2x–8,2x+4,2x+8,B,0
Mathematics,If f(x)=x² and g(x)=x+3 find (f∘g)(x).,x²+6x+9,x²+9x+3,x²+3x+9,x²+3x+3,A,0
Mathematics,If f(x)=3x–4 and g(x)=x+1 find (g∘f)(x).,3x–3,3x–2,3x–1,3x–4,B,0
Mathematics,If f(x)=x² and g(x)=x–2 find (f∘g)(x).,x²–4x+4,x²–2x+4,x²–4x+2,x²–2x+2,A,0
Mathematics,If f(x)=2x–3 and g(x)=x+2 find (f∘g)(4).,5,6,7,8,D,0
Mathematics,If f(x)=x²–3x and g(x)=x+1 find (f∘g)(2).,0,1,2,3,B,0
Mathematics,If f(x)=3x–2 find x when f(x)=10.,3,4,5,6,C,0
Mathematics,If f(x)=x²–5x+6 find x when f(x)=0.,1,2,3,4,B,0
Mathematics,If f(x)=x²–4x find x when f(x)=0.,0 or 4,2 or 3,1 or 2,4 or 5,A,0
Mathematics,If f(x)=x²–6x+9 find x when f(x)=0.,1,2,3,4,C,0
Mathematics,If f(x)=x²–9 find zeros of f(x).,–3 and 3,–2 and 2,–1 and 1,0 and 3,A,0
Mathematics,If f(x)=x²–x–12 find x-intercepts.,–3 and 4,–4 and 3,–2 and 6,–6 and 2,A,0
Mathematics,If f(x)=x²–4x+3 find minimum value.,–2,–1,0,1,C,0
Mathematics,If f(x)=x²–4x+4 find axis of symmetry.,x=2,x=3,x=4,x=1,A,0
Mathematics,If f(x)=x²+2x+1 find its minimum value.,0,1,2,3,A,0
Mathematics,If f(x)=x²–6x+5 find the axis of symmetry.,x=2,x=3,x=4,x=5,B,0
Mathematics,If f(x)=x²–4x+5 find the minimum value.,1,2,3,4,A,0
Mathematics,If f(x)=x²–2x–8 find the zeros.,–2 and 4,–4 and 2,–1 and 3,–3 and 1,A,0
Mathematics,If f(x)=x²–x–6 find minimum value.,–9,–8,–7,–6,A,0
Mathematics,If f(x)=x²–5x+6 find its range.,y≥–1,y≥0,y≥1,y≥2,B,0
Mathematics,If f(x)=x²–4x find the range.,y≥–4,y≥0,y≥1,y≥2,A,0
Mathematics,If f(x)=x²–2x+1 find axis of symmetry.,x=1,x=2,x=3,x=4,A,0
Mathematics,If f(x)=x²–x–2 find roots.,–1 and 2,–2 and 1,–3 and 3,–4 and 4,A,0
Mathematics,If f(x)=x²–3x+2 find zeros.,1 and 2,2 and 3,3 and 4,4 and 5,A,0
Physics,Electromagnetic waves are fundamentally classified as what type of waves?,Longitudinal waves,Stationary waves,Transverse waves,Sound waves,C,7
Physics,Which segment of the electromagnetic spectrum is characterized by having the longest wavelengths?,Gamma rays,Ultraviolet rays,Radio waves,X-rays,C,3
Physics,The S.I. unit of heat is _____.,joule,calorie,newton,watt,A,2
Physics,The S.I. unit of temperature is _____.,degree Celsius,kelvin,centigrade,fahrenheit,B,2
Physics,The instrument used to measure temperature is the _____.,thermometer,barometer,hygrometer,manometer,A,6
Physics,The fixed points on the Celsius scale are based on _____.,boiling and freezing points of water,melting and sublimation points,room temperature and pressure,boiling and condensation points,A,6
Physics,The ice point on the Celsius scale is _____.,0°C,100°C,273°C,37°C,A,6
Physics,The steam point on the Celsius scale is _____.,0°C,100°C,37°C,212°C,B,6
Physics,Temperature is a measure of the _____.,degree of hotness or coldness,quantity of heat,amount of energy,pressure of a gas,A,6
Physics,Heat is a form of _____.,energy,matter,light,force,A,6
Physics,The process by which heat is transferred through a metal rod is called _____.,conduction,convection,radiation,reflection,A,6
Physics,The process by which heat is transferred through a fluid is called _____.,convection,conduction,radiation,evaporation,A,6
Physics,The process by which heat is transferred without a medium is called _____.,radiation,conduction,convection,evaporation,A,6
Physics,Metals are good conductors of heat because they contain _____.,free electrons,atoms,protons,ions,A,6
Physics,The S.I. unit of specific heat capacity is _____.,J/kgK,J/kg,J/K,W/kg,B,2
Physics,Specific heat capacity is defined as the quantity of heat required to raise the temperature of _____.,1 kg of a substance by 1 K,1 g of a substance by 1 K,1 kg of water by 100 K,1 kg of a substance by 10 K,A,6
Physics,The heat energy required to change a solid to liquid at constant temperature is called _____.,latent heat of fusion,latent heat of vaporization,specific heat,conduction,A,6
Physics,The latent heat of vaporization refers to the heat needed to _____.,change liquid to gas,change solid to liquid,boil water to 50°C,heat a solid substance,A,6
Physics,The S.I. unit of latent heat is _____.,J/kg,J/K,J,W,A,2
Physics,Evaporation takes place at _____.,all temperatures,100°C,0°C,high temperature only,A,0
Physics,Boiling takes place at _____.,a fixed temperature,all temperatures,low temperature,changing temperature,A,6
Physics,Evaporation causes cooling because _____.,the faster molecules escape,heat is produced,temperature increases,liquid expands,A,6
Physics,Expansion of solids when heated is due to _____.,increase in molecular motion,chemical reaction,increase in mass,decrease in pressure,A,6
Physics,The expansion of a solid depends on _____.,the nature of the material,the color of the solid,its weight,its density,A,6
Physics,The rise in the level of mercury in a thermometer is due to _____.,expansion of mercury,pressure of gas,contraction of glass,temperature drop,A,6
Physics,A bimetallic strip bends when heated because the metals _____.,expand unequally,are different in color,contract equally,are similar,A,6
Physics,The expansion of liquids is measured using _____.,dilatometers,thermometers,barometers,calorimeters,A,4
Physics,The S.I. unit of linear expansivity is _____.,K⁻¹,J/kgK,m/s,K,A,2
Physics,The linear expansivity of a material depends on _____.,its nature and temperature change,its size only,its color,its density,A,6
Physics,An example of expansion in everyday life is _____.,cracking of glass in hot water,rust formation,evaporation of water,boiling of water,A,0
Physics,A thermostat works on the principle of _____.,bimetallic strip expansion,evaporation,heat radiation,reflection of heat,A,6
Physics,The quantity of heat gained or lost by a body is given by _____.,Q = mcΔθ,Q = mgh,Q = pt,Q = mv²,A,6
Physics,The specific heat capacity of water is approximately _____.,4200 J/kgK,1000 J/kgK,2100 J/kgK,8000 J/kgK,A,6
Physics,The specific latent heat of fusion of ice is approximately _____.,3.36 × 10⁵ J/kg,2.1 × 10³ J/kg,4.2 × 10³ J/kg,1.0 × 10⁵ J/kg,A,6
Physics,The specific latent heat of vaporization of steam is approximately _____.,2.26 × 10⁶ J/kg,4.2 × 10³ J/kg,3.36 × 10⁵ J/kg,1.0 × 10⁴ J/kg,A,6
Physics,The device used to measure the quantity of heat is called a _____.,calorimeter,thermometer,barometer,voltmeter,A,6
Physics,The transfer of heat through space is called _____.,radiation,conduction,convection,expansion,A,6
Physics,The polished surface of a vacuum flask reduces heat loss by _____.,radiation,conduction,convection,evaporation,A,6
Physics,The property of a material that resists heat flow is called _____.,thermal resistance,thermal conductivity,heat capacity,expansivity,A,6
Physics,A poor conductor of heat is called a _____.,insulator,transmitter,conductor,absorber,A,6
Physics,An example of a good conductor of heat is _____.,copper,wood,plastic,glass,A,6
Physics,An example of an insulator is _____.,rubber,aluminum,silver,copper,A,5
Physics,The process by which heat energy moves from the sun to the earth is _____.,radiation,conduction,convection,expansion,A,6
Physics,The process where Ultra Violet rays cause certain materials to visibly glow is known as what?,Refraction,Dispersion,Fluorescence,Luminescence,C,3
Physics,Which detector is specifically mentioned in the document for the detection of Gamma rays?,Thermometer,Photographic film,Geiger-Muller tube,Photo electric cell,C,3
Physics,X-rays are primarily used in hospitals for which diagnostic purpose?,Treating muscular problems,Inspecting broken bones,Measuring blood pressure,Detecting heat radiation,B,3
Physics,Infra-red rays are useful to soldiers fighting in darkness through the use of which technology?,Infra-red signaling lamps,Ultraviolet lamps,Geiger-Muller tubes,X-ray machines,A,3
Physics,Which property of X-rays allows them to pass through substances opaque to white light?,Diffraction by crystals,Ionizing ability,Penetrating effect,Unaffected by magnetic fields,C,3
Physics,The use of Infra-red lamps to dry paints on painted items in manufacturing industries is an example of which process?,Heating,$P-N$ junction,Fluorescence,Polarization,A,3
Physics,The Gravitational Potential at a point is the work done in taking a unit mass from:,The surface of the earth to that point,The center of the mass to that point,Infinity to that point,That point to the surface of the earth,C,0
Physics,The negative sign in the gravitational potential equation ($V = -Gm/r$) indicates that:,The potential is a vector quantity,Gravitational force is repulsive,The potential close to the mass is higher than at infinity,The potential at infinity (zero) is higher than the potential close to the mass,D,0
Physics,The minimum velocity required for an object to permanently leave the gravitational influence of an astronomical body is known as:,Terminal velocity,Orbital velocity,Initial velocity,Escape velocity,D,0
Physics,The Gravitational Potential is a:,Scalar quantity,Vector quantity,Tensor quantity,Unitless quantity,A,0
Physics,An electric field is defined as a region of space which surrounds a system of electric charges where electrical forces will act on a:,Unit negative charge,Neutral particle,Stationary object,Electric charge,D,5
Physics,The fundamental law of electrostatics states that:,Opposite poles repel,Like charges attract,Like charges repel,Masses attract each other,C,5
Physics,Coulomb's Law states that the force of attraction or repulsion between two charges is directly proportional to the:,Inverse of the distance between them,Square of the distance between them,Product of the two charges,Square of the product of the charges,C,5
Physics,Which factor does NOT affect the capacitance of a parallel plate capacitor?,The area of the plates,The separation distance between the plates,The permittivity of the dielectric material,The material the plates are made of,D,5
Physics,A cell that can be recharged by passing current backwards through it is called a:,Primary cell,Secondary cell,Fuel cell,Simple voltaic cell,B,5
Physics,The kinetic theory of matter states that matter is made up of _____.,tiny particles in constant motion,continuous mass,molecules at rest,atoms without energy,A,0
Physics,The pressure of a gas is due to _____.,collisions of gas molecules with container walls,weight of gas molecules,heat of the gas,random motion of particles,A,4
Physics,The volume of a gas is the same as _____.,the volume of its container,the mass of the gas,the temperature of the gas,the pressure of the gas,A,4
Physics,The temperature of a gas is related to the _____ of its molecules.,average kinetic energy,chemical energy,potential energy,gravitational force,A,4
Physics,The mathematical expression for Boyle’s law is _____.,P₁V₁ = P₂V₂,P₁/T₁ = P₂/T₂,V₁/T₁ = V₂/T₂,P = kV,B,4
Physics,The mathematical expression for Charles’ law is _____.,V₁/T₁ = V₂/T₂,P₁V₁ = P₂V₂,P/T = k,PV = nRT,A,4
Physics,The Kelvin temperature is related to Celsius by _____.,K = °C + 273,K = °C − 273,K = °C × 273,K = °C ÷ 273,A,6
Physics,The volume of a gas becomes zero at _____.,−273°C,0°C,273°C,100°C,A,4
Physics,The temperature −273°C is called the _____.,absolute zero,normal temperature,freezing point,critical temperature,A,6
Physics,The S.I. unit of pressure is _____.,pascal,newton,joule,dyne,A,2
Physics,1 atmosphere is equal to _____.,1.013 × 10⁵ Pa,101.3 Pa,10.13 Pa,1000 Pa,A,4
Physics,The instrument used to measure pressure in gases is the _____.,manometer,thermometer,barometer,hygrometer,A,4
Physics,The instrument used to measure atmospheric pressure is the _____.,barometer,thermometer,ammeter,manometer,A,4
Physics,The simple mercury barometer was invented by _____.,Torricelli,Boyle,Newton,Pascal,A,3
Physics,The height of mercury in a barometer at sea level is _____.,76 cm,50 cm,100 cm,60 cm,A,4
Physics,The Boyle’s law graph of pressure against volume gives a _____ curve.,hyperbolic,straight,parabolic,circular,A,4
Physics,The graph of volume against 1/pressure gives a _____ line.,straight,curved,vertical,parabolic,A,4
Physics,The pressure of a gas increases when its volume _____.,decreases,increases,remains constant,doubles,A,4
Physics,Charles’ law shows that gases expand when _____.,heated,cooled,compressed,frozen,A,4
Physics,The S.I. unit of volume is _____.,m³,cm³,litre,kg,A,2
Physics,The S.I. unit of temperature in gas laws is _____.,kelvin,celsius,fahrenheit,degree,B,2
Physics,The ideal gas equation is expressed as _____.,PV = nRT,P₁V₁/T₁ = P₂V₂/T₂,P = F/A,Q = mcΔT,A,4
Physics,The value of the universal gas constant R is _____.,8.31 J/mol·K,10 J/mol·K,273 J/mol·K,100 J/mol·K,A,4
Physics,The combined gas law equation is _____.,P₁V₁/T₁ = P₂V₂/T₂,P₁V₁ = P₂V₂,V₁/T₁ = V₂/T₂,P/T = V,A,4
Physics,The pressure of a gas is directly proportional to its _____.,temperature in kelvin,temperature in °C,volume in m³,mass,B,4
Physics,The kinetic energy of gas molecules increases when _____.,temperature increases,temperature decreases,volume decreases,pressure decreases,A,0
Physics,The density of a gas is _____ proportional to its volume.,inversely,directly,not,equally,A,4
Physics,The average kinetic energy of gas molecules is proportional to the _____.,absolute temperature,pressure,volume,mass,A,0
Physics,Avogadro’s law states that equal volumes of gases under the same conditions contain _____.,equal number of molecules,unequal number of atoms,different densities,different masses,A,4
Physics,The molar volume of a gas at standard temperature and pressure is _____.,22.4 dm³,273 cm³,76 cm³,1 m³,A,4
Physics,The pressure of a gas depends on _____.,temperature,volume,number of molecules,all of the above,D,4
Physics,The unit of the gas constant R in PV = nRT is _____.,J/mol·K,N/m²,Pa·m³/kg,J/kg·K,A,4
Physics,One mole of gas contains _____ molecules.,6.02 × 10²³,1.00 × 10³,3.14 × 10⁸,1.00 × 10⁶,A,0
Physics,The pressure of a gas decreases when its temperature is _____.,reduced,increased,constant,raised,A,4
Physics,A graph of pressure against temperature (in Kelvin) gives a _____ line.,straight,curved,vertical,parabolic,A,4
Physics,The gas law that combines Boyle’s and Charles’ laws is the _____.,general gas law,Avogadro’s law,Gay-Lussac’s law,Pascal’s principle,A,4
Physics,The unit of density of a gas is _____.,kg/m³,N/m³,J/kg,Pa,A,4
Physics,The motion of tiny particles in a fluid due to collisions is called _____.,Brownian motion,random motion,elastic collision,vibration,A,0
Physics,Brownian motion provides evidence for the _____.,kinetic theory of matter,gravitational theory,newton’s law,atomic weight,A,0
Physics,An ideal gas is one that obeys _____.,all the gas laws perfectly,only Boyle’s law,only Charles’ law,none of the above,A,4
Physics,Real gases behave like ideal gases at _____.,low pressure and high temperature,high pressure and low temperature,room temperature only,very low volume,A,0
Physics,The area under the pressure-volume graph represents the _____.,work done,temperature,force,heat capacity,A,4
Physics,The process by which gases mix due to random motion is called _____.,diffusion,convection,compression,condensation,A,0
Physics,The Kelvin temperature scale starts at _____.,absolute zero,0°C,100°C,273°C,A,6
Physics,The energy possessed by gas molecules due to motion is called _____.,kinetic energy,potential energy,heat energy,mechanical energy,A,0
Physics,The temperature at which molecular motion stops is called _____.,absolute zero,critical point,boiling point,freezing point,A,0
Physics,The flow of electric charge through a conductor is called _____.,current,voltage,resistance,power,A,5
Physics,The S.I. unit of electric current is _____.,ampere,volt,ohm,watt,A,2
Physics,Electric current is measured using a _____.,ammeter,voltmeter,ohmmeter,galvanometer,A,5
Physics,Potential difference is measured in _____.,volts,amperes,ohms,joules,A,5
Physics,The S.I. unit of potential difference is _____.,volt,ampere,ohm,newton,A,2
Physics,The instrument used to measure potential difference is a _____.,voltmeter,ammeter,ohmmeter,thermometer,A,5
Physics,The device used to measure electrical resistance is the _____.,ohmmeter,voltmeter,ammeter,galvanometer,A,5
Physics,The S.I. unit of resistance is the _____.,ohm,volt,ampere,joule,A,2
Physics,Ohm’s law states that the current in a conductor is directly proportional to the _____.,voltage across it,temperature,resistance,charge,A,5
Physics,The mathematical expression for Ohm’s law is _____.,V = IR,P = IV,Q = It,W = Pt,A,5
Physics,The resistance of a conductor is given by _____.,R = ρL/A,R = A/L,ρ = RA/L,R = 1/ρL,A,5
Physics,The S.I. unit of resistivity (ρ) is _____.,ohm metre,ohm per metre,ohm/second,volt metre,A,2
Physics,The resistance of a wire increases with _____.,length,length and temperature,decrease in length,decrease in temperature,B,5
Physics,The resistance of a wire decreases with _____.,increase in cross-sectional area,decrease in cross-sectional area,increase in temperature,decrease in length,A,5
Physics,A resistor is used in a circuit to _____.,limit the current,increase voltage,store charge,produce heat,A,5
Physics,The S.I. unit of electric charge is _____.,coulomb,ampere,volt,newton,A,2
Physics,One coulomb is the charge that passes when a current of one ampere flows for _____.,one second,one minute,one hour,ten seconds,A,5
Physics,An electric circuit is a _____.,path through which current flows,path of air,closed magnetic field,voltage supply only,A,5
Physics,A cell converts _____ energy into electrical energy.,chemical,thermal,mechanical,light,A,5
Physics,A battery is a combination of _____.,cells,capacitors,resistors,wires,A,5
Physics,A dry cell is a type of _____.,electrochemical cell,wet cell,voltaic pile,solar cell,A,0
Physics,The S.I. unit of electric power is the _____.,watt,joule,volt,ampere,A,2
Physics,Power is defined as the rate of doing _____.,work,energy,force,current,A,5
Physics,Electrical energy is measured in _____.,kilowatt-hour,volt,ohm,coulomb,A,5
Physics,One kilowatt-hour is equal to _____ joules.,3.6 × 10⁶,36 × 10⁶,3.6 × 10³,360,A,2
Physics,The fuse in an electric circuit is used to _____.,protect appliances from excess current,increase current,reduce resistance,store charge,A,5
Physics,A short circuit occurs when _____.,current bypasses the normal path,current is steady,current flows slowly,voltage is zero,A,5
Physics,The rate of flow of electric charge is called _____.,current,power,energy,voltage,A,5
Physics,A good conductor has _____ resistance.,low,high,very high,moderate,A,5
Physics,An insulator has _____ resistance.,high,low,moderate,variable,A,5
Physics,Copper is used for electrical wires because it has _____.,low resistance,high resistance,low conductivity,high weight,A,5
Physics,Electric current can produce _____.,heat,magnetism,chemical effects,all of the above,D,5
Physics,The heating effect of current is used in _____.,electric iron,bulbs,bread toasters,all of the above,D,6
Physics,The magnetic effect of current is used in _____.,electric bell,heater,cooker,fan,A,8
Physics,The chemical effect of current is used in _____.,electrolysis,magnetism,heating,illumination,A,5
Physics,The law that states that current is proportional to voltage is _____.,Ohm’s law,Kirchhoff’s law,Faraday’s law,Lenz’s law,A,5
Physics,Electrical energy consumed is given by _____.,E = IVt,E = It,P = IV,V = IR,A,5
Physics,The instrument used to open or close a circuit is called a _____.,switch,resistor,cell,ammeter,A,5
Physics,The reciprocal of resistance is called _____.,conductance,power,inductance,capacitance,A,5
Physics,The S.I. unit of conductance is _____.,siemens,ampere,ohm,volt,A,2
Physics,The device that maintains a steady potential difference is a _____.,cell,wire,fuse,resistor,A,5
Physics,The electric power dissipated in a resistor is given by _____.,P = I²R,P = IV,P = V²/R,all of the above,D,5
Physics,The heating effect of electric current is proportional to the _____.,square of current,resistance only,time only,voltage only,A,6
Physics,Electric bulbs work on the principle of _____.,heating effect of current,chemical effect,magnetic effect,photoelectric effect,A,5
Physics,The unit “ampere-hour” is used to measure _____.,electric charge,energy,resistance,power,A,2
Physics,The current through a circuit with 12 V and 6 Ω resistance is _____.,2 A,72 A,0.5 A,18 A,A,5
Physics,The resistance of a wire doubles when its length is _____.,doubled,halved,unchanged,reduced,A,5
Physics,The energy stored by a 12 V battery supplying 2 A for 5 minutes is _____.,720 J,600 J,3600 J,7200 J,D,5
Physics,A 60 W bulb operating at 240 V draws a current of _____.,0.25 A,4 A,2 A,1 A,A,5
Physics,The current through a 100 Ω resistor connected to 200 V supply is _____.,2 A,4 A,1 A,0.5 A,A,5
Physics,The fuse wire must have _____ melting point.,low,high,very high,moderate,A,6
Physics,The electric meter in homes measures _____.,energy consumption,voltage,current,power,A,5
Physics,The electric power company bills customers in units of _____.,kilowatt-hour,ampere-hour,joule,volt,A,5
Physics,An electric kettle converts electrical energy to _____ energy.,heat,light,mechanical,chemical,A,5
Physics,A material that attracts iron is called a _____.,magnet,metal,stone,rock,A,8
Physics,The ends of a magnet are called _____.,poles,edges,points,sides,A,1
Physics,The two poles of a magnet are _____.,north and south,east and west,positive and negative,top and bottom,A,1
Physics,Like poles of a magnet _____ each other.,repel,attract,neutralize,ignore,A,1
Physics,Unlike poles of a magnet _____ each other.,attract,repel,combine,ignore,A,1
Physics,The region around a magnet where its force is felt is the _____.,magnetic field,magnetic pole,electric field,neutral zone,A,1
Physics,The lines that represent the magnetic field are called _____.,magnetic field lines,electric lines,field patterns,magnetic currents,A,1
Physics,Magnetic field lines never _____ each other.,cross,join,bend,curve,A,1
Physics,Magnetic materials include _____.,iron,steel,nickel,all of the above,D,8
Physics,Non-magnetic materials include _____.,wood,plastic,glass,all of the above,D,8
Physics,The Earth itself acts as a _____.,magnet,planetary rod,field conductor,electromagnet,A,0
Physics,The north pole of a magnet points towards _____.,geographic north,magnetic north,geographic south,east,A,1
Physics,The instrument used to detect the direction of a magnetic field is the _____.,compass,ammeter,barometer,voltmeter,A,1
Physics,The magnetic field around a straight current-carrying conductor is _____.,circular,straight,rectangular,triangular,A,1
Physics,A magnet is a material that can _____.,attract magnetic materials,repel all metals,attract wood,conduct electricity,A,8
Physics,Materials that are attracted by magnets are called _____.,magnetic materials,non-magnetic materials,alloys,metalloids,A,8
Physics,The ends of a magnet are called _____.,poles,edges,centres,faces,A,1
Physics,The two poles of a magnet are _____.,north and south,east and west,top and bottom,positive and negative,A,1
Physics,Like poles of a magnet _____ each other.,repel,attract,neutralize,align,A,1
Physics,Unlike poles of a magnet _____ each other.,attract,repel,oppose,separate,A,1
Physics,The region around a magnet where magnetic force acts is called the _____.,magnetic field,magnetic pole,magnetic flux,magnetic charge,A,1
Physics,Magnetic field lines flow from _____.,north to south outside the magnet,south to north outside the magnet,centre to surface,edge to edge,A,1
Physics,The strength of a magnet is greatest at the _____.,poles,centre,edges,axis,A,1
Physics,The instrument used to detect magnetic fields is a _____.,magnetic compass,ammeter,voltmeter,barometer,A,1
Physics,The earth itself behaves as a _____.,giant magnet,giant conductor,giant insulator,giant battery,A,0
Physics,The magnetic north pole of the earth is near the _____.,geographical south,geographical north,equator,eastern horizon,A,1
Physics,The process of making a material magnetic is called _____.,magnetization,magnetometry,magnetism,magnetosphere,A,8
Physics,The process of losing magnetism is called _____.,demagnetization,depolarization,magnetization,polarization,A,8
Physics,Temporary magnets are made of _____.,soft iron,steel,copper,nickel,A,8
Physics,Permanent magnets are made of _____.,steel,soft iron,aluminium,brass,A,8
Physics,A magnetic field can be represented by _____.,field lines,electric lines,straight lines,thermal lines,A,1
Physics,Magnetic induction occurs when _____.,a magnetic material becomes magnetized by another magnet,magnet is broken,magnet is heated,magnet is cooled,A,8
Physics,The device used to demagnetize a magnet is a _____.,demagnetizing coil,battery,solenoid,transformer,A,8
Physics,The magnetic effect of electric current was discovered by _____.,Oersted,Faraday,Ampere,Maxwell,A,8
Physics,The direction of the magnetic field around a straight conductor is determined by _____.,the right-hand grip rule,the left-hand rule,Fleming’s rule,Lenz’s law,A,1
Physics,The strength of the magnetic field around a current-carrying wire increases with _____.,current,length,voltage,resistance,A,1
Physics,A solenoid is a _____.,coil of wire carrying current,straight wire,permanent magnet,loop of copper,A,5
Physics,An electromagnet is produced when _____.,current passes through a solenoid,magnet is rubbed on metal,iron is heated,steel is cooled,A,8
Physics,The strength of an electromagnet increases when _____.,the number of turns and current increase,wire length decreases,core is removed,voltage drops,A,8
Physics,Electromagnets are used in _____.,electric bells,relays,cranes,all of the above,D,8
Physics,The device that converts electrical energy into mechanical energy is a _____.,electric motor,transformer,cell,galvanometer,A,5
Physics,The device that converts mechanical energy into electrical energy is a _____.,generator,motor,solenoid,transformer,A,5
Physics,The rule that gives the direction of motion in a motor is called _____.,Fleming’s left-hand rule,Fleming’s right-hand rule,Lenz’s law,Faraday’s law,A,5
Physics,The rule that gives the direction of induced current in a generator is _____.,Fleming’s right-hand rule,Fleming’s left-hand rule,Maxwell’s rule,Lenz’s rule,A,5
Physics,Electromagnetic induction was discovered by _____.,Faraday,Oersted,Ampere,Newton,A,8
Physics,The process of producing current by moving a conductor in a magnetic field is called _____.,electromagnetic induction,electrolysis,magnetization,current flow,A,8
Physics,Lenz’s law states that the direction of induced current is such that it _____.,opposes the change producing it,supports the change,accelerates motion,slows current,A,5
Physics,The unit of magnetic flux is the _____.,weber,tesla,henry,coulomb,A,2
Physics,The S.I. unit of magnetic flux density is the _____.,tesla,ampere,weber,newton,A,2
Physics,1 tesla is equal to _____.,1 weber per square metre,1 coulomb per second,1 ampere per metre,1 newton per weber,A,5
Physics,The symbol for magnetic flux density is _____.,B,M,Φ,H,A,1
Physics,Magnetic flux is represented by the symbol _____.,Φ,B,F,M,A,1
Physics,The property of a material to retain magnetism is called _____.,retentivity,permeability,susceptibility,conductivity,A,8
Physics,The ability of a material to allow magnetic flux through it is called _____.,permeability,retentivity,susceptibility,conductivity,A,8
Physics,The force between two parallel conductors carrying current in the same direction is _____.,attractive,repulsive,zero,neutral,A,5
Physics,The force between two parallel conductors carrying current in opposite directions is _____.,repulsive,attractive,neutral,zero,A,5
Physics,The unit of magnetic field strength (H) is _____.,A/m,tesla,weber,ohm,A,2
Physics,An example of an electromagnetic device is _____.,electric bell,heater,battery,bulb,A,5
Physics,The magnetization of a material can be increased by _____.,using soft iron core,using aluminium,removing the core,reducing current,A,8
Physics,The direction of magnetic field inside a solenoid is _____.,from south to north,from north to south,random,upward,A,1
Physics,The shape of magnetic field around a solenoid resembles that of a _____.,bar magnet,straight wire,coil,loop,A,1
Physics,The space around a moving charge is both _____.,magnetic and electric,static and neutral,gravitational and magnetic,thermal and light,A,5
Physics,The unit of electromotive force (e.m.f) is the _____.,volt,ohm,ampere,watt,A,2
Physics,A wave is a disturbance that transfers _____ from one point to another.,energy,matter,particles,force,A,7
Physics,Waves which require a medium for transmission are called _____ waves.,mechanical,electromagnetic,longitudinal,stationary,A,7
Physics,Waves that do not require a medium for propagation are _____ waves.,electromagnetic,mechanical,longitudinal,transverse,A,7
Physics,Sound is a type of _____ wave.,mechanical,longitudinal,electromagnetic,transverse,B,7
Physics,Light is a type of _____ wave.,electromagnetic,longitudinal,mechanical,stationary,A,7
Physics,The distance between two successive crests or troughs of a wave is called the _____.,wavelength,frequency,amplitude,period,A,7
Physics,The number of waves produced per second is called _____.,frequency,amplitude,wavelength,velocity,A,7
Physics,The S.I. unit of frequency is _____.,hertz,newton,joule,watt,A,2
Physics,The height of a wave crest or depth of a trough from the rest position is the _____.,amplitude,wavelength,frequency,period,A,7
Physics,The time taken to produce one complete wave is the _____.,period,frequency,velocity,amplitude,A,7
Physics,The relationship between frequency and period is _____.,f = 1/T,f = T,f = T²,f = 2T,A,3
Physics,The speed of a wave is given by the formula _____.,v = fλ,v = f/T,v = λ/T,v = Tλ,A,7
Physics,The S.I. unit of wave speed is _____.,m/s,Hz,J,N,A,2
Physics,Sound cannot travel through a _____.,vacuum,solid,liquid,gas,A,7
Physics,The speed of sound is greatest in _____.,solids,liquids,gases,vacuum,A,7
Physics,The speed of sound in air at room temperature is approximately _____.,340 m/s,300 m/s,1500 m/s,100 m/s,A,7
Physics,The reflection of sound produces _____.,echo,resonance,refraction,interference,A,7
Physics,An echo is heard when the reflected sound reaches the ear after _____ seconds.,0.1,1,0.01,0.001,A,7
Physics,The persistence of sound due to multiple reflections is called _____.,reverberation,echo,dispersion,refraction,A,7
Physics,Sound waves are _____ waves.,longitudinal,transverse,electromagnetic,stationary,A,7
Physics,The pitch of a sound depends on its _____.,frequency,amplitude,wavelength,intensity,A,7
Physics,The loudness of sound depends on its _____.,amplitude,frequency,velocity,wavelength,A,7
Physics,The quality or timbre of sound helps to _____.,distinguish sounds of same pitch and loudness,increase amplitude,decrease frequency,produce echoes,A,7
Physics,The phenomenon of increase in amplitude when two waves combine is called _____.,constructive interference,destructive interference,resonance,refraction,A,7
Physics,The phenomenon of decrease in amplitude when two waves combine is called _____.,destructive interference,constructive interference,reflection,diffraction,A,7
Physics,The phenomenon where sound waves bend around obstacles is called _____.,diffraction,reflection,refraction,interference,A,7
Physics,The change in direction of a wave as it passes from one medium to another is called _____.,refraction,reflection,diffraction,dispersion,A,7
Physics,The bouncing back of a wave when it meets a barrier is called _____.,reflection,refraction,interference,diffraction,A,7
Physics,The apparent change in frequency of sound due to relative motion is called _____.,Doppler effect,interference,resonance,echo,A,7
Physics,The persistence of sound in a hall due to reflection is called _____.,reverberation,echo,absorption,resonance,A,7
Physics,Light travels in a _____ line.,straight,curved,random,zigzag,A,3
Physics,The speed of light in air is approximately _____.,3 × 10⁸ m/s,3 × 10⁵ m/s,3 × 10³ m/s,3 × 10⁶ m/s,A,3
Physics,Light can travel through a _____.,vacuum,solid only,liquid only,opaque medium,A,3
Physics,The law of reflection states that the angle of incidence is _____ the angle of reflection.,equal to,greater than,less than,independent of,A,3
Physics,The line perpendicular to the reflecting surface is called the _____.,normal,axis,mirror line,principal ray,A,3
Physics,A plane mirror produces an image that is _____.,virtual and upright,real and inverted,real and upright,virtual and inverted,A,3
Physics,The image formed by a plane mirror is the same _____ as the object.,size,smaller,larger,blurred,A,3
Physics,The number of images formed by two mirrors at 90° is _____.,3,2,4,1,A,3
Physics,Refraction occurs when light _____.,passes from one medium to another,reflects on a surface,bends around an object,is absorbed,A,3
Physics,The speed of light decreases when it passes from _____.,air to glass,glass to air,vacuum to air,air to vacuum,A,3
Physics,The ratio of the speed of light in vacuum to that in a medium is called _____.,refractive index,reflection coefficient,light ratio,optical density,A,3
Physics,The S.I. unit of refractive index is _____.,none,newton per metre,joule per second,metre per second,A,2
Physics,The splitting of white light into its component colours is called _____.,dispersion,refraction,reflection,diffraction,A,3
Physics,The band of colours formed when white light passes through a prism is called the _____.,spectrum,ray,beam,image,A,3
Physics,The colour of light with the highest frequency is _____.,violet,red,blue,green,A,3
Physics,The colour of light with the lowest frequency is _____.,red,violet,yellow,green,A,3
Physics,The image formed by a concave mirror can be _____.,real or virtual,always virtual,always real,always inverted,A,3
Physics,The focal point of a concave mirror is the point where _____.,parallel rays converge,diverging rays meet,light is absorbed,light disappears,A,3
Physics,The principal axis of a mirror is a line _____.,passing through the pole and centre of curvature,drawn parallel to the surface,perpendicular to the focus,drawn at random,A,3
Physics,A convex mirror always produces an image that is _____.,virtual and diminished,real and enlarged,real and upright,virtual and inverted,A,3
Physics,The magnification of an image is the ratio of _____.,image height to object height,object height to focal length,image distance to object distance,image height to distance,A,3
Physics,The optical instrument that uses lenses to magnify objects is a _____.,microscope,periscope,thermometer,barometer,A,3
Subject,Question,Option A,Option B,Option C,Option D,Answer,0
Chemistry,What type of hydrocarbons consist of carbon chains with only single bonds?,Alkenes,Alkynes,Alkanes,Aromatics,C,6
Chemistry,Which of the following is the general molecular formula for alkanes?,CnH2n,CnH2n-2,CnH2n+2,CnH2n-6,C,6
Chemistry,How is methane primarily prepared in the laboratory?,Heating ethanol with H2SO4,Heating ethanoate salt with alkali,Reacting ethene with water,Dehydration of ethanol,B,0
Chemistry,Which of these is a use of methane?,Making plastics,As a fuel,Producing ethanol,Ripening fruits,B,0
Chemistry,What term describes compounds with the same molecular formula but different structural arrangements?,Isotopes,Allotropes,Isomers,Polymers,C,6
Chemistry,Which type of isomerism occurs due to different arrangements of the carbon chain?,Functional isomerism,Positional isomerism,Chain isomerism,Stereo isomerism,C,6
Chemistry,What is the IUPAC name for CH3CHClCH2OH?,1-chloropropan-2-ol,2-chloropropan-1-ol,Chloroethanol,Propan-2-chloro-ol,A,6
Chemistry,Which of these compounds exhibits geometric isomerism?,Methane,Ethane,But-2-ene,Propanol,C,6
Chemistry,What are unsaturated hydrocarbons characterized by?,Single bonds only,Multiple bonds between carbon atoms,Ring structures,Containing oxygen,B,0
Chemistry,How is ethene commonly prepared in the laboratory?,Heating calcium carbide with water,Heating ethanol with concentrated H2SO4,Reacting ethane with chlorine,Fermentation of sugar,B,7
Chemistry,What happens when ethene reacts with acidified potassium permanganate?,It turns green,It turns purple,It decolorizes,It produces a black precipitate,C,2
Chemistry,Which reaction involves ethene adding a water molecule to form ethanol?,Halogenation,Hydration,Hydrogenation,Polymerization,B,4
Chemistry,What is a major industrial use of ethene?,Making soap,Manufacturing plastics,Producing ammonia,As a solvent,B,3
Chemistry,Which homologous series has the general formula CnH2n-2?,Alkanes,Alkenes,Alkynes,Aromatics,C,6
Chemistry,How is ethyne typically prepared in the laboratory?,Dehydration of ethanol,Heating sodium ethanoate,Action of water on calcium carbide,Cracking of propane,C,7
Chemistry,What type of flame does ethyne produce in plenty of air?,Smoky and luminous,Non-luminous and very hot,Colorless and odorless,No flame,B,0
Chemistry,Which reagent is used to distinguish alkynes from alkenes?,Bromine water,Acidified KMnO4,Ammoniacal CuCl,Litmus paper,C,6
Chemistry,What is a common use of ethyne?,Making margarine,As an anesthetic,Producing oxyacetylene flame for welding,Manufacturing soap,C,7
Chemistry,What is the molecular formula of benzene?,C6H6,C6H12,C6H10,C6H14,A,6
Chemistry,Which of these is a method for preparing benzene?,Fermentation of sugar,From coal tar,Electrolysis of brine,Heating ethanol,B,7
Chemistry,What type of reaction does benzene primarily undergo?,Addition,Substitution,Polymerization,Hydrolysis,B,4
Chemistry,Which derivative of benzene is also known as toluene?,Nitrobenzene,Phenol,Methyl benzene,Chlorobenzene,C,6
Chemistry,What is a common use of benzene?,As a food preservative,As a solvent,In making soaps,As a fuel additive,B,7
Chemistry,What is the functional group in alkanols?,Carboxyl group,Carbonyl group,Hydroxyl group,Amino group,C,6
Chemistry,Which class of alkanol has the hydroxyl group attached to a carbon with only one alkyl group?,Primary,Secondary,Tertiary,Polyhydric,A,6
Chemistry,What is the industrial process of producing ethanol from sugar called?,Cracking,Distillation,Fermentation,Polymerization,C,4
Chemistry,Which enzyme converts glucose to ethanol and carbon dioxide?,Maltase,Diastase,Zymase,Invertase,C,4
Chemistry,What is observed when a primary alkanol is oxidized with acidified K2Cr2O7?,It turns purple,It turns from orange to green,It turns blue,It turns red,B,2
Chemistry,What is the general molecular formula for alkanoic acids?,CnH2nO2,RCOOH,CnH2n+1COOH,ROH,B,6
Chemistry,How can ethanoic acid be prepared from ethanol?,Dehydration,Distillation,Oxidation,Fermentation,C,4
Chemistry,What is the common name for ethanoic acid when it is pure and frozen?,Glacial acetic acid,Formic acid,Acetone,Vinegar,A,2
Chemistry,Which of these is a chemical property of ethanoic acid?,It turns blue litmus red,It has a pungent smell,It is soluble in water,It liberates CO2 from carbonates,D,2
Chemistry,What is formed when an alkanoic acid reacts with an alkanol?,A salt,An ester,An alkene,An amine,B,2
Chemistry,What is the general structure of an ester?,ROR',RCOOH,RCOOR',RNH2,C,6
Chemistry,Which process describes the hydrolysis of fats and oils with alkali?,Esterification,Hydrogenation,Saponification,Polymerization,C,4
Chemistry,What are the two main parts of a soap molecule?,Acidic and basic parts,Hydrophobic and hydrophilic parts,Reducing and oxidizing parts,Saturated and unsaturated parts,B,7
Chemistry,Which of the following is a soapless detergent?,Sodium stearate,Alkylbenzene sulphonate,Potassium palmitate,Glycerol,B,7
Chemistry,What is a polymer?,A small molecule,A giant molecule made of repeating units,A type of salt,A single atom,B,7
Chemistry,Which type of polymerization involves the elimination of a small molecule like water?,Addition polymerization,Condensation polymerization,Chain polymerization,Substitution polymerization,B,7
Chemistry,What is the monomer unit in polythene?,Ethene,Ethyne,Propene,Styrene,A,7
Chemistry,Which of these is a thermosetting plastic?,Polythene,Nylon,Bakelite,Perspex,C,7
Chemistry,What is the process of heating natural rubber with sulphur called?,Polymerization,Vulcanization,Hydrogenation,Saponification,B,7
Chemistry,What is the general formula for carbohydrates?,Cn(H2O)n,CnH2nO2,CnH2n+2O,CnH2nO,A,6
Chemistry,Which of these is a monosaccharide?,Sucrose,Lactose,Maltose,Glucose,D,6
Chemistry,How is glucose commonly tested for in the laboratory?,With bromine water,With Fehling's solution,With litmus paper,With silver nitrate,B,7
Chemistry,What are the products of hydrolysis of sucrose?,Glucose and galactose,Glucose and fructose,Fructose and galactose,Glucose only,B,4
Chemistry,Which of these is a polysaccharide?,Glucose,Fructose,Starch,Sucrose,C,7
Chemistry,What are the monomer units of proteins?,Fatty acids,Monosaccharides,Amino acids,Nucleotides,C,6
Chemistry,Which test gives a violet colour with proteins?,Fehling's test,Benedict's test,Biuret test,Seliwanoff's test,C,7
Chemistry,What functional groups are present in an amino acid?,Amino and carbonyl,Amino and carboxyl,Hydroxyl and carboxyl,Hydroxyl and carbonyl,B,6
Chemistry,What is the general formula for a primary amine?,RNH2,R2NH,R3N,RNH3+,A,6
Chemistry,How are amides commonly prepared?,From alkanes,From esters and ammonia,From alkenes,From amines,B,7
Chemistry,What is the common name for carbamide?,Urea,Ammonia,Ethanamide,Methylamine,A,6
Chemistry,What is the primary product when ethanol undergoes complete combustion?,Carbon monoxide and water,Carbon dioxide and water,Methane and oxygen,Ethene and steam,B,4
Chemistry,Which type of alkanol is resistant to oxidation under normal conditions?,Primary alkanol,Secondary alkanol,Tertiary alkanol,Dihydric alkanol,C,7
Chemistry,What is the correct IUPAC name for CH3CH2CH(OH)CH3?,Butan-1-ol,Butan-2-ol,2-hydroxybutane,1-methylpropanol,B,6
Chemistry,Which compound is formed when ethanoic acid reacts with sodium carbonate?,Sodium ethanoate and water,Sodium ethanoate and CO2,Ethanol and CO2,Ethane and water,B,2
Chemistry,What is the common name for the ester formed from ethanoic acid and methanol?,Methyl ethanoate,Ethyl methanoate,Methyl methanoate,Ethyl ethanoate,A,4
Chemistry,Which process converts oils into margarine?,Saponification,Hydrogenation,Polymerization,Esterification,B,4
Chemistry,What is the primary difference between soaps and soapless detergents?,Soaps are synthetic,Soapless detergents do not form scum with hard water,Soaps are made from petrochemicals,Soapless detergents are biodegradable,B,7
Chemistry,Which of these is a natural polymer?,Nylon,Polythene,Polypropene,Starch,D,7
Chemistry,What type of polymerization is used to produce nylon?,Addition polymerization,Condensation polymerization,Chain polymerization,Free-radical polymerization,B,7
Chemistry,Which carbohydrate is known as milk sugar?,Maltose,Sucrose,Lactose,Fructose,C,4
Chemistry,What is the product of the hydrolysis of starch?,Glucose,Fructose,Sucrose,Galactose,A,4
Chemistry,Which test is used to identify proteins with a violet colour change?,Benedict's test,Biuret test,Fehling's test,Iodine test,B,7
Chemistry,What are the building blocks of proteins?,Fatty acids,Monosaccharides,Amino acids,Nucleotides,C,6
Chemistry,Which functional group is characteristic of amines?,–COOH,–OH,–NH2,–CHO,C,6
Chemistry,How are primary amines classified?,R2NH,R3N,RNH2,R4N+,C,6
Chemistry,What is formed when an amide is hydrolyzed with an acid?,Amine and alcohol,Carboxylic acid and ammonia,Ester and water,Aldehyde and ammonia,B,2
Chemistry,Which compound is commonly known as urea?,Ethanamide,Carbamide,Methanamide,Formamide,B,7
Chemistry,What is the molecular formula of the simplest alkyne?,C2H2,C2H4,C2H6,CH4,A,6
Chemistry,Which reagent is used to test for unsaturation in organic compounds?,Litmus paper,Bromine water,Fehling's solution,Benedict's solution,B,7
Chemistry,What is the main component of natural gas?,Ethene,Ethyne,Methane,Propane,C,0
Chemistry,Which hydrocarbon is a major constituent of gasoline?,Benzene,Methane,Ethene,Ethane,A,0
Chemistry,What is the product when ethene undergoes polymerization?,Polythene,Polypropene,Polyvinyl chloride,Polystyrene,A,7
Chemistry,Which compound is responsible for the characteristic odor of rotten fish?,Amines,Amides,Esters,Carboxylic acids,A,7
Chemistry,What is the general formula for a secondary amine?,RNH2,R2NH,R3N,R4N+,B,6
Chemistry,Which alcohol is commonly used in alcoholic beverages?,Methanol,Ethanol,Propanol,Butanol,B,7
Chemistry,What is the functional group in aldehydes?,–OH,–COOH,–CHO,–CO–,C,6
Chemistry,Which compound is used as an antifreeze in car radiators?,Methanol,Ethanol,Propanol,Glycerol,B,7
Chemistry,What is the product of the reaction between ethanol and sodium?,Sodium ethoxide and hydrogen,Sodium ethanoate and hydrogen,Sodium hydroxide and ethane,Sodium chloride and water,A,4
Chemistry,Which acid is present in vinegar?,Methanoic acid,Ethanoic acid,Propanoic acid,Butanoic acid,B,2
Chemistry,What type of isomerism is shown by compounds with the same molecular formula but different functional groups?,Chain isomerism,Positional isomerism,Functional isomerism,Stereoisomerism,C,6
Chemistry,Which of these is an example of a dicarboxylic acid?,Methanoic acid,Ethanoic acid,Oxalic acid,Benzoic acid,C,2
Chemistry,What is the common name for methanoic acid?,Acetic acid,Formic acid,Propionic acid,Butyric acid,B,2
Chemistry,Which polymer is used for making non-stick cookware?,Polythene,Polypropene,Polystyrene,Polytetrafluoroethene,D,7
Chemistry,What is the monomer of natural rubber?,Isoprene,Ethene,Ethyne,Styrene,A,7
Chemistry,Which carbohydrate is a non-reducing sugar?,Glucose,Fructose,Sucrose,Maltose,C,4
Chemistry,What is the product of the fermentation of glucose?,Ethanol and CO2,Methanol and CO2,Ethanoic acid and water,Ethene and water,A,4
Chemistry,Which element is added during vulcanization of rubber?,Carbon,Sulphur,Nitrogen,Oxygen,B,7
Chemistry,What is the primary use of hydrogenation in the food industry?,To make soaps,To produce margarine,To make detergents,To produce ethanol,B,3
Chemistry,Which type of plastic can be remoulded upon heating?,Thermosetting plastic,Thermoplastic,Bakelite,Urea-methanal,B,7
Chemistry,What is the name of the process where large molecules are broken down into smaller ones?,Polymerization,Condensation,Hydrolysis,Hydrogenation,C,4
Chemistry,Which gas is produced when calcium carbide reacts with water?,Methane,Ethene,Ethyne,Carbon dioxide,C,4
Chemistry,What is the structural formula of benzene often represented as?,A straight chain,A ring with alternating double bonds,A tetrahedral structure,A linear chain with triple bonds,B,6
Chemistry,Which compound is used as a solvent for oils and fats?,Water,Benzene,Ethanol,Methanol,B,7
Chemistry,What is the name of the reaction where an alcohol is converted to an alkene?,Esterification,Dehydration,Hydrogenation,Hydrolysis,B,4
Chemistry,Which functional group is present in ketones?,–CHO,–COOH,–OH,–CO–,D,6
Chemistry,What is the product when an aldehyde is oxidized?,Carboxylic acid,Alcohol,Ketone,Ester,A,4
Chemistry,Which compound is used in the manufacture of explosives like TNT?,Benzene,Toluene,Phenol,Nitrobenzene,B,7
Chemistry,What is the product when ethanoic acid reacts with phosphorus pentachloride?,Ethanoyl chloride,Ethanol,Ethene,Ethane,A,2
Chemistry,Which compound is produced when ethanol is oxidized with acidified potassium dichromate?,Ethanal,Ethanoic acid,Ethene,Ethane,B,4
Chemistry,What is the general formula for cycloalkanes?,CnH2n,CnH2n-2,CnH2n+2,CnH2n-6,A,6
Chemistry,Which of these is a characteristic of benzene?,It readily undergoes addition reactions,It burns with a non-sooty flame,It has a structure with alternating double bonds,It is saturated hydrocarbon,C,6
Chemistry,What is the name of the process where alkanes are broken down into smaller molecules?,Polymerization,Cracking,Reforming,Hydrogenation,B,4
Chemistry,Which alcohol is poisonous and can cause blindness?,Ethanol,Propanol,Methanol,Butanol,C,7
Chemistry,What is the functional group in a ketone?,–CHO,–COOH,–OH,–CO–,D,6
Chemistry,Which compound is used as a preservative for biological specimens?,Methanol,Ethanol,Ethanoic acid,Formalin,D,7
Chemistry,What is the product of the reaction between an alkanol and an alkanoic acid?,Ester,Ether,Aldehyde,Ketone,A,4
Chemistry,Which gas is produced when ethanol reacts with sodium?,Hydrogen,Oxygen,Carbon dioxide,Chlorine,A,4
Chemistry,What is the test for a carbonyl group in an aldehyde?,Turns blue litmus red,Forms a silver mirror with Tollens' reagent,Decolorizes bromine water,Produces a violet color with FeCl3,B,6
Chemistry,Which polymer is used for making bottles and containers?,Polystyrene,Polythene,Polyvinyl chloride,Nylon,B,7
Chemistry,What is the monomer unit in PVC?,Ethene,Chloroethene,Ethyne,Propene,B,7
Chemistry,Which carbohydrate gives a blue-black color with iodine solution?,Glucose,Sucrose,Starch,Cellulose,C,7
Chemistry,What is the product of the complete hydrolysis of proteins?,Fatty acids,Amino acids,Monosaccharides,Glycerol,B,4
Chemistry,Which type of isomerism is possible in alkenes but not in alkanes?,Chain isomerism,Positional isomerism,Geometric isomerism,Functional isomerism,C,6
Chemistry,What is the common name for 2-methylpropan-2-ol?,n-butanol,Isobutanol,tert-butanol,Sec-butanol,C,6
Chemistry,Which compound is used in the manufacture of dynamite?,Benzene,Toluene,Glycerol,Phenol,C,7
Chemistry,What is the product when ethene reacts with steam in the presence of a catalyst?,Ethanol,Ethanal,Ethanoic acid,Ethane,A,4
Chemistry,Which reagent is used to convert an aldehyde to a primary alcohol?,Acidified K2Cr2O7,Lithium aluminium hydride,Bromine water,Fehling's solution,B,4
Chemistry,What is the name of the reaction where an ester is formed from an acid and an alcohol?,Esterification,Saponification,Hydrolysis,Hydrogenation,A,4
Chemistry,Which compound is responsible for the smell of oranges?,Esters,Amines,Amides,Carboxylic acids,A,7
Chemistry,What is the general formula for ethers?,ROR',ROH,RCOOH,RNH2,A,6
Chemistry,Which fuel has the highest octane number?,Diesel,Kerosene,Petroleum,CNG,C,0
Chemistry,What is the product when calcium carbide reacts with water?,Ethene,Ethyne,Methane,Ethanol,B,8
Chemistry,Which compound is used as an antifreeze?,Methanol,Ethanol,Glycerol,Ethylene glycol,D,7
Chemistry,What is the name of the process where glucose is converted to ethanol and CO2?,Photosynthesis,Fermentation,Respiration,Distillation,B,4
Chemistry,Which vitamin is also known as ascorbic acid?,Vitamin A,Vitamin B,Vitamin C,Vitamin D,C,2
Chemistry,What is the functional group in a carboxylic acid?,–OH,–CHO,–COOH,–CO–,C,6
Chemistry,Which compound is used in making smokeless gunpowder?,Cellulose nitrate,Cellulose acetate,Polytheme,Nylon,A,7
Chemistry,What is the product when an alkene reacts with hydrogen in the presence of nickel?,Alkane,Alkyne,Alcohol,Aldehyde,A,4
Chemistry,Which gas is used for ripening fruits artificially?,Ethene,Ethyne,Methane,Carbon dioxide,A,4
Chemistry,What is the name of the process where oils are converted to fats?,Hydrogenation,Saponification,Polymerization,Esterification,A,4
Chemistry,Which compound is used in the manufacture of bakelite?,Formaldehyde,Acetaldehyde,Acetone,Formic acid,A,7
Chemistry,What is the product when an aldehyde is reduced?,Primary alcohol,Secondary alcohol,Carboxylic acid,Ketone,A,4
Chemistry,Which carbohydrate is also known as fruit sugar?,Glucose,Fructose,Galactose,Sucrose,B,4
Chemistry,What is the test for an amino group?,Turns red litmus blue,Forms a precipitate with AgNO3,Decolorizes bromine water,Produces a violet color with ninhydrin,A,6
Chemistry,Which polymer is used for making textiles and ropes?,Polythene,Polypropene,Nylon,Polystyrene,C,7
Chemistry,What is the monomer unit in natural rubber?,Isoprene,Butadiene,Styrene,Chloroethene,A,7
Chemistry,Which compound is used as a solvent for lacquer?,Acetone,Ether,Ethanol,Methanol,A,7
Chemistry,What is the product when an amine reacts with an acid?,Ammonium salt,Amide,Ester,Alcohol,A,2
Chemistry,Which vitamin is fat-soluble?,Vitamin B,Vitamin C,Vitamin A,Vitamin B12,C,7
Chemistry,What is the name of the process where naphtha is converted to gasoline?,Cracking,Reforming,Distillation,Hydrogenation,B,4
Chemistry,Which compound is used in the manufacture of dyes and drugs?,Benzene,Ethane,Ethene,Ethyne,A,7
Chemistry,What is the product when an alkane undergoes complete combustion?,Carbon monoxide and water,Carbon dioxide and water,Carbon and water,Methane and oxygen,B,4
Chemistry,Which carbohydrate is stored in the liver as glycogen?,Glucose,Fructose,Galactose,Sucrose,A,4
Chemistry,What is the test for a double bond in an organic compound?,Turns blue litmus red,Decolorizes bromine water,Forms a silver mirror,Produces a violet color,B,6
Chemistry,Which compound is formed when ethanol is dehydrated with concentrated H2SO4 at 170°C?,Ethene,Ethyne,Ethane,Ethanal,A,4
Chemistry,What is the general molecular formula for alkenes?,CnH2n,CnH2n+2,CnH2n-2,CnH2n-6,A,6
Chemistry,Which reagent is used to test for the presence of a primary alcohol?,Acidified potassium dichromate,Bromine water,Tollens' reagent,Fehling's solution,A,7
Chemistry,What is the product when propanoic acid reacts with ethanol?,Ethyl propanoate,Propyl ethanoate,Methyl propanoate,Propyl methanoate,A,4
Chemistry,Which type of reaction is used to convert an alkene to an alkane?,Hydrogenation,Hydration,Dehydration,Halogenation,A,4
Chemistry,What is the common name for the simplest carboxylic acid?,Acetic acid,Formic acid,Propionic acid,Butyric acid,B,2
Chemistry,Which compound is produced when ethyne is passed through a red-hot iron tube?,Benzene,Ethene,Ethane,Cyclohexane,A,7
Chemistry,What is the functional group present in esters?,-COO-,-COOH,-OH,-CHO,A,6
Chemistry,Which carbohydrate is also known as dextrose?,Fructose,Glucose,Galactose,Sucrose,B,4
Chemistry,What is the product of the reaction between an amine and an acid chloride?,Amide,Amine salt,Ester,Alcohol,A,2
Chemistry,Which polymer is used for making synthetic fibers like polyester?,Polythene,Polypropene,Terylene,Nylon,C,7
Chemistry,What is the test for unsaturation in organic compounds?,Iodine test,Bromine test,Benedict's test,Biuret test,B,7
Chemistry,Which compound is used as a refrigerant and in aerosol propellants?,Chlorofluorocarbons,Hydrocarbons,Alcohols,Ethers,A,7
Chemistry,What is the product when methanol is oxidized with copper catalyst?,Methanal,Methanoic acid,Carbon dioxide,Water,A,4
Chemistry,Which vitamin deficiency causes scurvy?,Vitamin A,Vitamin B,Vitamin C,Vitamin D,C,7
Chemistry,What is the name of the process where an alkane is converted to an alkene?,Dehydrogenation,Hydrogenation,Hydration,Dehydration,A,4
Chemistry,Which compound is used in the manufacture of vinegar?,Methanoic acid,Ethanoic acid,Propanoic acid,Butanoic acid,B,7
Chemistry,What is the product when an aldehyde is oxidized with Tollens' reagent?,Carboxylic acid,Silver mirror,Alcohol,Ketone,B,7
Chemistry,Which carbohydrate is a disaccharide made of glucose and fructose?,Maltose,Sucrose,Lactose,Cellulose,B,4
Chemistry,What is the functional group in amides?,-CONH2,-NH2,-COOH,-OH,A,6
Chemistry,Which compound is used as a solvent for fats and oils?,Water,Ethanol,Chloroform,Benzene,D,7
Chemistry,Which polymer is used for making insulation and packaging materials?,Polystyrene,Polythene,Polyvinyl chloride,Nylon,A,7
Chemistry,Which compound is produced when calcium carbonate is heated?,Calcium oxide and CO2,Calcium hydroxide,Calcium carbide,Calcium chloride,A,8
Chemistry,What is the name of the process where an ester is hydrolyzed with an alkali?,Saponification,Esterification,Neutralization,Hydrogenation,A,4
Chemistry,Which vitamin is also known as tocopherol?,Vitamin A,Vitamin B,Vitamin E,Vitamin K,C,7
Chemistry,What is the product when an alkene reacts with water in the presence of acid?,Alcohol,Aldehyde,Carboxylic acid,Ketone,A,2
Chemistry,Which carbohydrate is used as a storage polysaccharide in plants?,Glycogen,Starch,Cellulose,Chitin,B,4
Chemistry,What is the functional group in ethers?,-O-,-OH,-COOH,-CHO,A,6
Chemistry,Which compound is used in the manufacture of soap?,Sodium hydroxide,Potassium hydroxide,Calcium hydroxide,Ammonium hydroxide,A,7
Chemistry,What is the product when an amine reacts with nitrous acid?,Diazonium salt,Amide,Nitro compound,Alcohol,A,2
Chemistry,Which polymer is used for making non-stick coatings?,Polytetrafluoroethylene,Polystyrene,Polypropene,Nylon,A,7
Chemistry,What is the test for the presence of a phenol group?,Neutral FeCl3 test,Bromine test,Tollens' test,Benedict's test,A,6
Chemistry,Which compound is used as an anesthetic in surgery?,Chloroform,Ether,Ethanol,Methanol,A,7
Chemistry,What is the product when an alkyne undergoes complete combustion?,CO2 and H2O,CO and H2O,CO2 and H2,CO and H2,A,4
Chemistry,Which vitamin is synthesized in the skin on exposure to sunlight?,Vitamin A,Vitamin B,Vitamin C,Vitamin D,D,7
Chemistry,What is the name of the process where glucose is converted to pyruvate?,Glycolysis,Fermentation,Respiration,Photosynthesis,A,4
Chemistry,Which compound is used as a preservative in food?,Sodium benzoate,Sodium chloride,Sodium bicarbonate,Sodium hydroxide,A,7
Chemistry,What is the product when an alcohol is oxidized with PCC (pyridinium chlorochromate)?,Aldehyde,Carboxylic acid,Ketone,Alkene,A,7
Chemistry,Which carbohydrate is a structural polysaccharide in plants?,Starch,Cellulose,Glycogen,Chitin,B,4
Chemistry,What is the functional group in alkyl halides?,-X (halogen),-OH,-COOH,-NH2,A,6
Chemistry,Which compound is used in the manufacture of explosives?,Nitroglycerin,Glycerol,Ethanol,Methanol,A,7
Chemistry,What is the product when benzene undergoes nitration?,Nitrobenzene,Chlorobenzene,Bromobenzene,Aminobenzene,A,4
Chemistry,Which polymer is used for making rubber tires?,Natural rubber,Polystyrene,Polytheme,Nylon,A,7
Chemistry,What is the test for the presence of an amino acid?,Ninhydrin test,Biuret test,Benedict's test,Tollens' test,A,2
Chemistry,Which compound is used as a solvent in dry cleaning?,Tetrachloroethene,Ethanol,Water,Benzene,A,7
Chemistry,What is the product when an alkene undergoes ozonolysis?,Carbonyl compounds,Alcohols,Carboxylic acids,Alkanes,A,4
Chemistry,What is the definition of an acid according to the document?,A proton acceptor,A substance that produces hydroxonium ions in aqueous solution,A substance that turns red litmus blue,A compound containing oxygen,B,2
Chemistry,Which of the following is an example of an organic acid?,Hydrochloric acid,Trioxonitrate(V) acid,Ethanoic acid,Tetraoxosulphate(VI) acid,C,2
Chemistry,What is the basicity of tetraoxosulphate(VI) acid?,1,2,3,4,B,8
Chemistry,Which physical property is common to all acids?,They turn red litmus blue,They have a bitter taste,They have a sour taste,They are soapy to touch,C,2
Chemistry,What gas is liberated when acids react with most metals?,Carbon dioxide,Oxygen,Hydrogen,Nitrogen,C,2
Chemistry,Which of the following methods can be used to prepare an acid?,Dissolving a basic oxide in water,Combining a metal with water,Dissolving an acid anhydride in water,Heating a carbonate,C,2
Chemistry,What is the pH of a neutral solution?,0,7,14,It depends on the acid,B,2
Chemistry,Which of the following best describes a base?,A substance that produces hydroxide ions in water,A proton donor,A substance that turns blue litmus red,A substance with a pH less than 7,A,6
Chemistry,Which of the following is a strong base?,Calcium hydroxide,Ammonia solution,Sodium hydroxide,Aluminium hydroxide,C,6
Chemistry,Which type of salt is formed when all replaceable hydrogen ions in an acid are replaced by a metal ion?,Acid salt,Basic salt,Normal salt,Double salt,C,5
Chemistry,What is the general formula for an acid salt?,MCO3,MHCO3,M2CO3,MOH,B,5
Chemistry,Which of the following salts is insoluble in water?,Sodium chloride,Potassium nitrate,Ammonium carbonate,Silver chloride,D,5
Chemistry,What process is used to recover a soluble salt that decomposes on heating?,Evaporation to dryness,Decantation,Crystallization,Filtration,C,5
Chemistry,A hydrated salt is one that:,Does not contain water molecules,Contains water of crystallization,Is always deliquescent,Is efflorescent,B,5
Chemistry,What term describes a substance that absorbs moisture from the air and forms a solution?,Efflorescent,Hygroscopic,Deliquescent,Anhydrous,C,7
Chemistry,Which of the following is a crystalline allotrope of carbon?,Charcoal,Coal,Coke,Diamond,D,6
Chemistry,What property of diamond makes it suitable for use in cutting tools?,It is a good conductor of electricity,It is soft and slippery,It is extremely hard,It has a low density,C,1
Chemistry,Why is graphite a good conductor of electricity?,It has a high density,It contains free delocalized electrons,It is transparent,It has a giant ionic structure,B,1
Chemistry,Which of the following is an amorphous form of carbon?,Graphite,Diamond,Lampblack,Fullerene,C,1
Chemistry,What is the main product when carbon burns in excess oxygen?,Carbon monoxide,Carbon dioxide,Water,Hydrogen gas,B,1
Chemistry,Which gas is produced when carbon reduces copper(II) oxide?,Carbon dioxide,Carbon monoxide,Oxygen gas,Hydrogen gas,A,1
Chemistry,How is carbon(IV) oxide typically prepared in the laboratory?,Heating potassium trioxocarbonate(IV),Action of dilute acid on a trioxocarbonate(IV),Heating carbon in air,Burning methane,B,1
Chemistry,Which method is used to collect carbon(IV) oxide gas?,Upward delivery,Downward delivery,Over water,Using a gas syringe,B,1
Chemistry,What is observed when carbon(IV) oxide is bubbled through lime water?,The lime water turns blue,The lime water turns milky,The lime water turns red,The lime water becomes warm,B,1
Chemistry,What is the main use of carbon(IV) oxide in fire extinguishers?,It is flammable,It supports combustion,It is denser than air and does not support combustion,It has a pleasant smell,C,1
Chemistry,How is carbon(II) oxide prepared from methanoic acid?,By dehydration with concentrated H2SO4,By reaction with water,By heating with limestone,By fermentation,A,1
Chemistry,Why is carbon(II) oxide considered dangerous?,It is flammable,It has a pleasant smell,It is poisonous and combines irreversibly with haemoglobin,It is a strong acid,C,1
Chemistry,Which of the following is a use of carbon(II) oxide?,In fire extinguishers,In the extraction of metals,In carbonated drinks,As a refrigerant,B,1
Chemistry,What is the highest grade of coal with the highest carbon content?,Peat,Lignite,Bituminous,Anthracite,D,0
Chemistry,What process is used to obtain various products from coal by heating in the absence of air?,Distillation,Cracking,Destructive distillation,Fractional distillation,C,0
Chemistry,Which of the following is NOT a product of the destructive distillation of coal?,Coal gas,Ammoniacal liquor,Coal tar,Oxygen,D,0
Chemistry,What is the primary use of coke?,As a fuel and reducing agent in metal extraction,In making jewelry,As a fertilizer,In the food industry,A,1
Chemistry,What is producer gas a mixture of?,Carbon monoxide and hydrogen,Carbon monoxide and nitrogen,Methane and hydrogen,Carbon dioxide and nitrogen,B,0
Chemistry,How is water gas produced?,Passing air over red-hot coke,Passing steam over white-hot coke,Heating coal,Distilling crude oil,B,0
Chemistry,What is the main difference between producer gas and water gas?,Producer gas has a higher calorific value,Water gas has a higher calorific value,Producer gas is a mixture of CO and H2,Water gas is a mixture of CO and N2,B,0
Chemistry,What is the chemical formula for trioxocarbonate(IV) acid?,H2CO3,H2CO2,HCO3,H3CO3,A,8
Chemistry,How are soluble trioxocarbonates(IV) like Na2CO3 prepared?,By precipitation,By bubbling CO2 through the corresponding alkali,By direct combination of elements,By heating the metal,B,8
Chemistry,What is the test for a trioxocarbonate(IV) ion?,It turns lime water milky,It gives a white precipitate with silver nitrate,It liberates ammonia when heated,It decolorizes bromine water,A,8
Chemistry,What is the primary source of aliphatic hydrocarbons?,Coal,Natural gas and petroleum,Plants and animals,The atmosphere,B,0
Chemistry,What process is used to separate crude oil into fractions?,Cracking,Reforming,Polymerization,Fractional distillation,D,4
Chemistry,Which petroleum fraction is used as fuel for jet engines?,Petroleum gas,Petrol,Kerosene,Lubricating oil,C,0
Chemistry,What is the purpose of cracking in the petroleum industry?,To separate different fractions,To break down large hydrocarbons into smaller ones,To remove impurities,To combine small hydrocarbons into larger ones,B,3
Chemistry,What is a petrochemical?,A chemical derived from plants,A chemical derived from petroleum,A type of fuel,A type of metal ore,B,3
Chemistry,Which of the following is a heavy chemical?,A perfume,A drug,Sulphuric acid,A pesticide,C,7
Chemistry,What is the primary raw material for the plastic industry?,Coal,Natural gas,Ethene from petroleum,Sodium chloride,C,3
Chemistry,Which industry produces substances like NH4NO3 and urea?,Paint industry,Fertilizer industry,Pharmaceutical industry,Cement industry,B,3
Chemistry,What is the main component of natural gas?,Ethane,Propane,Methane,Butane,C,0
Chemistry,Which of the following is a fine chemical?,Sodium hydroxide,Sulphuric acid,A laboratory reagent,Ammonia,C,7
Chemistry,What is the primary source of organic acids?,Mineral elements,Plants and animal materials,Inorganic matter,Synthetic processes,B,2
Chemistry,Which of the following acids is monobasic?,H2SO4,H3PO4,HNO3,H2CO3,C,2
Chemistry,Which of the following is a property of alkalis?,They turn red litmus blue,They have a sour taste,They are corrosive to skin,They produce H+ ions in water,A,2
Chemistry,Which type of salt contains water molecules loosely attached to its structure?,Anhydrous salt,Efflorescent salt,Deliquescent salt,Hydrated salt,D,5
Chemistry,What is the process called when a hydrated salt loses its water of crystallization on exposure to air?,Deliquescence,Efflorescence,Hygroscopy,Hydrolysis,B,5
Chemistry,Which of the following is a use of calcium trioxocarbonate(IV)?,As a fuel,In making cement,As a drying agent,In fire extinguishers,B,8
Chemistry,What is the main reason graphite is used as a lubricant?,It has a high density,It is a good conductor,Its layers can slide over each other,It is very hard,C,1
Chemistry,Which of the following statements about diamond is correct?,It conducts electricity,It has a low melting point,It is the hardest natural substance,It is soft and slippery,C,1
Chemistry,What is produced when carbon reduces iron(III) oxide?,Iron and carbon dioxide,Iron and carbon monoxide,Iron and water,Iron and oxygen,B,1
Chemistry,Which gas is used in fire extinguishers because it does not support combustion?,Carbon(II) oxide,Producer gas,Carbon(IV) oxide,Water gas,C,0
Chemistry,What is the chemical test for carbon(IV) oxide?,It turns lime water milky,It burns with a pop sound,It decolorizes bromine water,It turns cobalt chloride paper pink,A,1
Chemistry,Why is carbon(II) oxide dangerous to humans?,It supports combustion,It is highly flammable,It combines with haemoglobin in blood,It has a strong odor,C,1
Chemistry,Which type of coal has the highest carbon content?,Peat,Lignite,Bituminous,Anthracite,D,0
Chemistry,What is the liquid product obtained from destructive distillation of coal?,Coal gas,Ammoniacal liquor,Coke,Producer gas,B,0
Chemistry,Which fuel gas is a mixture of carbon monoxide and nitrogen?,Water gas,Producer gas,Natural gas,Coal gas,B,0
Chemistry,What is the main component of natural gas?,Ethane,Propane,Methane,Butane,C,0
Chemistry,Which process increases the octane rating of petrol?,Cracking,Reforming,Fractional distillation,Destructive distillation,B,0
Chemistry,What is the octane number of n-heptane?,0,50,100,25,A,6
Chemistry,Which industry produces substances like paints and dyes?,Fertilizer industry,Pharmaceutical industry,Paint industry,Plastic industry,C,3
Chemistry,What is the primary raw material for the manufacture of cement?,Clay and limestone,Coal and water,Petroleum and air,Sand and salt,A,3
Chemistry,Which of the following is a fine chemical?,Sulphuric acid,Sodium hydroxide,A laboratory reagent,Ammonia gas,C,7
Chemistry,What is the main use of fertilizers?,To cure diseases,To increase agricultural production,As building materials,As fuel additives,B,3
Chemistry,Which substance is used as an electrolyte in lead-acid accumulators?,Hydrochloric acid,Sulphuric acid,Nitric acid,Ethanoic acid,B,2
Chemistry,What is the pH range of an alkaline solution?,0-6,7,8-14,1-14,C,2
Chemistry,Which salt is used as a laxative in medicine?,Sodium chloride,Calcium carbonate,Magnesium sulphate,Ammonium chloride,C,5
Chemistry,Which of the following is an example of a complex salt?,Sodium chloride,Potassium alum,Calcium carbonate,Ammonium nitrate,B,5
Chemistry,What is the chemical formula for ammoniacal liquor?,NH4Cl,NH4OH,NH3,H2O,B,6
Chemistry,Which petroleum fraction is used in making candles and polishes?,Petrol,Kerosene,Lubricating oil,Bitumen,C,7
Chemistry,What is the process of breaking down large hydrocarbon molecules into smaller ones called?,Reforming,Polymerization,Cracking,Fractional distillation,C,4
Chemistry,Which element is added to petrol to prevent knocking?,Lead tetraethyl,Sodium chloride,Calcium carbonate,Ammonia gas,A,0
Chemistry,What is the primary raw material for the plastic industry?,Coal,Natural gas,Ethene,Water,C,3
Chemistry,Which industry produces drugs and medicines?,Fertilizer industry,Pharmaceutical industry,Paint industry,Cement industry,B,3
Chemistry,What is the main component of coal gas?,Methane and hydrogen,Carbon monoxide and nitrogen,Carbon dioxide and oxygen,Hydrogen and oxygen,A,0
Chemistry,Which of the following is a property of acids?,They turn blue litmus red,They feel soapy,They have a bitter taste,They are insoluble in water,A,2
Chemistry,What is the basicity of ethanoic acid?,1,2,3,4,A,2
Chemistry,Which gas is produced when acids react with trioxocarbonates(IV)?,Hydrogen,Oxygen,Carbon dioxide,Nitrogen,C,8
Chemistry,What is the pH of a solution with hydrogen ion concentration of 1×10⁻¹¹ mol/dm³?,1,3,11,13,C,8
Chemistry,Which of the following is a strong base?,Ammonia solution,Calcium hydroxide,Sodium hydroxide,Aluminium hydroxide,C,6
Chemistry,What is the product of neutralization between HCl and NaOH?,NaCl and H2O,NaCl and H2,NaOH and Cl2,Na and ClOH,A,2
Chemistry,Which salt is insoluble in water?,Sodium nitrate,Potassium chloride,Silver chloride,Ammonium carbonate,C,5
Chemistry,What is the term for substances that absorb moisture from air without dissolving?,Efflorescent,Deliquescent,Hygroscopic,Anhydrous,C,7
Chemistry,Which allotrope of carbon is used in pencils?,Diamond,Graphite,Charcoal,Coke,B,1
Chemistry,What is the main use of carbon(IV) oxide in the food industry?,As a fuel,As a refrigerant,In carbonated drinks,In making explosives,C,1
Chemistry,Which type of cracking uses a catalyst?,Thermal cracking,Catalytic cracking,Steam cracking,Fractional cracking,B,4
Chemistry,What is the primary raw material for the fertilizer industry?,Petroleum,Coal,Ammonia,Graphite,C,3
Chemistry,Which chemical industry produces items like PVC pipes?,Plastic industry,Pharmaceutical industry,Paint industry,Fertilizer industry,A,3
Chemistry,What is the chemical formula for tetraoxosulphate(VI) acid?,H2SO3,H2SO4,HNO3,HCl,B,8
Chemistry,Which of the following is a characteristic of a concentrated acid?,It contains a large amount of water,It contains a small amount of water,It has a low concentration of H+ ions,It turns blue litmus red,B,2
Chemistry,What is the basicity of an acid that has three replaceable hydrogen ions?,1,2,3,4,C,2
Chemistry,Which of the following turns blue litmus paper red?,Sodium hydroxide solution,Calcium hydroxide solution,Ethanoic acid solution,Ammonia solution,C,7
Chemistry,What gas is produced when dilute hydrochloric acid reacts with zinc?,Chlorine,Oxygen,Hydrogen,Nitrogen,C,2
Chemistry,Which method of acid preparation involves dissolving an acid anhydride in water?,Combination of elements,Displacement from salts,Using an acid anhydride,Precipitation,C,2
Chemistry,What is the pH of a solution with a hydrogen ion concentration of 1×10⁻⁵ mol/dm³?,5,9,7,14,A,8
Chemistry,Which of the following is a weak base?,Sodium hydroxide,Potassium hydroxide,Calcium oxide,Ammonia solution,D,6
Chemistry,What is the product when magnesium oxide reacts with nitric acid?,Magnesium nitrate and water,Magnesium nitride and oxygen,Magnesium and nitrogen,Magnesium hydroxide and nitrite,A,2
Chemistry,Which type of salt turns red litmus blue?,Normal salt,Acid salt,Basic salt,Double salt,C,5
Chemistry,What is the solubility rule for all sodium salts?,They are insoluble,They are soluble,They are slightly soluble,They decompose in water,B,5
Chemistry,Which salt is used as a drying agent for gases?,Sodium chloride,Calcium chloride,Silver chloride,Lead chloride,B,5
Chemistry,What is the process of converting a soluble salt to crystals called?,Evaporation,Decantation,Crystallization,Filtration,C,5
Chemistry,Which of the following is an example of a hydrated salt?,NaCl,KNO3,CuSO4·5H2O,AgNO3,C,5
Chemistry,What term describes sodium trioxocarbonate(IV) decahydrate when it loses water on exposure to air?,Deliquescence,Efflorescence,Hygroscopy,Hydrolysis,B,8
Chemistry,Which allotrope of carbon has a tetrahedral structure?,Graphite,Diamond,Charcoal,Lampblack,B,6
Chemistry,Why is graphite used in nuclear reactors?,It is a good lubricant,It is a good conductor,It slows down neutrons,It is transparent,C,1
Chemistry,What is the main impurity in coal?,Oxygen,Nitrogen,Sulphur,Hydrogen,C,0
Chemistry,Which form of carbon is used in gas masks to absorb poisonous gases?,Diamond,Graphite,Charcoal,Coke,C,1
Chemistry,What is the product when carbon burns in a limited supply of air?,Carbon dioxide,Carbon monoxide,Water,Hydrogen gas,B,1
Chemistry,How is carbon(IV) oxide commercially produced as a by-product?,From fermentation,From burning coal,From cracking petroleum,From electrolysis,A,1
Chemistry,What is observed when excess CO2 is bubbled through lime water?,Permanent milkyness,The milkiness disappears,A yellow precipitate,No change,B,1
Chemistry,Which gas is produced by the dehydration of methanoic acid?,CO2,CO,H2,CH4,B,4
Chemistry,What is the main use of producer gas?,In chemical synthesis,As a fuel in furnaces,In carbonated drinks,As an anesthetic,B,0
Chemistry,Which type of coal has the lowest carbon content?,Anthracite,Bituminous,Lignite,Peat,D,0
Chemistry,What is the solid residue left after destructive distillation of coal?,Coal tar,Coal gas,Ammoniacal liquor,Coke,D,0
Chemistry,Which fuel gas has the highest calorific value?,Producer gas,Water gas,Coal gas,Natural gas,B,0
Chemistry,What is the chemical formula for trioxocarbonate(IV) ion?,CO3²⁻,HCO3⁻,CO2,H2CO3,A,8
Chemistry,How is sodium trioxocarbonate(IV) prepared in the laboratory?,By precipitation,By bubbling CO2 through NaOH,By direct combination,By heating NaHCO3,B,8
Chemistry,What is the test for hydrogen trioxocarbonate(IV) ion?,It gives CO2 with acids,It turns lime water milky,It liberates ammonia,It decolorizes bromine,A,8
Chemistry,What is the primary source of aromatic hydrocarbons?,Coal tar,Petroleum,Natural gas,Plants,A,0
Chemistry,Which petroleum fraction has the lowest boiling point?,Lubricating oil,Kerosene,Petrol,Petroleum gas,D,0
Chemistry,What is the main purpose of fractional distillation of crude oil?,To break down molecules,To separate into fractions,To remove impurities,To increase octane number,B,0
Chemistry,Which process converts straight-chain hydrocarbons to branched-chain ones?,Cracking,Reforming,Polymerization,Distillation,B,4
Chemistry,What is the octane number of a fuel that causes severe knocking?,0,50,100,25,A,0
Chemistry,Which of the following is a petrochemical?,Ethanol from fermentation,Methane from natural gas,Benzene from coal tar,All of the above,D,3
Chemistry,What is the primary raw material for the soap industry?,Petroleum,Animal fat or vegetable oil,Coal,Natural gas,B,3
Chemistry,Which industry produces substances like antibiotics and vaccines?,Fertilizer industry,Pharmaceutical industry,Paint industry,Plastic industry,B,3
Chemistry,What is the main component of cement?,Clay and limestone,Sand and water,Gypsum and salt,Coal and oil,A,3
Chemistry,Which of the following is a heavy chemical?,A perfume,A laboratory reagent,Sulphuric acid,A drug,C,7
Chemistry,What is the pH of a solution with hydroxide ion concentration of 1×10⁻³ mol/dm³?,3,11,7,14,B,8
Chemistry,Which salt is used in dry cells as an electrolyte?,Sodium chloride,Ammonium chloride,Calcium carbonate,Silver nitrate,B,5
Chemistry,What is the chemical name for baking soda?,Sodium carbonate,Sodium hydrogen trioxocarbonate(IV),Sodium trioxocarbonate(IV),Sodium chloride,B,7
Chemistry,Which property makes diamond suitable for jewelry?,Its hardness,Its electrical conductivity,Its refractive index,Its solubility,C,1
Chemistry,What is the main use of carbon black?,As a lubricant,In printer's ink,As a fuel,In nuclear reactors,B,1
Chemistry,Which gas is produced when calcium trioxocarbonate(IV) reacts with dilute HCl?,Hydrogen,Oxygen,Carbon dioxide,Nitrogen,C,8
Chemistry,What is the chemical test for carbon(II) oxide?,It turns lime water milky,It burns with a blue flame,It has no effect on lime water,It decolorizes bromine,B,1
Chemistry,Which product from destructive distillation of coal is used in making dyes?,Coal gas,Ammoniacal liquor,Coal tar,Coke,C,0
Chemistry,What is the primary composition of water gas?,CO and H2,CO and N2,CH4 and H2,CO2 and H2,A,0
Chemistry,Which process increases the yield of petrol from heavy oil fractions?,Reforming,Cracking,Polymerization,Distillation,B,4
Chemistry,What is the primary raw material for the Haber process?,Oxygen,Nitrogen,Hydrogen,Carbon,B,3
Chemistry,Which industry is associated with the production of urea?,Fertilizer industry,Pharmaceutical industry,Plastic industry,Paint industry,A,3
Chemistry,What is the chemical formula for tetraoxosulphate(VI) acid?,H2SO3,H2SO4,HNO3,HCl,B,8
Chemistry,Which of the following is a characteristic of a concentrated acid?,It contains a large amount of water,It contains a small amount of water,It has a low concentration of H+ ions,It turns blue litmus red,B,2
Chemistry,What is the basicity of an acid that has three replaceable hydrogen ions?,1,2,3,4,C,2
Chemistry,Which of the following turns blue litmus paper red?,Sodium hydroxide solution,Calcium hydroxide solution,Ethanoic acid solution,Ammonia solution,C,7
Chemistry,What gas is produced when dilute hydrochloric acid reacts with zinc?,Chlorine,Oxygen,Hydrogen,Nitrogen,C,2
Chemistry,Which method of acid preparation involves dissolving an acid anhydride in water?,Combination of elements,Displacement from salts,Using an acid anhydride,Precipitation,C,2
Chemistry,What is the pH of a solution with a hydrogen ion concentration of 1×10⁻⁵ mol/dm³?,5,9,7,14,A,8
Chemistry,Which of the following is a weak base?,Sodium hydroxide,Potassium hydroxide,Calcium oxide,Ammonia solution,D,6
Chemistry,What is the product when magnesium oxide reacts with nitric acid?,Magnesium nitrate and water,Magnesium nitride and oxygen,Magnesium and nitrogen,Magnesium hydroxide and nitrite,A,2
Chemistry,Which type of salt turns red litmus blue?,Normal salt,Acid salt,Basic salt,Double salt,C,5
Chemistry,What is the solubility rule for all sodium salts?,They are insoluble,They are soluble,They are slightly soluble,They decompose in water,B,5
Chemistry,Which salt is used as a drying agent for gases?,Sodium chloride,Calcium chloride,Silver chloride,Lead chloride,B,5
Chemistry,What is the process of converting a soluble salt to crystals called?,Evaporation,Decantation,Crystallization,Filtration,C,5
Chemistry,Which of the following is an example of a hydrated salt?,NaCl,KNO3,CuSO4·5H2O,AgNO3,C,5
Chemistry,What term describes sodium trioxocarbonate(IV) decahydrate when it loses water on exposure to air?,Deliquescence,Efflorescence,Hygroscopy,Hydrolysis,B,8
Chemistry,Which allotrope of carbon has a tetrahedral structure?,Graphite,Diamond,Charcoal,Lampblack,B,6
Chemistry,Why is graphite used in nuclear reactors?,It is a good lubricant,It is a good conductor,It slows down neutrons,It is transparent,C,1
Chemistry,What is the main impurity in coal?,Oxygen,Nitrogen,Sulphur,Hydrogen,C,0
Chemistry,Which form of carbon is used in gas masks to absorb poisonous gases?,Diamond,Graphite,Charcoal,Coke,C,1
Chemistry,What is the product when carbon burns in a limited supply of air?,Carbon dioxide,Carbon monoxide,Water,Hydrogen gas,B,1
Chemistry,How is carbon(IV) oxide commercially produced as a by-product?,From fermentation,From burning coal,From cracking petroleum,From electrolysis,A,1
Chemistry,What is observed when excess CO2 is bubbled through lime water?,Permanent milkyness,The milkiness disappears,A yellow precipitate,No change,B,1
Chemistry,Which gas is produced by the dehydration of methanoic acid?,CO2,CO,H2,CH4,B,4
Chemistry,What is the main use of producer gas?,In chemical synthesis,As a fuel in furnaces,In carbonated drinks,As an anesthetic,B,0
Chemistry,Which type of coal has the lowest carbon content?,Anthracite,Bituminous,Lignite,Peat,D,0
Chemistry,What is the solid residue left after destructive distillation of coal?,Coal tar,Coal gas,Ammoniacal liquor,Coke,D,0
Chemistry,Which fuel gas has the highest calorific value?,Producer gas,Water gas,Coal gas,Natural gas,B,0
Chemistry,What is the chemical formula for trioxocarbonate(IV) ion?,CO3²⁻,HCO3⁻,CO2,H2CO3,A,8
Chemistry,How is sodium trioxocarbonate(IV) prepared in the laboratory?,By precipitation,By bubbling CO2 through NaOH,By direct combination,By heating NaHCO3,B,8
Chemistry,What is the test for hydrogen trioxocarbonate(IV) ion?,It gives CO2 with acids,It turns lime water milky,It liberates ammonia,It decolorizes bromine,A,8
Chemistry,What is the primary source of aromatic hydrocarbons?,Coal tar,Petroleum,Natural gas,Plants,A,0
Chemistry,Which petroleum fraction has the lowest boiling point?,Lubricating oil,Kerosene,Petrol,Petroleum gas,D,0
Chemistry,What is the main purpose of fractional distillation of crude oil?,To break down molecules,To separate into fractions,To remove impurities,To increase octane number,B,0
Chemistry,Which process converts straight-chain hydrocarbons to branched-chain ones?,Cracking,Reforming,Polymerization,Distillation,B,4
Chemistry,What is the octane number of a fuel that causes severe knocking?,0,50,100,25,A,0
Chemistry,Which of the following is a petrochemical?,Ethanol from fermentation,Methane from natural gas,Benzene from coal tar,All of the above,D,3
Chemistry,What is the primary raw material for the soap industry?,Petroleum,Animal fat or vegetable oil,Coal,Natural gas,B,3
Chemistry,Which industry produces substances like antibiotics and vaccines?,Fertilizer industry,Pharmaceutical industry,Paint industry,Plastic industry,B,3
Chemistry,What is the main component of cement?,Clay and limestone,Sand and water,Gypsum and salt,Coal and oil,A,3
Chemistry,Which of the following is a heavy chemical?,A perfume,A laboratory reagent,Sulphuric acid,A drug,C,7
Chemistry,What is the pH of a solution with hydroxide ion concentration of 1×10⁻³ mol/dm³?,3,11,7,14,B,8
Chemistry,Which salt is used in dry cells as an electrolyte?,Sodium chloride,Ammonium chloride,Calcium carbonate,Silver nitrate,B,5
Chemistry,What is the chemical name for baking soda?,Sodium carbonate,Sodium hydrogen trioxocarbonate(IV),Sodium trioxocarbonate(IV),Sodium chloride,B,7
Chemistry,Which property makes diamond suitable for jewelry?,Its hardness,Its electrical conductivity,Its refractive index,Its solubility,C,1
Chemistry,What is the main use of carbon black?,As a lubricant,In printer's ink,As a fuel,In nuclear reactors,B,1
Chemistry,Which gas is produced when calcium trioxocarbonate(IV) reacts with dilute HCl?,Hydrogen,Oxygen,Carbon dioxide,Nitrogen,C,8
Chemistry,What is the chemical test for carbon(II) oxide?,It turns lime water milky,It burns with a blue flame,It has no effect on lime water,It decolorizes bromine,B,1
Chemistry,Which product from destructive distillation of coal is used in making dyes?,Coal gas,Ammoniacal liquor,Coal tar,Coke,C,0
Chemistry,What is the primary composition of water gas?,CO and H2,CO and N2,CH4 and H2,CO2 and H2,A,0
Chemistry,Which process increases the yield of petrol from heavy oil fractions?,Reforming,Cracking,Polymerization,Distillation,B,4
Chemistry,What is the primary raw material for the Haber process?,Oxygen,Nitrogen,Hydrogen,Carbon,B,3
Chemistry,Which industry is associated with the production of urea?,Fertilizer industry,Pharmaceutical industry,Plastic industry,Paint industry,A,3
Chemistry,What is the definition of an acid as a proton donor?,A substance that accepts protons,A substance that donates protons,A substance that produces OH- ions,A substance that turns blue litmus red,B,2
Chemistry,Which of the following is NOT a source of organic acids?,Vinegar,Milk,Lime,Mineral elements,D,2
Chemistry,What is the basicity of H3PO4?,1,2,3,4,C,8
Chemistry,Which property is common to all acids?,They turn red litmus blue,They have a sour taste,They feel soapy,They are insoluble in water,B,2
Chemistry,What gas is produced when dilute H2SO4 reacts with magnesium?,SO2,H2,CO2,O2,B,8
Chemistry,Which method of acid preparation involves combining hydrogen and chlorine?,Acid anhydride method,Direct combination,Displacement from salt,Precipitation method,B,2
Chemistry,What is the pH of a solution with [H+] = 1×10⁻⁷ mol/dm³?,1,7,14,0,B,8
Chemistry,Which of the following is a strong acid?,CH3COOH,H2CO3,H2SO3,HCl,D,2
Chemistry,What is produced when copper(II) oxide reacts with hydrochloric acid?,Copper chloride and water,Copper and chlorine,Copper hydroxide and water,Copper and hydrogen,A,2
Chemistry,Which type of salt contains replaceable hydrogen atoms?,Normal salt,Basic salt,Acid salt,Double salt,C,5
Chemistry,Which salt is used in making plaster of Paris?,CaSO4,NaCl,KNO3,CaCO3,A,5
Chemistry,What is the best method to recover CuSO4 from its solution?,Evaporation to dryness,Crystallization,Decantation,Filtration,B,7
Chemistry,Which hydrated salt is blue in color?,Na2CO3·10H2O,CuSO4·5H2O,CaCl2·6H2O,MgSO4·7H2O,B,5
Chemistry,What process occurs when NaOH pellets absorb moisture and form a solution?,Efflorescence,Deliquescence,Hygroscopy,Hydrolysis,B,4
Chemistry,Which carbon allotrope is used in cutting tools?,Graphite,Charcoal,Diamond,Lampblack,C,1
Chemistry,Why is diamond a poor conductor of electricity?,It has free electrons,It has no free electrons,It is soft,It has a layer structure,B,1
Chemistry,What is the main element in coal besides carbon?,Oxygen,Hydrogen,Nitrogen,Sulphur,A,0
Chemistry,Which form of carbon is used in sugar refining?,Graphite,Animal charcoal,Coke,Diamond,B,1
Chemistry,What is produced when carbon reduces steam?,CO and H2,CO2 and H2,CH4 and H2,CO and O2,A,1
Chemistry,How is CO2 commercially obtained from limestone?,Heating CaCO3,Reacting CaO with water,Heating CaSO4,Reacting CaCO3 with acid,A,1
Chemistry,What happens when CO2 is passed through water?,Forms H2CO3,Forms H2SO4,Forms HNO3,Forms HCl,A,1
Chemistry,Which gas is produced by reacting oxalic acid with conc. H2SO4?,CO2,CO,H2,CH4,B,4
Chemistry,What is the main use of water gas?,As a reducing agent,As a fuel,In fire extinguishers,In fertilizers,B,0
Chemistry,"Which coal type is called ""brown coal""?",Anthracite,Bituminous,Lignite,Peat,C,0
Chemistry,What liquid product from coal distillation contains ammonia?,Coal tar,Ammoniacal liquor,Coal gas,Coke,B,0
Chemistry,Which fuel gas contains nitrogen as its main component?,Water gas,Producer gas,Natural gas,Coal gas,B,0
Chemistry,What is the chemical formula for carbonic acid?,H2CO3,HCO3-,CO3²-,CO2,A,2
Chemistry,How is CaCO3 prepared in the laboratory?,By precipitation,By direct combination,By heating,By distillation,A,8
Chemistry,What is observed when dilute acid is added to CaCO3?,No reaction,Effervescence,Color change,Precipitation formation,B,8
Chemistry,What is the primary source of alkanes?,Coal tar,Petroleum,Plants,Animals,B,4
Chemistry,Which petroleum fraction is used in diesel engines?,Petrol,Kerosene,Diesel oil,Lubricating oil,C,0
Chemistry,What is the purpose of cracking?,To separate fractions,To break large molecules,To combine molecules,To remove sulphur,B,1
Chemistry,Which process improves petrol quality by changing molecular structure?,Cracking,Reforming,Distillation,Polymerization,B,4
Chemistry,What is the octane number of high-quality petrol?,0,50,100,25,C,0
Chemistry,Which is NOT a petrochemical?,Benzene,Ethylene,Ammonia,Table salt,D,3
Chemistry,What is the main raw material for detergents?,Petroleum,Animal fat,Vegetable oil,Coal,A,3
Chemistry,Which industry produces aspirin and antibiotics?,Fertilizer,Pharmaceutical,Paint,Plastic,B,3
Chemistry,What are the main components of mortar?,Cement and water,Cement and sand,Cement and gravel,Cement and lime,B,3
Chemistry,Which is a fine chemical?,Sulphuric acid,Sodium hydroxide,Laboratory reagent,Ammonia,C,7
Chemistry,What is the pH of 0.001M HCl?,1,3,11,13,B,2
Chemistry,Which salt is used in gunpowder?,KNO3,NaCl,CaCO3,NaNO3,A,5
Chemistry,What is the common name for NaHCO3?,Washing soda,Baking soda,Caustic soda,Table salt,B,8
Chemistry,Which property makes graphite useful in pencils?,Hardness,Softness,Electrical conductivity,Transparency,B,1
Chemistry,What is carbon black used for?,Jewelry,Tires,Fuel,Construction,B,1
Chemistry,Which gas turns lime water milky?,H2,O2,CO2,N2,C,0
Chemistry,How is CO detected?,Turns lime water milky,Burns with blue flame,Supports combustion,Has smell,B,1
Chemistry,Which coal product is used in road surfacing?,Coal gas,Coal tar,Coke,Bitumen,D,0
Chemistry,What is the composition of synthetic gas?,CO and H2,CO and N2,CH4 and H2,CO2 and H2,A,0
Chemistry,Which process converts heavy oils to petrol?,Reforming,Cracking,Distillation,Polymerization,B,4
Chemistry,What is the main raw material for nitrogen fertilizers?,Oxygen,Nitrogen,Air,Ammonia,D,3
Chemistry,Which industry produces PVC pipes?,Pharmaceutical,Plastic,Fertilizer,Paint,B,3
Chemistry,What is the formula for lime water?,CaO,Ca(OH)2,CaCO3,CaCl2,B,8
Chemistry,Which acid is present in oranges?,Citric acid,Lactic acid,Formic acid,Acetic acid,A,2
Chemistry,What is the basicity of H2SO4?,1,2,3,4,B,8
Chemistry,Which metal does NOT produce H2 with acids?,Zn,Fe,Cu,Mg,C,2
Chemistry,What is the product of NH3 + HCl?,NH4Cl,NH4OH,N2,H2,A,8
Chemistry,Which salt solution is alkaline?,NaCl,Na2CO3,NaNO3,NH4Cl,B,5
Chemistry,Which salt is efflorescent?,Na2CO3·10H2O,CaCl2,Conc. H2SO4,SiO2,A,5
Chemistry,Why is graphite used as electrode?,It is hard,It conducts electricity,It is transparent,It is cheap,B,1
Chemistry,What is the main use of activated charcoal?,Fuel,Adsorbent,Lubricant,Construction,B,1
Chemistry,Which reaction produces CO2?,C + O2 (excess),C + O2 (limited),C + H2O,C + S,A,4
Chemistry,How is dry CO2 prepared?,Over water,Through KHCO3 solution,Through conc. H2SO4,Through fused CaCl2,D,1
Chemistry,What is the test for CO2?,Turns lime water milky,Burns with pop sound,Decolorizes bromine,Turns cobalt chloride pink,A,1
Chemistry,Why is CO dangerous?,It is acidic,It combines with hemoglobin,It supports combustion,It has smell,B,1
Chemistry,Which coal has most volatile matter?,Anthracite,Bituminous,Lignite,Peat,D,0
Chemistry,What is coke used for?,Making dyes,Reducing agent in metallurgy,Making fertilizers,Making plastics,B,1
Chemistry,Which gas is used in Haber process?,N2 and H2,CO and H2,CH4 and H2,CO2 and H2,A,0
Chemistry,What is the formula for bicarbonate ion?,CO3²⁻,HCO3⁻,H2CO3,CO2,B,8
Chemistry,How is Na2CO3 prepared commercially?,Solvay process,Haber process,Contact process,Oxo process,A,8
Chemistry,What is observed when MgCO3 is heated?,It melts,It decomposes to MgO and CO2,No change,It turns black,B,8
Chemistry,What is the main component of natural gas?,C2H6,C3H8,CH4,C4H10,C,0
Chemistry,Which fraction is used in making candles?,Petrol,Kerosene,Lubricating oil,Bitumen,C,7
Chemistry,What is the purpose of anti-knock agents?,Increase octane number,Decrease octane number,Remove impurities,Add color,A,7
Chemistry,Which compound is added to petrol as anti-knock?,NaCl,CaCO3,Pb(C2H5)4,NH3,C,7
Chemistry,What is the primary raw material for glass industry?,Clay,Limestone,Silica sand,Coal,C,3
Chemistry,Which industry produces insecticides?,Pharmaceutical,Fertilizer,Agrochemical,Paint,C,3
Chemistry,What is the pH of 0.01M NaOH?,2,12,7,14,B,8
Chemistry,Which salt is used in photography?,AgBr,NaCl,KNO3,CaCO3,A,5
Chemistry,What is the chemical name for gypsum?,CaSO4·2H2O,CaSO4,CaCO3,CaO,A,7
Chemistry,Which carbon form is used in nuclear reactors?,Diamond,Graphite,Charcoal,Coke,B,1
Chemistry,What is the main use of formaldehyde?,Preservative,Fuel,Solvent,Antiseptic,A,7
Chemistry,Which gas is responsible for acid rain?,CO2,SO2,N2,O2,B,2
Chemistry,What is the main component of biogas?,CH4,C2H6,C3H8,CO2,A,0
Chemistry,Which process removes sulphur from coal?,Washing,Heating,Distillation,Crushing,A,0
Chemistry,What is the primary use of ammonia?,Fertilizer production,Fuel,Solvent,Preservative,A,0
Chemistry,Which industry produces polyethylene?,Plastic,Pharmaceutical,Fertilizer,Paint,A,3
Chemistry,What is the formula for quicklime?,CaO,Ca(OH)2,CaCO3,CaSO4,A,7
Chemistry,Which acid is used in car batteries?,H2SO4,HCl,HNO3,CH3COOH,A,2
Chemistry,What is the basicity of H3PO3?,1,2,3,4,B,8
Chemistry,Which metal produces H2 with cold water?,Cu,Ag,Au,Na,D,8
Chemistry,What is the product of CaO + H2O?,Ca(OH)2,CaO2,CaH2,CaCO3,A,8
Chemistry,Which salt is used as table salt?,NaCl,Na2CO3,NaHCO3,NaNO3,A,5
Chemistry,Which substance is deliquescent?,Na2CO3·10H2O,CaCl2,SiO2,CaCO3,B,7
Chemistry,Why is diamond used in jewelry?,Hardness,Brilliance,Conductivity,Solubility,B,1
Chemistry,What is the main use of lamp black?,Pigment in ink,Fuel,Lubricant,Adsorbent,A,1
Chemistry,Which reaction is used in blast furnace?,C reduces Fe2O3,C reduces CO2,C reduces H2O,C reduces SO2,A,0
Chemistry,How is CO2 used in soft drinks?,As preservative,For fizz,As sweetener,As colorant,B,1
Chemistry,What is the test for unsaturation?,Bromine water test,Flame test,Precipitation test,pH test,A,7
Chemistry,Which coal type is hardest?,Anthracite,Bituminous,Lignite,Peat,A,0
Chemistry,What is the main use of coal tar?,Road surfacing,Chemical production,Fuel,Construction,B,0
Chemistry,"Which gas is called ""town gas""?",Coal gas,Water gas,Producer gas,Natural gas,A,0
Chemistry,What is the formula for carbonate ion?,CO3²⁻,HCO3⁻,H2CO3,CO2,A,8
Chemistry,How is KHCO3 prepared?,CO2 through KOH,Heating K2CO3,Precipitation,Direct combination,A,8
Chemistry,What is observed when Ca(HCO3)2 is heated?,Effervescence,Precipitation of CaCO3,Color change,No change,B,8
Chemistry,What is the main component of LPG?,CH4,C3H8,C2H6,C4H10,B,0
Chemistry,Which fraction is used in asphalt?,Bitumen,Lubricating oil,Kerosene,Petrol,A,7
Chemistry,What is the purpose of catalytic reforming?,Improve octane number,Remove sulphur,Separate fractions,Add color,A,4
Chemistry,What is the octane number of n-hexane?,25,61,0,100,A,6
Chemistry,Which is a primary petrochemical?,Benzene,Ammonia,Oxygen,Nitrogen,A,3
Chemistry,What is the main raw material for nylon?,Petroleum,Coal,Natural gas,Air,A,3
Chemistry,Which industry produces ceramics?,Construction,Pharmaceutical,Electronics,Agriculture,A,3
Chemistry,What is the pH of pure water?,0,7,14,1,B,2
Chemistry,Which salt is used in baking powder?,NaHCO3,Na2CO3,NaCl,NaNO3,A,5
Chemistry,What is the chemical name for caustic soda?,NaOH,Na2CO3,NaHCO3,NaCl,A,7
Chemistry,Which property allows graphite to be used as lubricant?,Layer structure,Hardness,Electrical conductivity,Transparency,A,1
Chemistry,What is the main use of carbon in steel making?,As fuel,As reducing agent,As alloy,As flux,B,1
Chemistry,Which gas is used in refrigeration?,NH3,O2,N2,CO2,A,0
Chemistry,What is the main component of producer gas?,N2 and CO,H2 and CO,CH4 and H2,CO2 and N2,A,0
Chemistry,Which process converts coal to gaseous fuel?,Gasification,Liquefaction,Distillation,Combustion,A,0
Chemistry,What is the primary use of nitric acid?,Fertilizer production,Food preservation,Cleaning,Fuel,A,2
Chemistry,Which industry produces synthetic rubber?,Plastic,Pharmaceutical,Fertilizer,Textile,A,3
Chemistry,What is the formula for slaked lime?,Ca(OH)2,CaO,CaCO3,CaSO4,A,7
Chemistry,Which acid is used in pickling?,HCl,H2SO4,HNO3,CH3COOH,B,2
Chemistry,What is the basicity of H2CO3?,1,2,3,4,B,8
Chemistry,Which metal displaces hydrogen from steam?,Fe,Cu,Ag,Au,A,0
Chemistry,What is the product of NaOH + CO2 (excess)?,Na2CO3,NaHCO3,NaOH,Na2O,B,4
Chemistry,Which salt is used in fireworks?,KNO3,NaCl,CaCO3,Na2SO4,A,5
Chemistry,Which substance is hygroscopic?,Conc. H2SO4,Na2CO3·10H2O,CaCl2,NaNO3,A,7
Chemistry,Why is charcoal used in water filters?,Adsorption,Reaction,Precipitation,Neutralization,A,1
Chemistry,What is the main use of graphite in batteries?,Conductor,Electrode,Catalyst,Separator,B,1
Chemistry,Which reaction produces water gas?,C + H2O,C + O2,C + CO2,C + S,A,4
Chemistry,How is CO2 used in baking?,As leavening agent,As preservative,As sweetener,As colorant,A,1
Chemistry,What is the test for oxygen?,Relights glowing splint,Turns lime water milky,Burns with pop sound,Decolorizes bromine,A,8
Chemistry,Which coal type is used in power plants?,Bituminous,Anthracite,Lignite,Peat,A,0
Chemistry,What is the main use of ammonia liquor?,Fertilizer production,Fuel,Solvent,Cleaning,A,0
Chemistry,Which gas is used in welding?,C2H2,CH4,C2H4,C3H8,A,0
Chemistry,What is the formula for carbon monoxide?,CO,CO2,C2O,CO3,A,1
Chemistry,How is Ca(HCO3)2 formed?,CO2 through Ca(OH)2,Heating CaCO3,Precipitation,Direct combination,A,8
Chemistry,What is observed when ZnCO3 is heated?,It decomposes to ZnO and CO2,It melts,No change,It turns yellow,A,8
Chemistry,What is the main component of gasoline?,C5-C12 hydrocarbons,C1-C4 gases,C12-C18 compounds,Above C20 compounds,A,0
Chemistry,Which fraction is used in jet fuel?,Kerosene,Petrol,Diesel oil,Lubricating oil,A,0
Chemistry,What is the purpose of adding tetraethyl lead to petrol?,Anti-knock,Colorant,Preservative,Cleaning,A,7
Chemistry,Which is NOT derived from petroleum?,Coal tar,Natural gas,Plastics,Dyes,D,3
Chemistry,What is the main raw material for sulfuric acid production?,Sulphur,Air,Water,Limestone,A,3
Chemistry,Which industry produces glass?,Construction,Pharmaceutical,Electronics,Textile,A,3
Chemistry,What is the pH of 0.1M CH3COOH?,Around 3,7,12,1,A,8
Chemistry,Which salt is used in medicine as antacid?,NaHCO3,Na2CO3,NaCl,NaNO3,A,5
Chemistry,What is the chemical name for laughing gas?,N2O,NO,NO2,N2O4,A,0
Chemistry,Which property makes diamond useful in cutting tools?,Hardness,Electrical conductivity,Transparency,Solubility,A,1
Chemistry,What is the main use of carbon in water purification?,Adsorption,Reaction,Precipitation,Neutralization,A,1
Chemistry,Which gas is used in lighters?,C4H10,CH4,C2H2,C2H4,A,0
Chemistry,What is the main component of biogas?,CH4,CO2,H2,N2,A,0
Chemistry,Which process converts biomass to fuel?,Fermentation,Distillation,Combustion,Oxidation,A,4
Chemistry,What is the primary use of phosphoric acid?,Fertilizer production,Food additive,Cleaning,Fuel,A,2
Chemistry,Which industry produces detergents?,Chemical,Pharmaceutical,Textile,Construction,A,3
Chemistry,What is the formula for limestone?,CaCO3,CaO,Ca(OH)2,CaSO4,A,8
Chemistry,Which acid is found in vinegar?,CH3COOH,HCOOH,H2CO3,HCl,A,2
Chemistry,What is the basicity of HCl?,1,2,3,4,A,2
Chemistry,Which metal reacts vigorously with cold water?,K,Cu,Ag,Au,A,7
Chemistry,What is the product of NH3 + H2O?,NH4OH,NH4O,NH3·H2O,NH4,A,8
Chemistry,Which salt is used in plaster of Paris?,CaSO4·½H2O,CaSO4,CaCO3,CaO,A,5
Chemistry,Which substance is efflorescent?,Na2SO4·10H2O,CaCl2,SiO2,Conc. H2SO4,A,7
Chemistry,Why is graphite used in pencils?,Soft and marks paper,Hard and transparent,Electrical conductor,Soluble in water,A,1
Chemistry,What is the main use of activated carbon in gas masks?,Adsorb poisonous gases,React with gases,Precipitate gases,Neutralize gases,A,1
Chemistry,Which reaction is used in manufacture of urea?,CO2 + 2NH3,C + O2,C + H2O,C + N2,A,4
Chemistry,How is CO2 used in fire extinguishers?,Denser than air and doesn't support combustion,Lighter than air and flammable,Reacts with fire,Has cooling effect,A,1
Chemistry,What is the test for hydrogen?,Burns with pop sound,Turns lime water milky,Relights splint,Decolorizes bromine,A,8
Chemistry,Which coal type has highest heating value?,Anthracite,Bituminous,Lignite,Peat,A,0
Chemistry,What is the main use of coal in industry?,Power generation,Chemical production,Construction,Transportation,A,0
Chemistry,Which gas is used in balloons?,He,H2,O2,N2,A,0
Chemistry,What is the formula for carbonic acid?,H2CO3,HCO3-,CO3²-,CO2,A,2
Chemistry,How is NaHCO3 converted to Na2CO3?,By heating,By adding water,By cooling,By pressure,A,8
Chemistry,What is observed when PbCO3 is heated?,Decomposes to PbO and CO2,Melts,No change,Turns black,A,8
Chemistry,What is the main component of naptha?,C5-C9 hydrocarbons,C1-C4 gases,C10-C16 compounds,Above C20 compounds,A,7
Chemistry,Which fraction is used in making waxes?,Lubricating oil,Petrol,Kerosene,Bitumen,A,7
Chemistry,What is the purpose of catalytic converter in cars?,Reduce pollution,Increase power,Improve fuel economy,Add oxygen,A,4
Chemistry,What is the octane number of methane?,100,0,50,120,A,0
Chemistry,Which is a secondary petrochemical?,Polystyrene,Ethylene,Benzene,Propylene,A,3
Chemistry,What is the main raw material for polyester?,Petroleum,Coal,Natural gas,Air,A,3
Chemistry,Which industry produces paints?,Chemical,Pharmaceutical,Construction,Textile,A,3
Chemistry,What is the pH of 0.001M NaOH?,11,3,7,14,A,8
Chemistry,Which salt is used in matches?,KClO3,NaCl,CaCO3,NaNO3,A,5
Chemistry,What is the chemical name for blue vitriol?,CuSO4·5H2O,CuO,CuCO3,CuCl2,A,7
Chemistry,Which property allows diamond to cut glass?,Hardness,Electrical conductivity,Transparency,Solubility,A,1
Chemistry,What is the main use of carbon in filters?,Adsorption,Reaction,Precipitation,Neutralization,A,1
Chemistry,Which gas is used in anesthesia?,N2O,O2,N2,CO2,A,0
Chemistry,What is the main component of natural gas?,CH4,C2H6,C3H8,CO2,A,0
Chemistry,Which process converts waste to energy?,Incineration,Composting,Recycling,Landfilling,A,4
Chemistry,What is the primary use of acetic acid?,Food preservation,Cleaning,Solvent,Fuel,A,2
Chemistry,Which industry produces fertilizers?,Chemical,Pharmaceutical,Agriculture,Construction,A,3
Chemistry,What is the formula for washing soda?,Na2CO3·10H2O,Na2CO3,NaHCO3,NaOH,A,7
Chemistry,Which acid is used in explosives?,HNO3,HCl,H2SO4,CH3COOH,A,2
Chemistry,What is the basicity of H2SO3?,1,2,3,4,B,8
Chemistry,Which metal produces amphoteric hydroxide?,Al,Na,K,Ca,A,2
Chemistry,What is the product of SO3 + H2O?,H2SO4,H2SO3,SO2,H2S,A,8
Chemistry,Which salt is used in photography?,AgBr,NaCl,KNO3,CaCO3,A,5
Chemistry,Which substance is deliquescent?,NaOH,Na2CO3·10H2O,SiO2,CaCO3,A,7
Chemistry,Why is diamond used in drill bits?,Hardness,Electrical conductivity,Transparency,Solubility,A,1
Chemistry,What is the main use of carbon in metallurgy?,Reducing agent,Alloying,Flux,Catalyst,A,1
Chemistry,Which reaction produces producer gas?,C + air,C + steam,C + CO2,C + H2,A,4
Chemistry,How is CO2 used in refrigeration?,As dry ice,As liquid,As gas,As solid,A,1
Chemistry,What is the test for ammonia?,Turns red litmus blue,Turns blue litmus red,Turns lime water milky,Burns with pop sound,A,8
Chemistry,Which coal type is used in metallurgy?,Bituminous,Anthracite,Lignite,Peat,B,0
Chemistry,What is the main use of coke in blast furnace?,Reducing agent,Fuel,Flux,Alloy,A,0
Chemistry,Which gas is used in food packaging?,N2,O2,CO2,He,A,0
Chemistry,What is the formula for bicarbonate?,HCO3-,CO3²-,H2CO3,CO2,A,6
Chemistry,How is CaCO3 formed in nature?,From shells and skeletons,From volcanic action,From photosynthesis,From respiration,A,8
Chemistry,What is observed when Mg(HCO3)2 is heated?,Decomposes to MgCO3 and CO2,Melts,No change,Turns black,A,8
Chemistry,What is the main component of diesel oil?,C12-C18 hydrocarbons,C5-C12 compounds,C1-C4 gases,Above C20 compounds,A,0
Chemistry,Which fraction is used in lubricants?,Lubricating oil,Petrol,Kerosene,Bitumen,A,7
Chemistry,What is the purpose of cracking in petroleum industry?,Increase petrol yield,Remove sulphur,Add oxygen,Improve color,A,3
Chemistry,What is the octane number of toluene?,100,0,50,120,A,6
Chemistry,Which is a petrochemical feedstock?,Naphtha,Coal,Wood,Air,A,3
Chemistry,What is the main raw material for pharmaceuticals?,Petrochemicals,Coal,Natural gas,Minerals,A,3
Chemistry,Which industry produces cement?,Construction,Pharmaceutical,Chemical,Textile,A,3
Chemistry,What is the pH of rainwater?,5.6,7,8,4,A,2
Chemistry,Which salt is used in pottery?,Clay,NaCl,KNO3,CaCO3,A,5
Chemistry,What is the chemical name for gypsum?,CaSO4·2H2O,CaSO4,CaCO3,CaO,A,7
Chemistry,Which property makes graphite useful in brushes?,Electrical conductivity,Hardness,Transparency,Solubility,A,1
Chemistry,What is the main use of carbon in dating?,Radioactive dating,Chemical dating,Physical dating,Geological dating,A,1
Chemistry,Which gas is used in light bulbs?,Ar,N2,O2,He,A,0
Chemistry,What is the main component of LNG?,CH4,C2H6,C3H8,CO2,A,0
Chemistry,Which process converts coal to liquid fuel?,Liquefaction,Gasification,Distillation,Combustion,A,0
Chemistry,What is the primary use of citric acid?,Food additive,Cleaning,Solvent,Fuel,A,2
Chemistry,Which industry produces pesticides?,Agrochemical,Pharmaceutical,Chemical,Construction,A,3
Chemistry,What is the formula for quicklime?,CaO,Ca(OH)2,CaCO3,CaSO4,A,7
Chemistry,Which acid is used in digestion?,HCl,H2SO4,HNO3,CH3COOH,A,2
Chemistry,What is the basicity of H3BO3?,1,2,3,4,A,8
Chemistry,Which metal is stored in oil?,Na,K,Li,All of above,D,3
Chemistry,What is the product of P2O5 + H2O?,H3PO4,H3PO3,H4P2O7,H2PO4,A,8
Chemistry,Which salt is used in baking?,NaHCO3,Na2CO3,NaCl,NaNO3,A,5
Chemistry,Which substance is hygroscopic?,P2O5,Na2CO3·10H2O,CaCl2,NaNO3,A,7
Chemistry,Why is charcoal used in art?,Drawing,Painting,Sculpture,All of above,D,1
Chemistry,What is the main use of graphite in nuclear reactors?,Moderator,Fuel,Cladding,Coolant,A,1
Chemistry,Which reaction is used in manufacture of methanol?,CO + 2H2,C + O2,C + H2O,C + CO2,A,4
Chemistry,How is CO2 used in welding?,As shielding gas,As fuel,As oxidizer,As coolant,A,1
Chemistry,What is the test for chlorine?,Bleaches damp litmus paper,Turns lime water milky,Burns with pop sound,Relights splint,A,7
Chemistry,Which coal type is used for cooking?,Bituminous,Anthracite,Lignite,Peat,A,0
Chemistry,What is the main use of coal tar in medicine?,Antiseptic,Fuel,Solvent,Colorant,A,0
Chemistry,Which gas is used in neon signs?,Ne,He,Ar,Kr,A,0
Chemistry,What is the formula for carbon disulfide?,CS2,COS,C2S,CS,A,6
Chemistry,What is the main component of lubricating oil?,C20+ hydrocarbons,C5-C12 compounds,C1-C4 gases,C12-C18 compounds,A,3
Chemistry,Which fraction is used in road construction?,Bitumen,Petrol,Kerosene,Diesel oil,A,7
Chemistry,What is the purpose of reforming in petroleum industry?,Improve octane number,Remove water,Add sulphur,Reduce viscosity,A,3
Chemistry,What is the octane number of ethanol?,100,0,50,108,A,4
Chemistry,Which is a tertiary petrochemical?,Pharmaceuticals,Fuels,Solvents,Plastics,A,3
Chemistry,What is the main raw material for synthetic fibers?,Petroleum,Coal,Natural gas,Air,A,3
Chemistry,Which industry produces ceramics?,Construction,Pharmaceutical,Chemical,Textile,A,3
Chemistry,What is the pH of milk?,6.5,7,8,5,A,2
Chemistry,Which salt is used in black powder?,KNO3,S,C,All of above,D,5
Chemistry,What is the chemical name for green vitriol?,FeSO4·7H2O,Fe2O3,FeCO3,FeCl3,A,7
Chemistry,Which property makes diamond valuable in industry?,Hardness,Beauty,Conductivity,Solubility,A,1
Chemistry,What is the main use of carbon in energy storage?,Batteries,Fuel cells,Capacitors,All of above,D,1
Chemistry,Which gas is used in weather balloons?,He,H2,O2,N2,A,0
Chemistry,What is the main component of biogas?,CH4,CO2,H2,N2,A,0
Chemistry,Which process converts organic waste to fertilizer?,Composting,Incineration,Landfilling,Recycling,A,4
Chemistry,What is the primary use of formic acid?,Preservative,Cleaning,Solvent,Fuel,A,2
Chemistry,Which industry produces soaps?,Chemical,Pharmaceutical,Textile,Construction,A,3
Chemistry,What is the formula for plaster of Paris?,CaSO4·½H2O,CaSO4,CaCO3,CaO,A,7
Chemistry,Which acid is used in car batteries?,H2SO4,HCl,HNO3,CH3COOH,A,2
Chemistry,What is the basicity of H4P2O7?,4,3,2,1,A,8
Chemistry,Which metal is used in thermite process?,Al,Fe,Cu,Zn,A,0
Chemistry,What is the product of CaC2 + H2O?,C2H2 + Ca(OH)2,CH4 + CaO,C2H4 + CaO,CO2 + CaH2,A,8
Chemistry,Which salt is used in dyeing?,Alum,NaCl,KNO3,CaCO3,A,5
Chemistry,Which substance is efflorescent?,MgSO4·7H2O,CaCl2,SiO2,Conc. H2SO4,A,7
Chemistry,Why is graphite used in crucibles?,High melting point,Electrical conductivity,Transparency,Solubility,A,1
Chemistry,What is the main use of carbon in water treatment?,Filtration,Disinfection,Softening,Coagulation,A,1
Chemistry,Which reaction is used in blast furnace for iron production?,C reduces Fe2O3,C reduces CO2,C reduces H2O,C reduces SO2,A,0
Chemistry,How is CO2 used in oil recovery?,Enhanced oil recovery,Drilling,Refining,Transportation,A,1
Chemistry,What is the test for water vapor?,Turns cobalt chloride paper pink,Turns lime water milky,Burns with pop sound,Relights splint,A,8
Chemistry,Which coal type is most abundant?,Bituminous,Anthracite,Lignite,Peat,A,0
Chemistry,What is the main use of coal in chemistry?,Source of organic compounds,Fuel,Construction,Transportation,A,0
Chemistry,Which gas is used in deep sea diving?,He-O2 mixture,N2,O2,CO2,A,0
Chemistry,What is the formula for carbonyl chloride?,COCl2,CO2Cl,COCl,C2OCl2,A,6
Chemistry,How is K2CO3 prepared commercially?,From KCl and CO2,From wood ash,From limestone,From coal,A,8
Chemistry,What is observed when CaCO3 is strongly heated?,Decomposes to CaO and CO2,Melts,No change,Turns black,A,8
Chemistry,What is the main component of petroleum jelly?,C20+ hydrocarbons,C5-C12 compounds,C1-C4 gases,C12-C18 compounds,A,3
Chemistry,Which fraction is used in solvents?,Petroleum ether,Petrol,Kerosene,Diesel oil,A,7
Chemistry,What is the purpose of isomerization in petroleum industry?,Convert straight to branched chains,Remove impurities,Add oxygen,Reduce viscosity,A,3
Chemistry,What is the octane number of 2-methylpentane?,73,0,100,50,A,6
Chemistry,Which is a quaternary petrochemical?,Specialty chemicals,Fuels,Plastics,Solvents,A,7
Chemistry,What is the main raw material for explosives?,Toluene,Benzene,Xylene,All of above,D,3
Chemistry,Which industry produces rubber?,Chemical,Pharmaceutical,Automotive,Textile,A,3
Chemistry,What is the pH of blood?,7.4,7,8,6,A,2
Chemistry,Which salt is used in tanning?,Cr2(SO4)3,NaCl,KNO3,CaCO3,A,5
Chemistry,What is the chemical name for oil of vitriol?,H2SO4,HCl,HNO3,CH3COOH,A,7
Chemistry,Which property makes diamond useful in electronics?,Thermal conductivity,Electrical insulation,Transparency,Hardness,A,1
Chemistry,What is the main use of carbon in medicine?,Drug delivery,Implants,Diagnostics,All of above,D,1
Chemistry,Which gas is used in food preservation?,CO2,N2,O2,He,A,0
Chemistry,What is the main component of syngas?,CO and H2,CO and N2,CH4 and H2,CO2 and H2,A,0
Chemistry,Which process converts coal to town gas?,Destructive distillation,Gasification,Liquefaction,Combustion,A,0
Chemistry,What is the primary use of oxalic acid?,Cleaning,Food additive,Solvent,Fuel,A,2
Chemistry,Which industry produces adhesives?,Chemical,Pharmaceutical,Construction,Textile,A,3
Chemistry,What is the formula for Epsom salt?,MgSO4·7H2O,MgSO4,MgCO3,MgO,A,5
Chemistry,Which acid is used in etching glass?,HF,HCl,HNO3,H2SO4,A,2
Chemistry,What is the basicity of H2S?,2,1,3,4,A,8
Chemistry,Which metal is used in batteries?,Zn,Cu,Ag,Au,A,7
Chemistry,What is the product of Cl2 + H2O?,HCl + HOCl,HCl + O2,H2 + Cl2O,H2O2 + Cl2,A,8
Chemistry,Which salt is used in fireworks for red color?,Sr(NO3)2,NaCl,KNO3,CaCO3,A,5
Chemistry,Which substance is deliquescent?,KOH,Na2CO3·10H2O,SiO2,CaCO3,A,7
Chemistry,Why is diamond used in abrasives?,Hardness,Beauty,Conductivity,Solubility,A,1
Chemistry,What is the main use of carbon in electronics?,Semiconductors,Conductors,Insulators,All of above,A,1
Chemistry,Which reaction is used in manufacture of urea?,2NH3 + CO2 → NH2CONH2 + H2O,N2 + 3H2 → 2NH3,C + O2 → CO2,C + H2O → CO + H2,A,4
Chemistry,How is CO2 used in agriculture?,Plant growth enhancement,Soil treatment,Water treatment,Pest control,A,1
Chemistry,What is the test for sulfur dioxide?,Turns acidified K2Cr2O7 green,Turns lime water milky,Burns with pop sound,Relights splint,A,8
Chemistry,Which coal type is used in cement production?,Bituminous,Anthracite,Lignite,Peat,A,0
Chemistry,What is the main use of coal in power plants?,Electricity generation,Heating,Chemical production,Transportation,A,0
Chemistry,Which gas is used in anesthesia?,N2O,O2,N2,CO2,A,0
Chemistry,What is the formula for phosgene?,COCl2,CO2Cl,COCl,C2OCl2,A,8
Chemistry,How is Na2CO3 used in water treatment?,Water softening,Disinfection,Filtration,Coagulation,A,8
Chemistry,What is the main component of paraffin wax?,C20+ hydrocarbons,C5-C12 compounds,C1-C4 gases,C12-C18 compounds,A,7
Chemistry,Which fraction is used in dry cleaning?,Petroleum ether,Petrol,Kerosene,Diesel oil,A,7
Chemistry,What is the purpose of alkylation in petroleum industry?,Produce high-octane gasoline,Remove sulphur,Add oxygen,Reduce viscosity,A,3
Chemistry,What is the octane number of isooctane?,100,0,50,25,A,6
Chemistry,Which is a petrochemical derivative?,Synthetic rubber,Natural rubber,Wood,Mineral,A,7
Chemistry,What is the main raw material for polymers?,Ethylene,Propylene,Butadiene,All of above,D,3
Chemistry,Which industry produces cosmetics?,Chemical,Pharmaceutical,Textile,Construction,A,3
Chemistry,What is the pH of lemon juice?,2,7,8,5,A,2
Chemistry,Which salt is used in blue prints?,Ferricyanide,Chloride,Nitrate,Carbonate,A,5
Chemistry,What is the chemical name for muriatic acid?,HCl,H2SO4,HNO3,CH3COOH,A,2
Chemistry,Which property makes graphite useful in composites?,Strength and lightness,Electrical conductivity,Transparency,Solubility,A,1
Chemistry,What is the main use of carbon in sports equipment?,Lightweight materials,Strength,Durability,All of above,D,1
Chemistry,Which gas is used in light bulbs?,Ar,N2,O2,He,A,0
Chemistry,What is the main component of natural gas?,CH4,C2H6,C3H8,CO2,A,0
Chemistry,Which process converts biomass to biogas?,Anaerobic digestion,Composting,Incineration,Gasification,A,4
Chemistry,What is the primary use of tartaric acid?,Food additive,Cleaning,Solvent,Fuel,A,2
Chemistry,Which industry produces insecticides?,Agrochemical,Pharmaceutical,Chemical,Construction,A,3
Chemistry,What is the formula for calcite?,CaCO3,CaO,Ca(OH)2,CaSO4,A,8
Chemistry,Which acid is used in lead storage batteries?,H2SO4,HCl,HNO3,CH3COOH,A,2
Chemistry,What is the basicity of H3PO2?,1,2,3,4,A,8
Chemistry,Which metal is used in galvanization?,Zn,Fe,Cu,Al,A,1
Chemistry,What is the product of SO2 + H2O?,H2SO3,H2SO4,SO3,H2S,A,8
Chemistry,Which salt is used in medicine as purgative?,MgSO4,NaCl,KNO3,CaCO3,A,5
Chemistry,Which substance is hygroscopic?,Conc. H2SO4,Na2CO3·10H2O,CaCl2,NaNO3,A,7
Chemistry,Why is diamond used in precision instruments?,Hardness and durability,Electrical conductivity,Transparency,Solubility,A,1
Chemistry,What is the main use of carbon in environmental protection?,Air and water purification,Soil treatment,Waste management,All of above,D,1
Chemistry,Which reaction is used in production of silicon?,C reduces SiO2,C reduces CO2,C reduces H2O,C reduces SO2,A,4
Chemistry,How is CO2 used in beverage industry?,Carbonation,Preservation,Sweetening,Coloring,A,1
English,Choose the correctly spelt word.,Enviroment,Environment,Environmnt,Environmment,B,4
English,Choose the word that best completes the sentence: She has a good _____ of humor.,sense,scent,scene,sign,A,4
English,Choose the opposite of the underlined word: The boy was *polite*.,rude,gentle,kind,quiet,A,7
English,Choose the synonym of the underlined word: The task was *difficult*.,easy,hard,simple,light,B,7
English,Choose the correctly spelt word.,Recieve,Receive,Receeve,Recive,B,4
English,Choose the correct word: The cat chased _____ tail.,it,its,it's,its',B,4
English,Choose the correct option: The teacher praised the boys for _____ punctual.,been,being,be,been,A,4
English,Choose the opposite of *ancient*.,old,modern,antique,aged,B,7
English,Choose the synonym of *brief*.,long,short,tall,wide,B,6
English,Choose the correctly spelt word.,Occurence,Occurrence,Ocurence,Occurencee,B,4
English,Choose the appropriate word: The plane will take _____ at noon.,off,up,on,away,A,4
English,Choose the correct option: The bag belongs to _____.,I,me,myself,my,B,4
English,Choose the correct synonym of *enormous*.,tiny,huge,small,weak,B,2
English,Choose the correct antonym of *arrival*.,coming,departure,visit,entrance,B,7
English,Choose the correctly spelt word.,Adress,Address,Adreess,Addres,B,4
English,Choose the correct word: The boy fell _____ the river.,into,onto,in,on,A,4
English,Choose the correct option: The sun rises in the _____.,west,east,north,south,B,4
English,Choose the word that best completes the sentence: She sings _____.,sweet,sweetly,sweety,sweetness,B,4
English,Choose the opposite of *victory*.,loss,defeat,win,failure,B,7
English,Choose the synonym of *fortunate*.,happy,lucky,grateful,thankful,B,2
English,Choose the correctly spelt word.,Seperate,Separate,Seperete,Seperrate,B,4
English,Choose the correct option: The book is lying _____ the table.,in,on,at,under,B,4
English,Choose the correct option: He is older _____ I am.,than,then,that,those,A,8
English,Choose the correct word: The man _____ the bell.,rang,run,ring,rung,A,8
English,Choose the opposite of *love*.,like,hate,admire,care,B,7
English,Choose the correct synonym of *silent*.,quiet,noisy,loud,shouting,A,7
English,Choose the correctly spelt word.,Febuary,February,Febraury,Februery,B,4
English,Choose the correct option: The train will arrive _____ 6 o’clock.,in,on,at,by,C,4
English,Choose the correct word: She divided the cake _____ her children.,between,among,with,to,B,4
English,Choose the correct synonym of *beautiful*.,ugly,handsome,pretty,bad,C,2
English,Choose the opposite of *strong*.,weak,sturdy,powerful,tough,A,7
English,Choose the correctly spelt word.,Definately,Definetly,Definitely,Definatelye,C,4
English,Choose the correct option: The man walked _____ the room quietly.,into,onto,on,in,A,8
English,Choose the correct synonym of *brave*.,cowardly,fearful,bold,weak,C,2
English,Choose the opposite of *victory*.,defeat,success,achievement,glory,A,7
English,Choose the correctly spelt word.,Occassion,Occasion,Ocassion,Occasson,B,4
English,Choose the correct word: The children are playing _____ the garden.,in,on,at,by,A,4
English,Choose the correct synonym of *tired*.,sleepy,weak,exhausted,rested,C,2
English,Choose the opposite of *easy*.,hard,soft,simple,light,A,7
English,Choose the correctly spelt word.,Accomodation,Accommodation,Acommodation,Accomadation,B,4
English,Choose the correct option: The dog ran _____ the street.,across,through,along,by,A,8
English,Choose the correct synonym of *angry*.,furious,glad,pleased,joyful,A,2
English,Choose the opposite of *beginning*.,start,opening,end,initiation,C,7
English,Choose the correctly spelt word.,Comittee,Committee,Committie,Comittee,B,4
English,Choose the correct word: The man drove _____ the tunnel.,into,onto,on,across,A,8
English,Choose the synonym of *happy*.,sad,cheerful,angry,unhappy,B,2
English,Choose the opposite of *buy*.,sell,exchange,give,borrow,A,7
English,Choose the correctly spelt word.,Governement,Government,Governmant,Governement,B,4
English,Choose the correct option: The boy jumped _____ the wall.,over,above,through,into,A,4
English,Choose the correct synonym of *clever*.,stupid,brilliant,dull,foolish,B,2
English,Choose the opposite of *empty*.,vacant,filled,blank,hollow,B,7
English,Choose the correct option: He _____ going to school today.,is,are,am,were,A,8
English,Choose the correct sentence.,She don’t like rice.,She doesn’t likes rice.,She doesn’t like rice.,She don’t likes rice.,C,4
English,Choose the correct option: The boys _____ playing football.,is,was,are,has,C,4
English,Choose the correct form: The man _____ here yesterday.,come,came,comes,coming,B,8
English,Choose the correct word: Ade and Bola _____ gone home.,has,have,is,was,B,4
English,Choose the correct option: He _____ a car last week.,buys,buy,bought,buying,C,8
English,Choose the correct pronoun: This pen is _____.,my,mine,me,I,B,4
English,Choose the correct preposition: The cat jumped _____ the chair.,on,at,over,into,A,4
English,Choose the correct option: They _____ in Lagos for ten years.,live,are living,have lived,has lived,C,4
English,Choose the correct form: The teacher made the students _____ the class.,cleaned,clean,cleans,cleaning,B,4
English,Choose the correct sentence: The children are _____ to school.,go,goes,going,gone,C,4
English,Choose the correct tense: The letter _____ yesterday.,was posted,posted,is posted,posting,A,8
English,Choose the correct form: She _____ here before.,was,has been,had,have,B,4
English,Choose the correct sentence: The baby _____ since morning.,cry,cries,has been crying,cried,C,4
English,Choose the correct option: He is taller _____ I am.,than,then,that,those,A,8
English,Choose the correct tense: I _____ a book when she came in.,read,was reading,reading,reads,B,4
English,Choose the correct option: They _____ the house before we arrived.,left,leave,leaves,leaving,A,4
English,Choose the correct form: He _____ to the market every Saturday.,go,goes,going,gone,B,8
English,Choose the correct option: The woman _____ cooking when I arrived.,is,was,were,be,B,4
English,Choose the correct tense: The teacher _____ us next week.,teach,teaching,will teach,teached,C,8
English,Choose the correct option: The boy _____ his homework before dinner.,had done,has done,does,doing,A,8
English,Choose the correct option: She _____ a song now.,sings,sang,is singing,sung,C,4
English,Choose the correct pronoun: The book belongs to _____.,she,her,hers,he,C,4
English,Choose the correct option: I have not seen him _____ Monday.,since,for,from,at,A,8
English,Choose the correct article: He bought _____ orange.,a,an,the,that,B,8
English,Choose the correct conjunction: He came _____ he was invited.,because,although,unless,if,A,8
English,Choose the correct option: He can neither read _____ write.,and,or,nor,but,C,8
English,Choose the correct sentence: The books on the table _____ mine.,is,was,are,be,C,4
English,Choose the correct form: I am not interested _____ that.,on,in,at,with,B,4
English,Choose the correct option: The man _____ by the police.,is arrest,was arrested,were arrested,has arrest,B,8
English,Choose the correct tense: He _____ breakfast before 8 a.m. every day.,take,took,takes,taking,C,8
English,Choose the correct option: They _____ to Abuja last week.,go,going,went,goes,C,8
English,Choose the correct pronoun: This car is _____.,her,hers,she,he,B,4
English,Choose the correct option: The children _____ playing now.,was,were,are,is,C,4
English,Choose the correct sentence: He does not _____ to school late.,go,goes,going,gone,A,8
English,Choose the correct option: I _____ finished my homework.,has,have,had,having,B,4
English,Choose the correct preposition: The man is standing _____ the door.,by,at,on,under,B,8
English,Choose the correct tense: The bell _____ before we entered the hall.,rang,rung,ring,run,A,4
English,Choose the correct option: She _____ to church every Sunday.,go,goes,going,gone,B,4
English,Choose the correct option: The boy _____ his book yesterday.,forgets,forgot,forget,forgetting,B,8
English,Choose the correct preposition: The girl sat _____ her mother.,beside,behind,between,across,A,4
English,Choose the correct article: He is _____ honest man.,a,an,the,that,B,8
English,Choose the correct sentence: The teacher asked if I _____ ready.,am,was,were,be,B,4
English,Choose the correct option: The students _____ the test now.,write,are writing,writes,was writing,B,4
English,Choose the correct tense: They _____ in this school since 2010.,study,studied,have studied,studying,C,4
English,Identify the noun in this sentence: The boy kicked the ball.,boy,kicked,the,ball,D,4
English,Which of these words is a verb?,happy,run,blue,quickly,B,1
English,Which word is an adjective?,slowly,beautiful,run,kindly,B,2
English,Which of these is a pronoun?,John,She,Run,Blue,B,4
English,Which of the following is an adverb?,fast,table,John,beautiful,A,1
English,Choose the correct preposition: The book is _____ the table.,in,on,under,over,C,4
English,Which of these words is a conjunction?,and,because,but,all of the above,D,1
English,Identify the interjection: _____! That was a close call.,Hey,And,Quick,The,A,1
English,Choose the sentence with a proper noun.,He went to school.,She visited Lagos.,They are friends.,He read the book.,B,4
English,Which of the following is a common noun?,Mary,London,chair,Nile,C,1
English,Choose the correct option: “He writes neatly” — the word *neatly* is a/an _____.,noun,verb,adverb,adjective,C,8
English,Identify the verb in the sentence: The cat sleeps on the mat.,cat,sleeps,mat,on,B,4
English,Which of these is a complete sentence?,Running very fast.,The man is tall.,On the table.,Because it rained.,B,1
English,Choose the type of sentence: Please sit down.,Declarative,Imperative,Interrogative,Exclamatory,B,4
English,Choose the type of sentence: Are you coming to school?,Imperative,Exclamatory,Interrogative,Declarative,C,4
English,Choose the type of sentence: What a beautiful dress!,Exclamatory,Imperative,Declarative,Question,A,1
English,Choose the type of sentence: I am a teacher.,Imperative,Declarative,Exclamatory,Interrogative,B,4
English,Choose the correct option: “She is a nurse.” — This sentence is _____.,negative,interrogative,affirmative,exclamatory,C,4
English,Identify the subject in this sentence: The boy kicked the ball.,boy,ball,kicked,the,A,4
English,Identify the predicate: The boy kicked the ball.,The boy,kicked the ball,ball,kicked,B,4
English,Which of these is an example of a compound sentence?,He ran fast.,I came and I saw.,The man smiled.,Because it rained.,B,1
English,Which of these is an example of a simple sentence?,He came late.,Although he came late,He came late and slept,If he comes,A,1
English,Choose the correct option: A sentence that expresses a command is called _____.,imperative,exclamatory,interrogative,compound,A,4
English,Choose the correct option: “Don’t make noise!” is a/an _____ sentence.,interrogative,imperative,exclamatory,complex,B,5
English,Choose the correct option: Which of these is an exclamatory sentence?,She is going to school.,What a lovely flower!,Are you ready?,He ran fast.,B,4
English,Choose the correct option: Which of these is an interrogative sentence?,She danced well.,He sang beautifully.,Did he come early?,They went home.,C,4
English,Choose the correctly punctuated sentence.,when are you coming?,When are you coming?,when Are you Coming?,When are You coming?,B,4
English,Choose the correct sentence.,He is my friend.,he is My Friend.,He Is my Friend.,he is my friend.,A,4
English,Identify the adjective: The red car is mine.,car,mine,red,is,C,1
English,Choose the correct word: The students are very _____.,intelligence,intelligents,intelligent,intelligently,C,4
English,Identify the pronoun: She gave me a pen.,She,gave,me,pen,A,4
English,Choose the correct preposition: He walked _____ the road.,on,along,over,by,B,8
English,Choose the correct conjunction: He failed _____ he did not study.,so,because,if,although,B,8
English,Choose the correct option: The plural of *child* is _____. ,childs,children,childes,childrens,B,4
English,Choose the correct option: The plural of *knife* is _____. ,knifes,knive,knives,knifees,C,4
English,Choose the correct option: The plural of *man* is _____. ,mens,man,men,manes,C,8
English,Choose the correct option: The plural of *tooth* is _____. ,teeth,toothes,tooths,teeths,A,4
English,Choose the correct option: The opposite of *hot* is _____. ,cold,cool,warm,heat,A,7
English,Choose the correct word: The past tense of *write* is _____. ,write,written,wrote,writing,C,4
English,Choose the correct word: The past tense of *eat* is _____. ,eat,ate,eaten,eating,B,4
English,Choose the correct word: The past tense of *go* is _____. ,went,gone,goes,going,A,4
English,Choose the correct form: The past participle of *break* is _____. ,broke,broken,breaking,breaks,B,4
English,Choose the correct form: The past participle of *sing* is _____. ,sang,sung,sings,singing,B,4
English,Choose the correct option: The comparative of *good* is _____. ,better,gooder,more good,best,A,7
English,Choose the correct option: The superlative of *good* is _____. ,gooder,better,best,goodest,C,4
English,Choose the correct option: The comparative of *bad* is _____. ,worse,badder,more bad,worst,A,7
English,Choose the correct option: The superlative of *bad* is _____. ,worst,baddest,badder,worse,A,7
English,Choose the correct option: The comparative of *beautiful* is _____. ,beautifuller,more beautiful,most beautiful,beautifullest,B,7
English,Choose the correct option: The superlative of *beautiful* is _____. ,more beautiful,most beautiful,beautifullest,beautifuler,B,4
English,Comprehension is a test of a student’s ability to _____.,memorize facts,understand a passage,recite poems,analyze grammar,B,3
English,The meaning of a word as used in a passage is called its _____.,definition,contextual meaning,synonym,antonym,B,6
English,The tone of a passage refers to the writer’s _____.,feelings,language,words,punctuation,A,1
English,In a comprehension test, inference questions require the student to _____.,quote directly,guess without reading,draw conclusions from the passage,C,3
English,The summary of a passage should be written in _____ words.,many,too few,brief and precise,long,C,3
English,A good summary should exclude _____.,main points,minor details,relevant ideas,key points,B,3
English,The first step in summary writing is to _____.,copy the passage,read and understand the passage,underline difficult words,ask questions,B,3
English,The word ‘comprehension’ means _____.,to read fast,to understand,to copy,to remember,B,6
English,The main idea of a passage tells you _____.,the writer’s mood,the central message,the examples,the title,B,3
English,One should avoid using quotations in summary writing because _____.,they are too long,they show copying,they are not in your own words,B,,3
English,Comprehension helps students to improve their _____.,writing skills,understanding of language,poetry skills,listening skills,B,3
English,A summary passage is usually written in _____ form.,short sentences,dialogue,drama,poem,A,3
English,To summarize means to _____.,expand,shorten,copy,replace,B,3
English,A good summary should be written in _____.,paragraphs,bullet points,continuous prose,phrases,C,3
English,The best way to identify the main points is to _____.,read each paragraph carefully,read the title only,guess,underline examples,A,3
English,The purpose of summary writing is to _____.,expand the passage,shorten the passage,add more ideas,analyze sentences,B,3
English,The expression “in a nutshell” means _____.,in summary,with details,word for word,in paragraph,A,6
English,A summary should not include _____.,examples,main points,important ideas,key facts,A,3
English,A good summary must be _____.,long,concise,wordy,complex,B,3
English,The phrase “state in one sentence” means you should write _____.,many sentences,a paragraph,a single clear statement,a summary,C,1
English,The best summary answers are usually written in _____.,complete sentences,fragments,lists,questions,A,3
English,Comprehension questions test a student’s ability to _____.,analyze poetry,understand and interpret passages,write letters,recall grammar,B,3
English,A good summary answer must contain only _____.,minor details,main points,examples,opinions,B,3
English,In summary writing, avoid using direct quotations because _____.,they show understanding,they make it too long,they are too short,B,3
English,An essay is a piece of writing that expresses the writer’s _____.,feelings and ideas,opinions only,questions only,grammar only,A,3
English,The two main types of essays are _____ and _____.,formal and informal,short and long,fiction and nonfiction,letter and poem,A,3
English,An argumentative essay tries to _____.,tell a story,describe an event,persuade the reader,entertain the reader,C,3
English,A narrative essay is one that _____.,describes a scene,tells a story,gives instructions,explains a process,B,3
English,A descriptive essay mainly aims to _____.,argue a point,describe a person or thing,give facts,tell a story,B,3
English,An expository essay is used to _____.,explain a topic,entertain the reader,express emotion,write fiction,A,3
English,The introduction of an essay should _____.,contain jokes,show the conclusion,give a clear background,repeat points,C,3
English,The main body of an essay should contain _____.,the main points,the greeting,the writer’s name,the title only,A,3
English,The conclusion of an essay should _____.,start a new idea,repeat the introduction,round up the main points,B,,3
English,The opening of a formal letter begins with _____.,Dear Sir or Madam,Hello friend,Hi there,To my dear teacher,A,0
English,An informal letter is written to _____.,a company,a friend,a government office,a newspaper,B,0
English,The correct ending of a formal letter is _____.,Yours faithfully,Yours sincerely,With love,Bye,A,0
English,The correct ending of an informal letter is _____.,Yours faithfully,Yours sincerely,Yours lovingly,Respectfully,C,0
English,The subscription “Yours sincerely” is used when _____.,the recipient’s name is known,the recipient is unknown,it’s an official letter,it’s an application letter,A,0
English,The main difference between formal and informal letters is the _____.,tone and language,length,spelling,margin,A,0
English,An informal letter usually ends with _____.,faithfully,sincerely,love,respect,C,0
English,An essay that tells a story is called a/an _____ essay.,argumentative,descriptive,narrative,expository,C,3
English,An essay that describes a place or object is a _____ essay.,narrative,expository,descriptive,argumentative,C,3
English,The address in a letter should always include _____.,street name only,full contact details,telephone number only,postal code only,B,0
English,An argumentative essay presents _____.,facts and opinions,stories and jokes,feelings and emotions,dialogues only,A,3
English,The tone of a formal letter should be _____.,friendly,official,rude,emotional,B,0
English,The first paragraph of a formal letter should state _____.,the writer’s complaint,the reason for writing,personal greetings,the main points,B,0
English,An expository essay mainly aims to _____.,argue,inform,entertain,persuade,B,3
English,The concluding paragraph of a letter should _____.,end abruptly,summarize politely,ignore the topic,start a new point,B,3
English,The abbreviation P.S. at the end of a letter means _____.,post story,post script,personal statement,post summary,B,0
English,The closing remark “Yours faithfully” is used when _____.,the name of the person is unknown,the letter is informal,the letter is personal,the recipient is a friend,A,1
English,The heading of a formal letter is also known as the _____.,greeting,address,title,subject,D,0
English,The main body of a formal letter contains _____.,salutation,points of discussion,signature,date,B,0
English,The word *sincerely* in “Yours sincerely” means _____.,truthfully,officially,gratefully,happily,A,2
English,The expression “I look forward to your reply” is used in _____ letters.,informal,formal,private,thank-you,B,0
English,An essay must always have a clear _____.,introduction,ending only,middle only,body only,A,3
English,The study of speech sounds is called _____.,phonology,syntax,morphology,semantics,A,5
English,The smallest unit of sound in a language is called a _____.,syllable,phoneme,word,letter,B,5
English,The study of how words are pronounced is called _____.,semantics,phonetics,morphology,grammar,B,5
English,The letters of the alphabet that represent speech sounds are called _____.,phonetic symbols,orthography,grammar,semantics,A,5
English,The sound /p/ in “pen” is an example of a _____ sound.,voiced,voiceless,vowel,syllabic,B,5
English,The sound /b/ in “boy” is a _____ sound.,voiced,voiceless,nasal,fricative,A,5
English,The sound /m/ in “man” is a _____ sound.,plosive,fricative,nasal,liquid,C,5
English,The sound /f/ in “fish” is a _____ sound.,nasal,fricative,liquid,plosive,B,5
English,The sound /t/ in “top” is a _____ sound.,fricative,plosive,nasal,vowel,B,5
English,The sound /s/ in “sun” is a _____ sound.,plosive,fricative,nasal,liquid,B,5
English,The sound /l/ in “love” is a _____ sound.,lateral,plosive,fricative,nasal,A,5
English,The sound /r/ in “red” is a _____ sound.,plosive,trill,fricative,liquid,D,5
English,The vowel sound in “seat” is represented by _____.,/ɪ/,/iː/,/e/,/ɜː/,B,5
English,The vowel sound in “sit” is represented by _____.,/ɪ/,/iː/,/ʌ/,/æ/,A,5
English,The vowel sound in “cat” is represented by _____.,/ɜː/,/æ/,/aː/,/ɪ/,B,5
English,The vowel sound in “cup” is represented by _____.,/ɪ/,/ʌ/,/ɒ/,/aɪ/,B,5
English,The vowel sound in “ball” is represented by _____.,/ɒ/,/ɔː/,/aʊ/,/ə/,B,5
English,The diphthong in “boy” is represented by _____.,/aɪ/,/ɔɪ/,/eɪ/,/ɪə/,B,5
English,The diphthong in “fine” is represented by _____.,/eɪ/,/aɪ/,/aʊ/,/ɔɪ/,B,5
English,The diphthong in “loud” is represented by _____.,/aɪ/,/aʊ/,/ɔɪ/,/eə/,B,5
English,The vowel sound in “boat” is represented by _____.,/əʊ/,/aʊ/,/ɒ/,/eə/,A,5
English,The diphthong in “care” is represented by _____.,/eə/,/aʊ/,/ɪə/,/ɔɪ/,A,5
English,The diphthong in “here” is represented by _____.,/ɪə/,/eə/,/aɪ/,/ɔɪ/,A,5
English,The sound /ʃ/ occurs in the word _____.,chair,shoe,goat,jam,B,5
English,The sound /ʒ/ occurs in the word _____.,measure,church,fish,shop,A,5
English,The sound /tʃ/ occurs in the word _____.,chair,shoe,vision,leisure,A,5
English,The sound /dʒ/ occurs in the word _____.,jam,ship,shine,fish,A,5
English,The sound /θ/ occurs in the word _____.,this,thing,those,these,B,5
English,The sound /ð/ occurs in the word _____.,thing,thought,those,thick,C,5
English,The sound /ŋ/ occurs in the word _____.,sing,sit,sign,sand,A,5
English,The schwa sound /ə/ occurs in the word _____.,about,cat,ball,sit,A,5
English,The stress in the word “photograph” falls on the _____ syllable.,first,second,third,fourth,A,1
English,The stress in “photographer” falls on the _____ syllable.,first,second,third,fourth,C,5
English,The stress in “economy” falls on the _____ syllable.,first,second,third,fourth,B,5
English,The stress in “economic” falls on the _____ syllable.,first,second,third,fourth,C,5
English,Intonation refers to _____.,rhythm of speech,pitch variation,word meaning,grammar,B,5
English,Rising intonation is used in _____.,statements,commands,yes/no questions,exclamations,C,5
English,Falling intonation is used in _____.,questions,statements,requests,uncertain answers,B,5
English,The word “import” when used as a noun has stress on the _____ syllable.,first,second,third,none,A,5
English,The word “import” when used as a verb has stress on the _____ syllable.,first,second,third,none,B,5
English,The word “conduct” as a noun is stressed on the _____ syllable.,first,second,third,none,A,5
English,The word “conduct” as a verb is stressed on the _____ syllable.,first,second,third,none,B,5
English,The primary function of intonation is to _____.,change meaning,show feeling,form sentences,show stress,B,5
English,The sound /v/ is a _____ sound.,voiceless bilabial,voiced labiodental,voiceless alveolar,voiced plosive,B,5
English,The sound /k/ is a _____ sound.,voiceless velar plosive,voiced velar nasal,voiced alveolar fricative,voiceless bilabial stop,A,5
English,The sound /g/ is a _____ sound.,voiced velar plosive,voiced bilabial nasal,voiceless alveolar stop,voiced fricative,A,5
English,The sound /h/ is a _____ sound.,voiced alveolar,voiceless glottal,voiceless bilabial,voiced nasal,B,5
English,The sound /w/ in “we” is a _____ sound.,voiceless bilabial,voiced bilabial approximant,voiced nasal,voiceless fricative,B,5
English,The sound /j/ in “yes” is a _____ sound.,voiceless alveolar,voiced palatal approximant,voiced bilabial,voiceless glottal,B,5
English,Phonetic transcription helps learners to _____.,spell words,pronounce words correctly,write faster,read quietly,B,5
English,The symbol /θ/ represents the sound in which of these words?,thing,this,there,that,A,5
English,The word *lexis* refers to _____.,sentence formation,vocabulary or word choice,intonation,grammar,B,6
English,The word *structure* in English refers to _____.,sentence organization,spelling,intonation,reading speed,A,6
English,The correct form of the verb in “He _____ going now” is _____. ,is,are,am,were,A,8
English,Choose the correct option: She prefers tea _____ coffee.,to,than,and,with,A,4
English,Choose the correct expression: We arrived _____ the airport on time.,at,in,on,to,A,4
English,Choose the correct option: The car belongs _____ me.,to,for,with,of,A,4
English,Choose the correct preposition: He was born _____ June.,at,on,in,by,C,8
English,Choose the correct option: I am tired _____ this noise.,at,with,of,from,C,5
English,Choose the correct word: He congratulated me _____ my success.,at,for,on,of,C,4
English,Choose the correct expression: I am interested _____ football.,at,about,in,with,C,4
English,Choose the correct option: She is married _____ a lawyer.,with,to,by,for,B,4
English,Choose the correct word: The woman is proud _____ her daughter.,of,for,about,to,A,4
English,Choose the correct word: The man is responsible _____ the mistake.,of,for,to,with,B,8
English,Choose the correct option: Ade is different _____ Tunde.,from,to,with,of,A,4
English,Choose the correct word: The students complained _____ the noise.,at,on,about,for,C,4
English,Choose the correct expression: The boy is good _____ Mathematics.,in,at,on,about,B,4
English,Choose the correct preposition: He divided the food _____ two.,between,among,within,inside,A,8
English,Choose the correct word: The teacher is pleased _____ the result.,of,with,at,for,B,4
English,Choose the correct option: He depends _____ his parents.,in,at,on,of,C,8
English,Choose the correct phrase: The boy was accused _____ stealing.,of,for,with,at,A,4
English,Choose the correct expression: I am familiar _____ this topic.,to,for,with,of,C,4
English,Choose the correct option: The man is ashamed _____ his actions.,for,to,of,with,C,8
English,Choose the correct word: The girl is jealous _____ her friend.,to,of,about,for,B,4
English,Choose the correct option: The book is full _____ interesting stories.,of,with,from,on,A,4
English,Choose the correct phrase: He is capable _____ doing it.,of,to,for,about,A,4
English,Choose the correct word: I am satisfied _____ my performance.,for,with,about,by,B,4
English,Choose the correct expression: The lady was accused _____ lying.,of,to,for,about,A,4
English,Choose the correct phrase: The man insisted _____ paying the debt.,on,in,at,to,A,4
English,Choose the correct idiom: “To kick the bucket” means _____.,to die,to travel,to fight,to rest,A,4
English,Choose the correct idiom: “To spill the beans” means _____.,to tell a secret,to waste food,to cook beans,to cause trouble,A,4
English,Choose the correct idiom: “Once in a blue moon” means _____.,frequently,rarely,never,occasionally,B,4
English,Choose the correct idiom: “A blessing in disguise” means _____.,a hidden problem,a good thing that seemed bad,a bad omen,a big surprise,B,4
English,Choose the correct idiom: “Cut corners” means _____.,to do something badly to save effort,to design,make a turn,to improve work,A,4
English,Choose the correct idiom: “Break the ice” means _____.,to make people feel comfortable,to break glass,to end a fight,to stop talking,A,4
English,Choose the correct idiom: “Hit the nail on the head” means _____.,to say something exactly right,to build a house,to make a mistake,to speak softly,A,4
English,Choose the correct idiom: “Under the weather” means _____.,feeling ill,feeling happy,feeling excited,feeling rich,A,4
English,Choose the correct idiom: “Let the cat out of the bag” means _____.,to reveal a secret,to buy a cat,to tell a lie,to keep quiet,A,4
English,Choose the correct idiom: “Bite off more than you can chew” means _____.,take on too much work,eat too fast,be lazy,lose appetite,A,4
English,Choose the correct idiom: “Burn the midnight oil” means _____.,to read at night,to sleep late,to study late into the night,to switch off light,C,4
English,Choose the correct idiom: “Cost an arm and a leg” means _____.,very expensive,very cheap,very easy,very heavy,A,4
English,Choose the correct idiom: “To be in hot water” means _____.,to be in trouble,to be rich,to take a bath,to travel far,A,4
English,Choose the correct idiom: “A piece of cake” means _____.,something very easy,something very hard,something sweet,something small,A,4
English,Choose the correct idiom: “Add fuel to the fire” means _____.,to worsen a situation,to cook,to make peace,to cool down,A,4
English,Choose the correct idiom: “The ball is in your court” means _____.,it’s your decision,it’s my game,it’s someone’s fault,it’s over,A,4
English,Choose the correct idiom: “A bird in hand is worth two in the bush” means _____.,what you have is better than what you hope for,keep chasing more,don’t settle,be patient,A,4
English,Choose the correct idiom: “To cry over spilt milk” means _____.,to regret what can’t be changed,to shout loudly,to complain,to be lazy,A,4
English,Choose the correct idiom: “To hit the books” means _____.,to start studying,to close books,to fail exams,to go to school,A,4
English,Choose the correct idiom: “To see eye to eye” means _____.,to agree,to fight,to avoid,to misunderstand,A,4
English,Choose the correct idiom: “To pull someone’s leg” means _____.,to joke with them,to hurt them,to chase them,to deceive them,A,4
English,Choose the correct idiom: “To be on cloud nine” means _____.,to be very happy,to be very sad,to be confused,to be angry,A,4
English,Choose the correct idiom: “To get cold feet” means _____.,to become afraid,to feel cold,to start running,to fall asleep,A,4
English,Choose the correct idiom: “To make ends meet” means _____.,to earn enough to live,to close something,to argue,to stop work,A,4
English,The phrasal verb “give up” means _____.,to surrender,to donate,to continue,to rise,A,6
English,The phrasal verb “look after” means _____.,to search,to take care of,to watch,to follow,B,6
English,The phrasal verb “bring up” means _____.,to mention or raise a topic,to lift something,to grow something,to carry,A,6
English,The phrasal verb “turn down” means _____.,to reject,to reduce,to increase,to switch on,A,6
English,The phrasal verb “put off” means _____.,to delay,to stop,to turn off,to continue,A,6
English,The phrasal verb “call off” means _____.,to arrange,to cancel,to begin,to postpone,B,6
English,The phrasal verb “carry on” means _____.,to continue,to stop,to lift,to move,B,6
English,The phrasal verb “run into” means _____.,to collide with,to meet by chance,to escape,to chase,B,6
English,The phrasal verb “take off” means _____.,to remove clothes,to fly,to leave,to begin,A,6
English,The phrasal verb “break down” means _____.,to fail,to cry,to stop working,to fall,A,6
English,The phrasal verb “fill in” means _____.,to complete a form,to enter a room,to decorate,to explain,A,6
English,The phrasal verb “look for” means _____.,to watch,to search for,to take care,to wait,B,6
English,The phrasal verb “look forward to” means _____.,to expect something with pleasure,to turn around,to think of,to talk about,A,6
English,The phrasal verb “put out” means _____.,to extinguish,to light,to bring in,to remove,A,6
English,The phrasal verb “set out” means _____.,to start a journey,to sit down,to run fast,to plan,A,6
English,The phrasal verb “get up” means _____.,to rise from bed,to sleep,to kneel,to shout,A,6
English,The phrasal verb “bring back” means _____.,to return something,to take away,to forget,to call back,A,6
English,The phrasal verb “cut down” means _____.,to reduce,to increase,to raise,to add,A,6
English,The phrasal verb “give in” means _____.,to submit,to resist,to argue,to protest,A,6
English,The phrasal verb “hand over” means _____.,to transfer possession,to take from,to collect,to borrow,A,6
English,The synonym of *happy* is _____.,sad,joyful,angry,afraid,B,2
English,The synonym of *angry* is _____.,furious,calm,gentle,quiet,A,2
English,The synonym of *big* is _____.,tiny,small,large,short,C,2
English,The synonym of *beautiful* is _____.,ugly,pretty,plain,bad,B,2
English,The synonym of *brave* is _____.,bold,timid,fearful,weak,A,2
English,The synonym of *begin* is _____.,end,start,close,stop,B,6
English,The synonym of *buy* is _____.,sell,purchase,exchange,give,B,6
English,The synonym of *finish* is _____.,start,begin,end,open,C,6
English,The synonym of *fast* is _____.,quick,slow,steady,weak,A,2
English,The synonym of *rich* is _____.,poor,wealthy,greedy,stingy,B,2
English,The antonym of *love* is _____.,like,hate,care,help,B,7
English,The antonym of *early* is _____.,late,fast,soon,quick,A,7
English,The antonym of *strong* is _____.,hard,weak,firm,tough,B,7
English,The antonym of *short* is _____.,long,small,thin,wide,A,7
English,The antonym of *cheap* is _____.,costly,small,soft,free,A,7
English,The antonym of *accept* is _____.,refuse,receive,take,give,A,7
English,The antonym of *arrival* is _____.,coming,leaving,departure,meeting,C,7
English,The antonym of *success* is _____.,achievement,failure,progress,victory,B,7
English,The antonym of *open* is _____.,close,break,tear,lock,A,7
English,The antonym of *hot* is _____.,warm,cold,freezing,chilly,B,7
English,The synonym of *intelligent* is _____.,wise,dull,weak,slow,A,2
English,The synonym of *lazy* is _____.,idle,hardworking,active,serious,A,2
English,The synonym of *humble* is _____.,modest,proud,angry,quiet,A,2
English,The antonym of *polite* is _____.,kind,rude,soft,shy,B,7
English,The antonym of *empty* is _____.,blank,filled,open,shallow,B,7
English,The antonym of *difficult* is _____.,hard,easy,rough,strong,B,7
English,The synonym of *quickly* is _____.,slowly,fast,softly,gently,B,2
English,The synonym of *honest* is _____.,truthful,deceitful,cunning,silent,A,2
English,The antonym of *noise* is _____.,quiet,sound,loudness,voice,A,7
English,The synonym of *help* is _____.,assist,ignore,disturb,refuse,A,6
English,The antonym of *light* is _____.,bright,heavy,soft,dim,B,7
English,The synonym of *teacher* is _____.,pupil,instructor,student,learner,B,2
English,The antonym of *victory* is _____.,win,defeat,glory,achievement,B,7
English,The antonym of *friend* is _____.,partner,enemy,stranger,companion,B,7
English,The synonym of *beautiful* is _____.,handsome,pretty,fair,ugly,B,2
English,The synonym of *error* is _____.,mistake,truth,correction,right,A,2
English,The antonym of *honest* is _____.,faithful,false,truthful,real,B,2
English,The synonym of *reply* is _____.,answer,question,ask,report,A,2
English,The antonym of *soft* is _____.,tough,hard,strong,solid,B,7
English,The antonym of *weak* is _____.,feeble,strong,slow,shy,B,7
English,The synonym of *beginning* is _____.,start,end,finish,stop,A,6
English,The antonym of *clean* is _____.,clear,dirty,tidy,bright,B,7
English,The antonym of *success* is _____.,failure,progress,development,victory,A,7
English,The synonym of *angry* is _____.,furious,calm,quiet,cool,A,2
English,The antonym of *love* is _____.,hate,joy,care,trust,A,7
English,The synonym of *happy* is _____.,joyful,sad,quiet,angry,A,2
English,The antonym of *dark* is _____.,bright,black,dim,dull,A,7
English,The antonym of *deep* is _____.,shallow,low,wide,long,A,7
English,The synonym of *rich* is _____.,wealthy,poor,stingy,humble,A,2
English,The antonym of *new* is _____.,modern,ancient,old,latest,C,7
English,The synonym of *clever* is _____.,intelligent,slow,careless,lazy,A,2
English,The antonym of *empty* is _____.,full,blank,light,open,A,7
English,The synonym of *small* is _____.,tiny,huge,large,big,A,2
English,The antonym of *happy* is _____.,sad,excited,calm,kind,A,2
English,The synonym of *good* is _____.,fine,bad,ugly,wrong,A,2
English,The antonym of *tall* is _____.,short,low,long,deep,A,7
English,The synonym of *easy* is _____.,simple,hard,difficult,strong,A,2
English,A figure of speech is used to _____.,make language dull,add beauty and meaning,make writing confusing,repeat ideas,B,1
English,The expression “as brave as a lion” is an example of a _____.,metaphor,simile,personification,hyperbole,B,1
English,The expression “The world is a stage” is an example of a _____.,simile,metaphor,personification,alliteration,B,1
English,The statement “The sun smiled on us” is an example of _____.,simile,personification,metaphor,irony,B,1
English,The expression “He cried a river” is an example of _____.,metaphor,hyperbole,simile,personification,B,1
English,The phrase “The silence was deafening” is an example of _____.,paradox,metaphor,simile,irony,A,1
English,The statement “Honesty is the best policy” is a _____.,proverb,metaphor,idiom,simile,A,1
English,The expression “She sells seashells by the seashore” illustrates _____.,simile,alliteration,personification,metaphor,B,1
English,The phrase “The fire swallowed the house” is an example of _____.,metaphor,personification,simile,hyperbole,B,1
English,The statement “Time flies” is an example of _____.,personification,metaphor,hyperbole,simile,A,1
English,The expression “as white as snow” is an example of _____.,metaphor,simile,hyperbole,alliteration,B,1
English,The phrase “sweet sorrow” is an example of _____.,oxymoron,simile,personification,metaphor,A,1
English,The figure of speech in “The pen is mightier than the sword” is _____.,personification,metaphor,metonymy,irony,C,1
English,The expression “a sea of troubles” is an example of _____.,simile,metaphor,personification,idiom,B,1
English,The phrase “I have told you a thousand times” is an example of _____.,hyperbole,simile,personification,irony,A,1
English,The statement “He kicked the bucket” means _____.,he died,he fell,he kicked something,he shouted,A,1
English,The expression “a round square” is an example of _____.,paradox,oxymoron,metaphor,simile,B,1
English,The figure of speech in “He is the black sheep of the family” is a/an _____.,simile,idiom,metaphor,proverb,C,1
English,The expression “He fought like a lion” is a _____.,metaphor,simile,idiom,proverb,B,1
English,The phrase “The wind whispered” is an example of _____.,personification,hyperbole,metaphor,simile,A,1
English,The expression “as busy as a bee” is an example of _____.,metaphor,simile,idiom,irony,B,1
English,The statement “The news hit me like a ton of bricks” is a _____.,simile,hyperbole,metaphor,idiom,A,1
English,The figure of speech in “The stars danced in the sky” is _____.,metaphor,simile,personification,oxymoron,C,1
English,The phrase “as cold as ice” is an example of _____.,simile,metaphor,personification,paradox,A,1
English,The expression “He has a heart of stone” is a _____.,metaphor,simile,personification,idiom,A,1
English,The phrase “He eats like a pig” is a _____.,simile,metaphor,hyperbole,idiom,A,1
English,The figure of speech “Don’t bite the hand that feeds you” is a _____.,proverb,idiom,metaphor,hyperbole,A,1
English,The statement “The classroom was a zoo” is a _____.,personification,metaphor,simile,oxymoron,B,1
English,The figure of speech in “The thunder roared angrily” is _____.,personification,metaphor,simile,irony,A,1
English,The expression “as light as a feather” is a _____.,simile,metaphor,idiom,hyperbole,A,1
English,The figure of speech in “All that glitters is not gold” is a _____.,proverb,idiom,metaphor,hyperbole,A,1
English,The repetition of consonant sounds at the beginning of words is called _____.,alliteration,assonance,consonance,ellipsis,A,5
English,The repetition of vowel sounds in nearby words is called _____.,alliteration,assonance,consonance,onomatopoeia,B,5
English,The use of words that imitate sounds is called _____.,onomatopoeia,hyperbole,simile,irony,A,5
English,The statement “Boom! went the gun” is an example of _____.,alliteration,onomatopoeia,hyperbole,metaphor,B,1
English,The phrase “better late than never” is a _____.,proverb,idiom,metaphor,simile,A,7
English,The expression “He met his Waterloo” means _____.,he won a prize,he suffered defeat,he traveled far,he succeeded,B,1
English,The expression “to add insult to injury” means _____.,to make a bad situation worse,to apologize,to forgive,to repair,A,6
English,The phrase “as cool as a cucumber” means _____.,very calm,very cold,very hot,very angry,A,6
English,The expression “the handwriting on the wall” means _____.,a warning of trouble,a letter,a sign,a drawing,A,1
English,The figure of speech in “as blind as a bat” is a _____.,metaphor,simile,idiom,proverb,B,1
English,The phrase “He was buried in his books” is an example of _____.,metaphor,simile,idiom,hyperbole,A,1
English,The expression “She has eyes like a hawk” is a _____.,simile,metaphor,personification,hyperbole,A,1
English,The figure of speech in “as gentle as a dove” is a _____.,simile,metaphor,personification,idiom,A,1
English,The expression “Life is a journey” is a _____.,metaphor,simile,idiom,proverb,A,1
English,The statement “He ran faster than the wind” is a _____.,hyperbole,simile,idiom,metaphor,A,1
English,The expression “a wolf in sheep’s clothing” means _____.,a deceitful person,a kind man,a quiet person,a brave man,A,1
English,The phrase “as hard as rock” is a _____.,simile,metaphor,idiom,hyperbole,A,1
English,The statement “as black as coal” is a _____.,simile,metaphor,idiom,proverb,A,1
English,The figure of speech “A stitch in time saves nine” teaches _____.,delay is dangerous,hard work pays,help others,wait patiently,A,1
English,Reading comprehension helps to improve _____.,speaking,understanding,writing,acting,B,3
English,The main idea of a passage is _____.,the title,the most important point,the first line,the last sentence,B,3
English,Skimming is a reading technique used to _____.,read every word,find main ideas quickly,memorize text,analyze grammar,B,6
English,Scanning is used to _____.,find specific information,read slowly,analyze meanings,write summaries,A,6
English,The purpose of reading for gist is to _____.,get a general idea,understand details,memorize lines,analyze tone,A,6
English,The topic sentence of a paragraph usually appears at the _____.,beginning,middle,end,nowhere,A,3
English,To infer means to _____.,guess meaning from clues,read aloud,translate words,count sentences,A,6
English,The writer’s attitude in a passage is called the _____.,tone,theme,title,plot,A,3
English,The central message of a passage is the _____.,topic,theme,summary,thesis,B,1
English,The word that describes the writer’s choice of words is _____.,tone,style,theme,grammar,B,1
English,Active reading means _____.,reading passively,engaging with the text,reading quickly,memorizing lines,B,6
English,The best title for a passage should _____.,be short and relevant,be long and detailed,be funny,mention every detail,A,3
English,The main function of punctuation marks in reading is to _____.,indicate pauses and meaning,decorate text,replace words,shorten sentences,A,3
English,The word *synonym* means _____.,words with opposite meanings,words with similar meanings,words with same spelling,different words,B,2
English,The word *antonym* means _____.,words that sound alike,words with opposite meanings,words with same meaning,words with similar spelling,B,7
English,Good readers often _____.,ignore punctuation,predict meaning,skip paragraphs,read aloud always,B,3
English,The best way to increase vocabulary is by _____.,memorizing dictionary words,reading regularly,listening to songs,copying notes,B,6
English,Listening skills are important because they help us to _____.,speak less,understand others better,read faster,write correctly,B,5
English,Good listening requires _____.,attention and concentration,sleeping,interrupting others,looking away,A,5
English,Note-taking during listening helps to _____.,remember key points,forget details,avoid focus,read aloud,A,5
English,Barriers to good listening include _____.,noise and distraction,attention and focus,understanding and recall,good memory,A,5
English,The process of listening begins with _____.,interpreting,hearing,remembering,responding,B,5
English,Listening comprehension means _____.,understanding what is heard,reading silently,writing notes,copying answers,A,5
English,Paraphrasing means _____.,rewriting in your own words,copying the same words,reading aloud,translating language,A,6
English,The best way to answer comprehension questions is to _____.,read the questions first,ignore the passage,guess answers,memorize words,A,3
English,The difference between hearing and listening is _____.,listening requires attention,hearing is understanding,listening is passive,hearing is active,A,5
English,Silent reading helps a student to _____.,read faster,memorize better,speak louder,translate words,A,3
English,The skill of predicting outcomes in reading means _____.,guessing what will happen next,writing the ending,copying words,skipping lines,A,3
English,The act of dividing a passage into paragraphs helps to _____.,organize ideas,make it longer,confuse readers,fill space,A,3
English,The main difference between summary and paraphrase is that a summary is _____.,shorter,exactly same,translated,longer,A,3
English,The tone of a passage can be _____.,sad,angry,joyful,all of the above,D,1
English,Reading comprehension questions often test _____.,understanding and inference,spelling,grammar,handwriting,A,3
English,The best way to improve reading comprehension is to _____.,practice regularly,read once,avoid questions,read fast only,A,3
English,The opposite of active listening is _____.,passive listening,fast listening,deep listening,focused listening,A,5
English,Effective readers often _____.,take notes and summarize,skip details,read aloud always,avoid punctuation,A,3
English,The author’s purpose in a passage could be to _____.,inform,entertain,persuade,all of the above,D,3
English,Reading aloud helps to improve _____.,pronunciation and confidence,writing speed,listening skills,reading silently,A,3
English,One good habit of an effective listener is _____.,interrupting,maintaining eye contact,thinking of other things,speaking over others,B,5
English,The word *skim* in reading means to _____.,read quickly for main idea,read aloud slowly,memorize lines,find details,A,6
English,Essay writing is also known as _____.,composition,summary,letter,dialogue,A,3
English,The main purpose of essay writing is to _____.,express ideas,copy others,memorize text,translate,A,3
English,The opening paragraph of an essay is called the _____.,introduction,body,conclusion,summary,A,3
English,The last paragraph of an essay is called the _____.,ending,summary,conclusion,body,C,3
English,The main part of an essay that develops the ideas is the _____.,body,heading,introduction,summary,A,3
English,A good essay must have _____.,clear structure,unclear ideas,random thoughts,short sentences,A,3
English,The features of a good essay include _____.,clarity,coherence,unity,all of the above,D,3
English,The type of essay that tells a story is a _____ essay.,narrative,descriptive,expository,argumentative,A,3
English,The type of essay that describes something is called a _____ essay.,narrative,descriptive,argumentative,expository,B,3
English,An essay that explains how or why something happens is _____.,expository,argumentative,narrative,letter,A,3
English,An essay that tries to convince readers is a _____ essay.,narrative,argumentative,descriptive,expository,B,3
English,An informal letter is written to _____.,friends or relatives,government officials,editors,business partners,A,0
English,A formal letter is written to _____.,friends,relatives,officials,peers,C,0
English,An official letter should begin with _____.,Dear Sir/Madam,Hello friend,Hi there,Hey you,A,0
English,The address of the writer in a formal letter is written _____.,at the top right corner,at the bottom,at the center,anywhere,A,0
English,The date in a formal letter comes _____ the writer’s address.,before,after,below,beside,B,0
English,The salutation in a friendly letter is written as _____.,Dear Tolu,Dear Sir,Respected Madam,To Whom It May Concern,A,0
English,The closing of a formal letter is usually _____.,Yours faithfully,Yours sincerely,Best regards,From your friend,A,0
English,The closing of an informal letter is usually _____.,Yours sincerely,Yours faithfully,Your loving friend,Yours obediently,C,0
English,The subject of a formal letter should be written _____.,in capital letters,at the end,in small letters,nowhere,A,0
English,A report writing must include _____.,title,content,date,all of the above,D,3
English,The first paragraph of a report should state _____.,the purpose of the report,the writer’s name,an opinion,a question,A,3
English,The title of an essay should be _____.,short and clear,very long,irrelevant,complex,A,3
English,A descriptive essay mainly focuses on _____.,the senses and details,facts and arguments,opinions only,statistics,A,3
English,An argumentative essay must include _____.,points for and against,poems,stories,dialogues,A,3
English,A good paragraph should have a _____.,topic sentence,conclusion only,random idea,title only,A,3
English,The word *composition* means _____.,putting ideas together,reading stories,copying from text,memorizing,A,6
English,The tone of a formal letter should be _____.,respectful,rude,emotional,joking,A,0
English,The tone of an informal letter should be _____.,friendly,official,strict,technical,A,0
English,The use of paragraphs in essays helps to _____.,organize ideas,confuse readers,make it longer,add decoration,A,3
English,The phrase “Yours faithfully” is used when _____.,you don’t know the name of the person,you know the person,writing to a friend,writing an article,A,6
English,The phrase “Yours sincerely” is used when _____.,you know the name of the person,writing to strangers,writing reports,writing to editors,A,2
English,The body of a formal letter should be written in _____ paragraphs.,two or more,one,none,five,A,0
English,A story must be written in _____ order.,chronological,reverse,random,mixed,A,3
English,The title of a formal letter should be _____.,underlined,hidden,italicized,omitted,A,0
English,A narrative essay should contain _____.,characters,setting,plot,all of the above,D,3
English,An article is written mainly to _____.,inform or educate,chat with friends,entertain personally,advertise only,A,3
English,A good report should be _____.,clear and factual,opinionated,short and unclear,too emotional,A,3
English,A good speech should begin with _____.,a greeting and introduction,conclusion,examples only,a poem,A,1
English,Minutes of meeting usually include _____.,date,time,decisions,all of the above,D,1
English,Formal speeches are usually delivered to _____.,an audience,one person,friends only,teachers only,A,0
English,A short piece of writing about current issues in newspapers is called a _____.,article,story,poem,report,A,3
English,One feature of a good composition is _____.,unity of ideas,confusion,verbosity,irrelevance,A,1
English,A debate topic is always presented as a _____.,motion,poem,title,question,A,3
English,A letter to the editor belongs to the _____ type of writing.,formal,informal,friendly,descriptive,A,0
English,The abbreviation “P.S.” at the end of a letter stands for _____.,postscript,personal statement,public speech,paragraph summary,A,0
English,The word *vocabulary* refers to _____.,a person’s knowledge of words,grammar rules,essay writing,story telling,A,6
English,The process of forming new words from existing ones is called _____.,word formation,conjugation,inflection,translation,A,6
English,The word *careless* is formed by adding the suffix _____ to *care*.,-ful,-less,-ness,-ly,B,6
English,The word *unhappy* is formed by adding the prefix _____ to *happy*.,dis-,un-,mis-,in-,B,2
English,The word *teacher* is formed from *teach* by adding the suffix _____.,-ness,-er,-ful,-tion,B,6
English,The word *darkness* is formed from *dark* by adding the suffix _____.,-ly,-ness,-ful,-able,B,6
English,The word *quickly* is formed from *quick* by adding the suffix _____.,-er,-ly,-ness,-ful,B,6
English,The word *impossible* is formed by adding the prefix _____ to *possible*.,dis-,un-,in-,im-,D,6
English,The prefix *dis-* usually means _____.,not,again,without,very,A,6
English,The suffix *-ness* usually changes an adjective into a _____.,noun,verb,adverb,preposition,A,6
English,The prefix *re-* means _____.,again,not,opposite,too much,A,6
English,The word *rewrite* means _____.,to write again,to cancel,to write wrongly,to write less,A,6
English,The prefix *pre-* means _____.,before,after,around,within,A,6
English,The suffix *-ment* forms a _____.,verb,noun,adverb,adjective,B,6
English,The word *development* is a _____.,verb,noun,adverb,adjective,B,6
English,The word *beautiful* is a _____.,noun,adjective,adverb,verb,B,2
English,The adverb form of *quick* is _____.,quickly,quicker,quickest,quickness,A,6
English,The adjective form of *danger* is _____.,dangerous,dangerously,endanger,dangered,A,7
English,The noun form of *decide* is _____.,decision,deciding,decided,decisive,A,4
English,The adjective form of *create* is _____.,creation,creative,creatively,creator,B,6
English,The adjective form of *hope* is _____.,hopeful,hopeless,hopefully,hoping,A,2
English,The adverb form of *sad* is _____.,sadness,sadly,sadder,saddened,B,1
English,The noun form of *strong* is _____.,strength,strongly,strongness,stronger,A,6
English,The adjective form of *beauty* is _____.,beautiful,beautify,beautifully,beautified,A,2
English,The adverb form of *polite* is _____.,politely,politeness,politer,polity,A,2
English,The word *employment* comes from the verb _____.,employ,employee,employer,employment,A,6
English,The word *happiness* is derived from the adjective _____.,happy,happily,happier,happiness,A,2
English,The opposite of *legal* is _____.,illegal,dislegal,unlegal,nonlegal,A,7
English,The opposite of *possible* is _____.,impossible,nonpossible,unpossible,dispossible,A,7
English,The word *irregular* means _____.,not regular,too regular,more regular,regular,A,6
English,The word *careful* means _____.,full of care,without care,lack of care,careless,A,6
English,The word *careless* means _____.,without care,full of care,very caring,careful,A,6
English,The word *readable* means _____.,easy to read,hard to read,not written,being read,A,6
English,The prefix *anti-* means _____.,before,against,with,after,B,6
English,The prefix *auto-* means _____.,self,other,half,below,A,6
English,The prefix *bi-* means _____.,two,three,one,four,A,6
English,The prefix *tri-* means _____.,three,two,four,five,A,6
English,The word *childhood* is formed by adding the suffix _____.,-hood,-ship,-ment,-ness,A,6
English,The word *friendship* is formed by adding the suffix _____.,-hood,-ship,-ness,-able,B,6
English,The word *agreement* is formed by adding the suffix _____.,-tion,-ment,-ness,-er,B,6
English,The word *movement* is a _____.,noun,verb,adverb,adjective,A,6
English,The noun form of *advise* is _____.,advice,adviser,advising,advised,A,6
English,The verb form of *advice* is _____.,advise,adviser,advising,advised,A,6
English,The noun form of *arrive* is _____.,arrival,arriver,arriving,arrived,A,6
English,The adjective form of *fame* is _____.,famous,fameful,famed,fameless,A,2
English,The noun form of *choose* is _____.,choice,chooser,choosing,chosen,A,4
English,The adjective form of *sun* is _____.,sunny,sunned,sunning,sunlighted,A,1
English,The noun form of *strong* is _____.,strength,strongly,strongness,stronger,A,6
English,The adjective form of *danger* is _____.,dangerous,dangerously,endangered,dangered,A,7
English,The adjective form of *anger* is _____.,angry,angered,angrily,angerful,A,2
English,The noun form of *know* is _____.,knowledge,knowing,known,knower,A,6
English,The adjective form of *fool* is _____.,foolish,fooly,fooled,fooling,A,2
English,The noun form of *wise* is _____.,wisdom,wise,wisehood,wiseness,A,2
English,The adverb form of *careful* is _____.,carefully,careful,carelessly,carefuler,A,6
English,The adverb form of *quiet* is _____.,quietly,quietness,quieter,quieted,A,7
English,The adjective form of *use* is _____.,useful,used,useless,using,A,6
English,The adjective form of *noise* is _____.,noisy,noiseful,noiseless,noisehood,A,5
English,The noun form of *fail* is _____.,failure,failing,failed,failness,A,6
English,The word *builder* is formed from the verb _____.,build,built,building,builded,A,6
English,The word *singer* is formed from the verb _____.,sing,sang,sung,singing,A,6
English,The word *librarian* is formed from the noun _____.,library,liberation,liberty,librarium,A,6
English,The word *childish* means _____.,like a child,very mature,young person,childlike,A,6
English,The word *painful* means _____.,causing pain,without pain,full of joy,avoiding pain,A,6
English,The word *colourless* means _____.,without colour,full of colour,bright colour,painted,A,7
English,The prefix *sub-* means _____.,below,above,across,inside,A,6
English,The word *cooperate* means _____.,work together,work alone,work against,work slowly,A,6
English,The word *interact* means _____.,communicate with others,act alone,read together,sleep early,A,6
English,The word *preview* means _____.,see before,see after,view again,see clearly,A,6
English,The word *overcome* means _____.,succeed over,fail before,come early,finish work,A,6
English,The word *postpone* means _____.,delay,advance,start early,replace,A,6
English,The prefix *mis-* means _____.,wrongly,again,not,too much,A,6
English,The word *misunderstand* means _____.,understand wrongly,understand clearly,explain well,ignore meaning,A,6
English,The prefix *non-* means _____.,not,against,within,over,A,6
English,The suffix *-able* means _____.,capable of,full of,without,opposite of,A,6
English,The word *readable* means _____.,able to be read,unable to read,hard to read,not written,A,6
English,The suffix *-ist* refers to _____.,a person who practices something,an event,a place,a thing,A,6
English,The word *pianist* means _____.,a person who plays the piano,a piano maker,a piano shop,a song writer,A,6
English,The suffix *-tion* forms a _____.,noun,verb,adverb,adjective,A,6
English,The word *information* comes from the verb _____.,inform,informant,informer,informing,A,6
English,The word *education* comes from the verb _____.,educate,educator,educational,educating,A,6
English,The word *construction* comes from the verb _____.,construct,constructor,constructing,constructed,A,6
English,The word *creation* comes from the verb _____.,create,creator,creative,creating,A,6
English,The prefix *over-* means _____.,too much,too little,inside,before,A,6
English,The prefix *under-* means _____.,below,above,inside,beyond,A,6
English,The suffix *-ful* means _____.,full of,without,against,opposite of,A,6
English,The suffix *-less* means _____.,without,with,inside,around,A,6
English,The word *helpless* means _____.,without help,with help,helping,helpful,A,6
English,The word *helpful* means _____.,ready to help,without help,not kind,not caring,A,6
English,The word *endless* means _____.,without end,with an end,at the end,ending soon,A,6
English,An essay that tells a personal experience is called a _____ essay.,descriptive,narrative,argumentative,expository,B,3
English,An argumentative essay tries to _____.,convince the reader,present a story,describe a scene,define a concept,A,3
English,An expository essay is mainly written to _____.,explain or inform,entertain,describe,complain,A,3
English,The part of an essay that gives the writer’s opinion is the _____.,body,conclusion,introduction,summary,B,3
English,A narrative essay is usually written in the _____ person.,first,second,third,fourth,A,3
English,The major feature of a descriptive essay is the use of _____.,vivid details,arguments,statistics,quotations,A,3
English,An argumentative essay contains points both for and _____ the motion.,against,with,beside,around,A,3
English,An expository essay can also be called a/an _____ essay.,explanatory,creative,persuasive,fictional,A,3
English,Each paragraph in an essay should discuss _____.,one main idea,many unrelated ideas,a conclusion,definitions only,A,3
English,The use of good transitions in an essay helps to achieve _____.,coherence,confusion,repetition,disunity,A,3
English,The unity of ideas in an essay means _____.,all points relate to one central idea,each paragraph is different,there are random topics,each point stands alone,A,3
English,The concluding paragraph of an essay should _____.,summarize main points,introduce new ideas,disagree with earlier points,repeat everything,A,3
English,An article written for a school magazine is an example of a/an _____ essay.,expository,descriptive,argumentative,letter,A,3
English,The use of persuasive language is important in a/an _____ essay.,argumentative,descriptive,narrative,expository,A,3
English,Formal letters are written to _____.,official persons,relatives,friends,classmates,A,0
English,Informal letters are written to _____.,friends and relatives,government officials,editors,businessmen,A,0
English,A formal letter begins with the writer’s _____.,address,address of the receiver,name,title,A,0
English,The salutation in a formal letter is written as _____.,Dear Sir/Dear Madam,Dear friend,Hi,Hello,A,0
English,The body of a letter contains the _____.,main message,addresses only,closing remarks,complimentary close,A,0
English,The complimentary close of a formal letter is _____.,Yours faithfully,Yours lovingly,Yours sincerely,With love,A,0
English,The complimentary close of an informal letter is _____.,Yours sincerely,Yours faithfully,Yours truly,Yours obediently,A,0
English,The subject heading of a formal letter should be written in _____.,capital letters,italics,brackets,lowercase,A,0
English,The language of a formal letter should be _____.,polite and formal,harsh and commanding,informal and casual,emotional and joking,A,0
English,A good letter must be _____.,clear and concise,long and emotional,filled with idioms,very short,A,0
English,A report is a _____ account of an event.,factual,imaginary,fake,poetic,A,3
English,A good report should be written in the _____ tense.,past,present,future,conditional,A,3
English,The person who writes a report is called a _____.,reporter,reportee,writer,editor,A,3
English,An article written to persuade readers to accept a view is a/an _____ article.,editorial,informative,scientific,creative,A,3
English,A speech delivered to honour a dead person is called a _____.,tribute,eulogy,debate,toast,B,1
English,The audience of a formal speech should be addressed with _____.,respect,emotion,anger,sarcasm,A,0
English,The act of giving spoken information to a group of people is called a _____.,speech,debate,report,lecture,A,1
English,A speech of welcome is given at the _____ of a ceremony.,beginning,end,middle,after,B,1
English,A good paragraph should contain _____.,one central idea,many mixed ideas,a quotation,a proverb,A,3
English,The main clause in a complex sentence can stand _____.,on its own,with another clause,only with a verb,with a preposition,A,1
English,A subordinate clause cannot stand _____.,on its own,with another clause,independently,with a verb,A,1
English,A sentence that expresses a command is called an _____ sentence.,imperative,interrogative,exclamatory,declarative,A,1
English,A sentence that expresses a question is called an _____ sentence.,interrogative,declarative,imperative,complex,A,1
English,A sentence that shows strong feelings is an _____ sentence.,exclamatory,imperative,interrogative,assertive,A,1
English,An exclamatory sentence usually ends with an _____.,exclamation mark,apostrophe,comma,colon,A,1
English,The punctuation mark used at the end of a statement is a _____.,full stop,comma,colon,semicolon,A,1
English,The punctuation mark used to separate items in a list is the _____.,comma,colon,apostrophe,question mark,A,1
English,The punctuation mark used to show possession is the _____.,apostrophe,comma,colon,hyphen,A,1
English,The punctuation mark used in abbreviations is the _____.,full stop,comma,semicolon,bracket,A,0
English,The punctuation mark used in direct speech is the _____.,quotation mark,hyphen,colon,dash,A,1
English,The use of punctuation marks helps to _____.,clarify meaning,create confusion,make writing long,remove spelling,A,3
English,The figure of speech that compares two things using “like” or “as” is a _____.,simile,metaphor,personification,hyperbole,A,1
English,The figure of speech that gives human qualities to non-living things is _____.,personification,simile,metaphor,alliteration,A,1
English,The figure of speech that involves exaggeration is called _____.,hyperbole,irony,metaphor,simile,A,1
English,The figure of speech that compares two unlike things directly is a _____.,metaphor,simile,idiom,proverb,A,1
English,The repetition of consonant sounds at the beginning of words is called _____.,alliteration,assonance,consonance,onomatopoeia,A,5
English,The repetition of vowel sounds in nearby words is called _____.,assonance,alliteration,metaphor,hyperbole,A,5
English,The use of words that imitate sounds is called _____.,onomatopoeia,personification,metaphor,idiom,A,5
English,The opposite of “expand” is _____.,contract,extend,enlarge,develop,A,6
English,The opposite of “include” is _____.,exclude,combine,contain,allow,A,6
English,The opposite of “admit” is _____.,deny,accept,agree,permit,A,7
English,The opposite of “victory” is _____.,defeat,win,success,conquest,A,7
English,The opposite of “frequent” is _____.,rare,regular,constant,usual,A,7
English,The opposite of “arrival” is _____.,departure,entrance,visit,coming,A,7
English,The opposite of “ancient” is _____.,modern,old,antique,aged,A,7
English,The opposite of “brave” is _____.,cowardly,fearless,strong,bold,A,7
English,The opposite of “begin” is _____.,end,start,continue,open,A,7
English,The opposite of “bitter” is _____.,sweet,sour,hot,spicy,A,7
English,The word “beautiful” is an example of a/an _____.,adjective,noun,adverb,verb,A,1
English,The word “quickly” is an example of a/an _____.,adverb,adjective,verb,pronoun,A,1
English,The word “run” is an example of a/an _____.,verb,noun,adjective,pronoun,A,1
English,The word “honesty” is an example of a/an _____.,abstract noun,proper noun,verb,pronoun,A,1
English,The word “they” is a _____.,pronoun,adjective,adverb,preposition,A,1
English,The word “beneath” is a _____.,preposition,conjunction,adjective,pronoun,A,7
English,The word “and” is a _____.,conjunction,preposition,verb,adjective,A,1
English,The word “wow” is an example of an _____.,interjection,exclamation,preposition,adjective,A,1
English,The plural of “child” is _____.,children,childs,childes,child,A,4
English,The plural of “mouse” is _____.,mice,mouses,mouse,meese,A,1
English,The plural of “tooth” is _____.,teeth,tooths,toothes,tooth,A,6
English,The plural of “man” is _____.,men,man,manies,mans,A,8
English,The plural of “goose” is _____.,geese,gooses,geeses,goose,A,1
English,The comparative form of “good” is _____.,better,gooder,best,goodest,A,7
English,The superlative form of “bad” is _____.,worst,baddest,badder,badly,A,7
English,The comparative form of “beautiful” is _____.,more beautiful,beautifuller,most beautiful,beautifullest,A,2
English,The comparative of “much” is _____.,more,muchest,most,many,A,7
English,The opposite of “buy” is _____.,sell,borrow,take,give,A,7
English,The synonym of “huge” is _____.,enormous,small,tiny,little,A,2
English,The synonym of “intelligent” is _____.,smart,dull,slow,weak,A,2
English,The synonym of “happy” is _____.,joyful,sad,angry,moody,A,2
English,The synonym of “angry” is _____.,furious,calm,quiet,silent,A,2
English,The synonym of “brave” is _____.,courageous,afraid,weak,timid,A,2
English,The synonym of “honest” is _____.,truthful,lying,deceptive,false,A,2
English,The synonym of “cheap” is _____.,inexpensive,costly,expensive,valuable,A,7
English,The synonym of “reply” is _____.,answer,ask,question,refuse,A,2
English,The synonym of “permit” is _____.,allow,deny,refuse,stop,A,6
Mathematics,What is log₁₀(1000)?,1,2,3,4,C,6
Mathematics,The logarithm of 100 is equal to?,0,1,2,10,C,6
Mathematics,The integer part of log₁₀(745) is?,1,2,3,0,B,6
Mathematics,In standard form 0.00056 equals?,5.6 × 10⁻³,5.6 × 10⁻⁴,5.6 × 10⁻⁵,0.56 × 10⁻³,B,1
Mathematics,The antilogarithm of 2.3010 is approximately?,10,100,200,1000,B,6
Mathematics,Find the logarithm of 0.03.,–1.5229,–1.4771,–0.4771,1.4771,B,6
Mathematics,What is log₁₀(1)?,0,1,10,Undefined,A,6
Mathematics,Using the laws of logarithm log(ab) = ?,log(a) ÷ log(b),log(a) + log(b),log(a) – log(b),log(a × b),B,6
Mathematics,Which of the following represents the sum of logs correctly?,log(a × b) = log a + log b,log(a × b) = log a – log b,log(a × b) = log a × log b,log(a × b) = log(a ÷ b),A,6
Mathematics,If log₁₀(2) = 0.3010 find log₁₀(200).,1.3010,2.3010,3.3010,0.3010,B,6
Mathematics,The logarithm of a number less than one is always?,Positive,Zero,Negative,Undefined,C,6
Mathematics,0.00037 in standard form is?,3.7 × 10⁻⁴,3.7 × 10⁻⁵,37 × 10⁻⁴,0.037 × 10⁻²,A,1
Mathematics,Evaluate (4.72 × 10³) + (3.648 × 10³) in standard form.,8.368 × 10³,8.368 × 10⁴,7.348 × 10³,4.732 × 10³,A,1
Mathematics,What is the characteristic of log₁₀(0.025)?,–1,–2,0,1,B,6
Mathematics,The error in a measurement of 7.5 L to one decimal place is?,0.01,0.05,0.1,0.005,B,8
Mathematics,If a length of 2.8 m is measured to 2 s.f. find its percentage error.,0.5%,1.79%,1.0%,2.5%,B,8
Mathematics,When a number is measured to the nearest ten the error limit is?,±1,±5,±0.5,±10,B,8
Mathematics,A student measured the mass of an object as 62 kg to 2 s.f. The error is approximately?,±0.05 kg,±0.5 kg,±1.0 kg,±5.0 kg,B,8
Mathematics,A length of 500 m measured to the nearest 10 m has percentage error?,0.5%,0.1%,1%,5%,C,8
Mathematics,When a value is approximated to 1 decimal place the range is accurate to how many decimal places?,1,2,3,0,B,8
Mathematics,The range of 39.8 to 1 d.p is?,39.75 – 39.85,39.70 – 39.80,39.80 – 39.90,39.74 – 39.84,A,8
Mathematics,If the true value of a rod is 9.43 m and it was measured as 9.20 m find the percentage error.,2.44%,2.5%,1.9%,3.0%,A,8
Mathematics,The logarithm of 0.004 is approximately?,3.6021,3.3979,–2.3979,–3.3979,D,6
Mathematics,8750000 × 8900 ÷ 300.5 in standard form equals approximately?,2.59 × 10⁵,2.59 × 10⁶,2.59 × 10⁷,2.59 × 10⁸,C,1
Mathematics,The logarithmic expression log₁₀(aⁿ) = ?,n log₁₀(a),log₁₀(a)ⁿ,log₁₀(a + n),log₁₀(a/n),A,6
Mathematics,Which of these represents an error in measurement to 2 s.f. for 400 m?,±0.5 m,±5 m,±50 m,±100 m,B,8
Mathematics,Find the percentage error if a student measured 0.375 as 0.4.,6.7%,5%,7%,0.67%,A,8
Mathematics,In the number 4.83 × 10⁰ the value of the integer part of the logarithm is?,1,0,2,–1,B,6
Mathematics,The product of 4627 and 29.3 using logarithms is approximately?,13560,135600,135000,13600,B,6
Mathematics,0.037 can be expressed as 3.7 × 10⁻². Its logarithm is approximately?,1.5682,–1.5682,2.5682,–2.5682,D,6
Mathematics,Evaluate 7.113 × 10⁻⁵ – 8.13 × 10⁻⁶ in standard form.,6.3 × 10⁻⁵,5.3 × 10⁻⁵,6.0 × 10⁻⁶,6.3 × 10⁻⁶,A,1
Mathematics,The standard form of 0.005321 is?,5.321 × 10⁻³,5.321 × 10⁻⁴,0.5321 × 10⁻²,53.21 × 10⁻⁵,A,1
Mathematics,Evaluate √(3.6 × 10⁻³ ÷ 4 × 10⁻⁸) in standard form.,3 × 10²,3 × 10³,3 × 10⁴,3 × 10¹,A,1
Mathematics,The logarithm of 0.000197 is?,–3.2945,–4.2945,–2.2945,–1.2945,B,6
Mathematics,What is the reciprocal of 0.25 in standard form?,2 × 10⁰,4 × 10⁰,0.4 × 10¹,0.25 × 10²,B,1
Mathematics,A measurement is 6000 to the nearest hundred. Find its range.,5900 – 6100,5950 – 6050,5995 – 6005,5500 – 6500,B,8
Mathematics,A student found the weight of sugar as 8.0 g instead of 8.2 g. The percentage error is?,2.5%,2%,1.25%,0.5%,A,8
Mathematics,The logarithmic rule log(a/b) equals?,log a + log b,log a – log b,log a × log b,log a ÷ log b,B,6
Mathematics,Which of the following numbers has the highest logarithm?,10,100,0.1,0.001,B,6
Mathematics,Express 0.853 in logarithmic form.,2.9309,1.9309,–1.9309,–2.9309,D,6
Mathematics,Find log₁₀(7) correct to 4 decimal places.,0.8451,0.9031,0.7782,0.9542,A,6
Mathematics,Find antilog(3.8226).,0.06646,0.006646,66.46,0.6646,C,6
Mathematics,A number 2.5 × 10⁻³ + 3.2 × 10⁻² equals?,3.45 × 10⁻²,3.45 × 10⁻³,3.45 × 10⁻⁴,5.45 × 10⁻³,A,1
Mathematics,If the actual value is 2.8 and the measured value is 2.75 find the error.,+0.05,–0.05,±0.05,0.5,C,8
Mathematics,What is the meaning of “mantissa” in logarithm?,Fractional part of log,Whole part of log,Base number,Antilog value,A,6
Mathematics,If log(2) = 0.3010 find log(8).,0.9030,0.9031,0.6020,0.3010,B,6
Mathematics,In 10⁻² = 0.01 the –2 is called?,Coefficient,Mantissa,Characteristic,Base,C,1
Mathematics,Evaluate (0.1684)³ using logarithm tables (approx.).,0.005,0.0048,0.0057,0.0059,C,6
Mathematics,Find log₁₀(5) correct to 4 decimal places.,0.6989,0.6990,0.7000,0.6899,A,6
Mathematics,Simplify log₁₀(50) – log₁₀(2).,1.3979,1.3010,1.0000,1.2041,B,6
Mathematics,If log₁₀(7)=0.8451 and log₁₀(2)=0.3010 find log₁₀(14).,1.1461,1.2451,1.1462,1.2461,A,6
Mathematics,The number 0.00042 can be written in standard form as?,4.2 × 10⁻⁴,4.2 × 10⁻⁵,42 × 10⁻⁶,0.042 × 10⁻³,B,1
Mathematics,Convert 0.00083 to standard form.,8.3 × 10⁻⁴,8.3 × 10⁻⁵,83 × 10⁻⁶,0.83 × 10⁻³,A,1
Mathematics,If log₁₀(2)=0.3010 find log₁₀(40).,1.6020,1.6021,1.6990,1.6025,B,6
Mathematics,Find the value of log₁₀(0.5).,–0.3010,–1.3010,0.3010,1.3010,A,6
Mathematics,log₁₀(√100)=?,1,0.5,2,–1,B,6
Mathematics,If log₁₀(x)=2 find x.,10,100,1000,0.01,B,6
Mathematics,Find the antilog of 1.6021.,30,40,50,32,B,6
Mathematics,The value of log₁₀(10)=?,0,1,10,–1,B,6
Mathematics,Express 0.000096 in standard form.,9.6 × 10⁻⁵,9.6 × 10⁻⁶,0.96 × 10⁻⁴,96 × 10⁻⁷,A,1
Mathematics,Find log₁₀(2000).,3.3010,2.3010,1.3010,4.3010,A,6
Mathematics,What is the result of log₁₀(0.01)?,–2,–1,1,0,A,6
Mathematics,If log₁₀(3)=0.4771 and log₁₀(5)=0.6990 find log₁₀(15).,1.1761,1.1770,1.1762,1.1772,A,6
Mathematics,The logarithm of 0.0001 is?,–3,–4,–5,–2,B,6
Mathematics,If log₁₀(4)=0.6021 and log₁₀(2)=0.3010 find log₁₀(8).,0.9031,0.9030,0.9032,0.9040,A,6
Mathematics,Write 0.00000054 in standard form.,5.4 × 10⁻⁶,5.4 × 10⁻⁷,54 × 10⁻⁸,0.54 × 10⁻⁵,B,1
Mathematics,If log₁₀(25)=1.3979 find log₁₀(5).,0.6989,0.6990,0.7000,0.6899,A,6
Mathematics,Find log₁₀(50).,1.6989,1.6990,1.6980,1.6985,A,6
Mathematics,log₁₀(√10)=?,0.5,1,2,–0.5,A,6
Mathematics,If log₁₀(6)=0.7782 find log₁₀(60).,1.7782,0.7783,1.7780,1.7882,A,6
Mathematics,Find the logarithm of 0.0045.,–2.3468,–3.3468,–4.3468,–1.3468,B,6
Mathematics,Express 0.00507 in standard form.,5.07 × 10⁻³,5.07 × 10⁻⁴,0.507 × 10⁻³,50.7 × 10⁻⁵,B,1
Mathematics,Find log₁₀(1000) – log₁₀(10).,1,2,0,3,A,6
Mathematics,The logarithm of 1 is always?,0,1,undefined,negative,A,6
Mathematics,log₁₀(25) = ?,1.3979,1.3980,1.3989,1.3900,A,6
Mathematics,Find log₁₀(64) if log₁₀(2)=0.3010.,1.8060,1.8040,1.8061,1.8051,A,6
Mathematics,Find the value of x if log₁₀(x)=1.3010.,20,200,10,2,B,6
Mathematics,Find log₁₀(12) if log₁₀(3)=0.4771 and log₁₀(2)=0.3010.,1.0791,1.0792,1.0790,1.0781,A,6
Mathematics,Convert 0.000074 to standard form.,7.4 × 10⁻⁴,7.4 × 10⁻⁵,74 × 10⁻⁶,0.74 × 10⁻³,B,1
Mathematics,Find log₁₀(9) if log₁₀(3)=0.4771.,0.9542,0.9552,0.9540,0.9530,A,6
Mathematics,Find log₁₀(2.5).,0.3979,0.3980,0.3960,0.3990,A,6
Mathematics,If log₁₀(8)=0.9031 find log₁₀(80).,1.9031,1.9041,0.9031,2.9031,A,6
Mathematics,The antilog of 0 is?,1,10,0,0.1,A,6
Mathematics,Find antilog(2.6989).,500,200,300,400,A,6
Mathematics,Write 0.00052 in standard form.,5.2 × 10⁻⁴,5.2 × 10⁻⁵,52 × 10⁻⁶,0.52 × 10⁻³,A,1
Mathematics,Find log₁₀(32) if log₁₀(2)=0.3010.,1.5050,1.5051,1.5040,1.5060,B,6
Mathematics,Find the value of log₁₀(4) + log₁₀(25).,1.9999,2.0000,1.9990,2.0010,B,6
Mathematics,If log₁₀(2)=0.3010 find log₁₀(16).,1.2040,1.2039,1.2050,1.2030,A,6
Mathematics,Find log₁₀(0.002).,–2.6989,–3.6989,–1.6989,–0.6989,B,6
Mathematics,Find log₁₀(5) + log₁₀(4).,0.9999,1.0000,0.9990,1.0010,B,6
Mathematics,Find the number whose logarithm is 2.6021.,400,300,200,250,A,6
Mathematics,Find log₁₀(45) using log₁₀(9)=0.9542 and log₁₀(5)=0.6990.,1.6532,1.6542,1.6530,1.6531,A,6
Mathematics,The characteristic of log₁₀(0.007)=?,–3,–2,–1,0,A,6
Mathematics,Find log₁₀(70) if log₁₀(7)=0.8451.,1.8451,2.8451,0.8450,1.7451,A,6
Mathematics,Find antilog(1.1761).,15,20,10,25,A,6
Mathematics,Find log₁₀(2.5 × 10⁴).,4.3979,3.3979,5.3979,2.3979,A,6
Mathematics,Find the 5th term of an arithmetic progression with first term 3 and common difference 4.,15,17,19,20,B,2
Mathematics,In an A.P the 7th term is 20 and the 3rd term is 8 find the common difference.,2,3,4,5,C,2
Mathematics,Find the first term of an A.P whose 5th term is 17 and common difference 3.,2,3,4,5,A,2
Mathematics,If the first term of an A.P is 5 and common difference is 2 find the 10th term.,22,23,24,25,B,2
Mathematics,Find the sum of the first 10 terms of an A.P with first term 2 and common difference 3.,145,150,155,160,B,2
Mathematics,The nth term of an A.P is given by?,a + (n – 1)d,a – (n – 1)d,a × n,a ÷ n,A,2
Mathematics,The first term of an A.P is 7 and its 4th term is 16 find the common difference.,3,4,5,6,B,2
Mathematics,Find the sum of the first 20 terms of an A.P whose first term is 5 and common difference 2.,380,400,420,440,B,2
Mathematics,Find the 12th term of an A.P with a=10 and d=5.,65,70,75,80,B,2
Mathematics,If the sum of n terms of an A.P is 5n² + 3n find its first term.,8,5,3,7,C,2
Mathematics,Find the common difference of an A.P whose 5th term is 15 and 10th term is 30.,2,3,4,5,C,2
Mathematics,The 8th term of an A.P is 24 and the 2nd term is 12 find the first term.,0,1,2,3,B,2
Mathematics,Find the sum of first 15 terms of an A.P whose first term is 4 and common difference 3.,330,345,360,375,B,2
Mathematics,The 20th term of an A.P is 78 and the 5th term is 33 find the common difference.,3,3.5,4,4.5,C,2
Mathematics,If the 3rd term of an A.P is 9 and the 8th term is 24 find the first term.,0,1,2,3,B,2
Mathematics,The sum of the first 5 terms of an A.P is 75 find the mean of the series.,12,13,14,15,D,2
Mathematics,If a=2 and d=3 find the 9th term of the A.P.,26,27,28,29,B,2
Mathematics,The difference between successive terms in an arithmetic sequence is called?,Difference,Common difference,Gap,Interval,B,2
Mathematics,Find the 50th term of an A.P whose first term is 3 and common difference 2.,99,100,101,102,A,2
Mathematics,Find the 8th term of an A.P if the first term is –3 and common difference 5.,27,32,33,35,B,2
Mathematics,If the 1st term is 5 and 10th term is 50 find the common difference.,4,5,6,7,A,2
Mathematics,The sum of n terms of an A.P is 3n² + 2n find the 5th term.,30,31,32,33,C,2
Mathematics,Find the arithmetic mean between 12 and 28.,18,19,20,21,C,8
Mathematics,If the 6th term of an A.P is 14 and the 10th term is 26 find the common difference.,3,3.5,4,4.5,B,2
Mathematics,The nth term of an A.P is 2n + 3 find the first term.,3,4,5,6,B,2
Mathematics,Find the sum of the first 4 terms of an A.P whose nth term is 3n + 2.,38,39,40,41,C,2
Mathematics,The 9th term of an A.P is 23 and the 3rd term is 11 find the common difference.,1,2,3,4,B,2
Mathematics,Find the first term of an A.P whose 10th term is 45 and common difference is 5.,0,1,2,3,A,2
Mathematics,The sum of n terms of an A.P is given by?,S = n/2(2a + (n – 1)d),S = a + (n – 1)d,S = n(a + d),S = a × n,A,2
Mathematics,If the first term is 4 and common difference is 6 find the 11th term.,60,64,66,70,B,2
Mathematics,Find the 20th term of an A.P whose first term is 2 and common difference is 3.,59,60,61,62,B,2
Mathematics,The 5th term of an A.P is 17 and the 10th term is 32 find the 7th term.,23,24,25,26,B,2
Mathematics,The average of first and last term in an A.P equals?,Common difference,Arithmetic mean,Half sum,Middle term,B,2
Mathematics,If the sum of n terms of an A.P is 4n² + n find its 4th term.,16,17,18,19,C,2
Mathematics,If an A.P has a=7 and d=2 find the 15th term.,34,35,36,37,B,2
Mathematics,Find the 3rd term of an A.P whose first term is –5 and common difference is 4.,1,2,3,4,B,2
Mathematics,The 6th term of an A.P is 20 and the 2nd term is 8 find d.,2,3,4,5,C,2
Mathematics,If the nth term of an A.P is 5n + 1 find its 8th term.,40,41,42,43,B,2
Mathematics,Find the sum of the first 7 terms of an A.P with a=4 and d=3.,73,74,75,76,C,2
Mathematics,The 4th term of an A.P is 14 and the 8th term is 26 find d.,2,3,4,5,B,2
Mathematics,Find the 15th term of an A.P with a=2 and d=5.,72,73,74,75,B,2
Mathematics,The 12th term of an A.P is 35 and the 3rd term is 8 find d.,3,4,5,6,C,2
Mathematics,Find the 20th term of an A.P whose 4th term is 15 and common difference is 3.,60,61,62,63,A,2
Mathematics,If a=10 and d=5 find the 6th term of the A.P.,30,31,32,33,A,2
Mathematics,Find the sum of first 5 terms of an A.P with a=3 and d=2.,25,26,27,28,B,2
Mathematics,Find the 10th term of an A.P with a=4 and d=6.,58,60,62,64,B,2
Mathematics,The nth term of an A.P is 7n – 2 find t₁₀.,65,67,68,69,B,2
Mathematics,Find the 6th term of a GP with first term 3 and ratio 2.,96,192,48,384,A,4
Mathematics,If a GP has a=8 and r=1/2 what is the 4th term?,1,1.0,1.0,1.0,A,4
Mathematics,The nth term of a GP is given by?,ar^(n-1),a + (n-1)r,a × n,a ÷ n,A,4
Mathematics,Find the 4th term of GP with a=4 and r=3.,108,36,12,324,A,4
Mathematics,If first term is 16 and r=1/2 find the 5th term.,1,2,0.5,4,A,4
Mathematics,Sum to infinity exists for a GP when?,|r|<1,|r|>1,r=1,r=0,A,4
Mathematics,Sum to infinity of GP with a=5 and r=1/3 is?,7.5,7.5,7.5,7.5,A,4
Mathematics,If a GP has terms a and ar the geometric mean between them is?,√(a×ar),a+r,(a+ar)/2,(a×r)/2,A,4
Mathematics,If the 3rd term of a GP is 50 and r=5 find the first term.,2,0.2,10,5,C,4
Mathematics,The sum of a GP a + ar + ar^2 ... + ar^(n-1) equals?,a(1-r^n)/(1-r) for r≠1,a(1+r^n)/(1-r),a(1-r^n)/(1+r),a(r^n-1)/(r-1),A,4
Mathematics,Find r if the 2nd term is 12 and first term is 3 in a GP.,4,3,2,6,A,4
Mathematics,If a=7 and r=2 what is the 8th term?,896,896,896,896,A,4
Mathematics,Find the geometric mean of 4 and 36.,12,8,24,6,D,8
Mathematics,In a GP if r=0.5 and a=32 the sum to infinity is?,64,48,32,16,A,4
Mathematics,If the 4th term is 81 and r=3 find the first term.,1,3,9,27,C,4
Mathematics,If GP has a=81 and r=1/3 find the 3rd term.,9,3,1,27,A,4
Mathematics,Which of the following is not a GP?,2,4,8,12,D,4
Mathematics,If a GP has r=-2 and a=1 find the 3rd term.,4,-4,2,-2,A,4
Mathematics,Find r if first term is 4 and 5th term is 256 in GP.,4,3,2,5,A,4
Mathematics,Sum of first n terms of GP with r>1 equals?,a(r^n-1)/(r-1),a(1-r^n)/(1-r),a(n)(r),a+n,A,4
Mathematics,Find the 7th term of GP with a=2 and r=3.,1458,1458,1458,1458,A,4
Mathematics,Find the first term if GP has r=2 and 6th term is 64.,2,1,4,8,B,4
Mathematics,If a GP has a=0.5 and r=2 find the 4th term.,4,2,1,8,A,4
Mathematics,The product of first n terms of a GP with first term a and ratio r equals?,a^n r^{n(n-1)/2},a r^n,a^n r^n,a^{n-1} r^{n/2},A,4
Mathematics,Find the sum of GP 6 + 18 + 54 up to 4 terms.,246,162,234,324,A,4
Mathematics,If a GP has r=1 find the sum of first n terms equals?,na,0,a^n,1,A,4
Mathematics,Given GP where a=3 and sum to infinity is 6 find r.,1/2,1/3,2/3,1/4,A,4
Mathematics,Find the 5th term of GP with a=81 and r=1/3.,1,3,9,27,A,4
Mathematics,If GP terms are in ratio 1:2:4 find the 4th term if first is 5.,40,20,10,80,A,4
Mathematics,If second term is 10 and r=2 find first term.,5,20,2,8,A,4
Mathematics,Which GP has sum to infinity equal to 9 with a=6 find r.,1/3,1/2,1/4,2/3,A,4
Mathematics,Find r if a=2 and sum of first 3 terms is 14.,2,3,4,5,B,4
Mathematics,If the 2nd and 4th terms of a GP are 8 and 32 respectively find r.,2,4,1/2,3,A,4
Mathematics,Find the geometric mean between 2 and 32.,8,4,16,6,A,8
Mathematics,If GP has a=10 and r=-1 find the first 3 terms.,10,-10,10, -10,B,4
Mathematics,Find the sum of GP 5 + 15 + 45 + ... up to 3 terms.,65,75,45,35,B,4
Mathematics,For GP with a=2 and r=0.5 find sum to infinity.,4,2,1,8,A,4
Mathematics,Find the roots of x² – 5x + 6 = 0.,2 and 3,1 and 6,–2 and –3,–1 and –6,A,0
Mathematics,The discriminant of x² + 4x + 4 = 0 is?,0,4,8,16,A,0
Mathematics,If roots of ax² + bx + c = 0 are equal then?,b² = 4ac,b² < 4ac,b² > 4ac,a=0,A,0
Mathematics,Find the roots of x² + 7x + 10 = 0.,–5 and –2,5 and 2,–1 and –10,1 and 10,A,0
Mathematics,The sum of roots of 2x² + 3x – 5 = 0 is?,–3/2,3/2,5/2,–5/2,A,0
Mathematics,If x=3 and x=–2 are roots find the equation.,x² – x – 6 = 0,x² + x – 6 = 0,x² – x + 6 = 0,x² + x + 6 = 0,B,0
Mathematics,Find the product of roots of 3x² + 5x – 2 = 0.,–2/3,2/3,3/2,–3/2,A,0
Mathematics,Solve x² – 2x – 15 = 0.,5 and –3,–5 and 3,–3 and –5,3 and 5,A,0
Mathematics,Find roots of x² – 9 = 0.,3 and –3,0 and 9,–9 and 9,–3 and 3,A,0
Mathematics,If sum of roots = –b/a then for x² + 2x + 1 = 0 sum is?,–2,2,1,–1,A,0
Mathematics,For 4x² – 4x + 1 = 0 the nature of roots is?,Equal real roots,Distinct real roots,Complex roots,Rational roots,A,0
Mathematics,Find the roots of x² – 4x + 3 = 0.,1 and 3,3 and 4,2 and 3,1 and 2,C,0
Mathematics,Find discriminant of x² + 6x + 9 = 0.,0,9,18,36,A,0
Mathematics,If b² – 4ac < 0 the roots are?,Real and equal,Real and distinct,Imaginary,Zero,C,0
Mathematics,Solve 2x² – 3x – 5 = 0.,2.5 and –1,–2.5 and 1,1.25 and –2,–1.25 and 2,A,0
Mathematics,The roots of x² + 5x + 6 = 0 are?,–3 and –2,3 and 2,–6 and 1,6 and –1,A,0
Mathematics,Find sum of roots of x² – 7x + 10 = 0.,7,–7,–10,10,A,0
Mathematics,If roots of x² – 4x + 4 = 0 are equal then their value is?,2,–2,4,–4,A,0
Mathematics,Solve x² + 3x – 18 = 0.,3 and –6,6 and –3,9 and –2,–9 and 2,A,0
Mathematics,Find the product of roots of 2x² – 7x + 3 = 0.,3/2,–3/2,2/3,–2/3,A,0
Mathematics,If roots are 2 and 5 form the quadratic equation.,x² – 7x + 10 = 0,x² + 7x + 10 = 0,x² – 5x + 7 = 0,x² + 5x + 7 = 0,A,0
Mathematics,Find roots of x² + 2x – 8 = 0.,–4 and 2,4 and –2,8 and –1,–8 and 1,A,0
Mathematics,If x=–1 and x=–3 are roots the equation is?,x² + 4x + 3 = 0,x² – 4x + 3 = 0,x² + 4x – 3 = 0,x² – 4x – 3 = 0,A,0
Mathematics,The roots of 5x² + 3x – 2 = 0 are?,2/5 and –1,1/5 and –2/5,2 and –1/5,1 and –2,A,0
Mathematics,Find roots of x² – x – 6 = 0.,3 and –2,–3 and 2,–2 and –3,2 and 3,A,0
Mathematics,Find discriminant of 3x² + 2x + 1 = 0.,–8,–4,4,0,A,0
Mathematics,If b² – 4ac = 0 then the graph of quadratic touches the x-axis?,Once,Twice,Never,Thrice,A,0
Mathematics,Solve 3x² – 12x + 9 = 0.,1 and 3,2 and 3,4 and 3,–1 and –3,B,0
Mathematics,Find roots of x² + 10x + 25 = 0.,–5 and –5,5 and 5,–10 and –15,–2 and –8,A,0
Mathematics,The discriminant of x² + 2x + 5 = 0 is?,–16,16,–4,4,A,0
Mathematics,If roots are complex they occur in?,Pairs,Singles,Triples,Real numbers,A,0
Mathematics,Find the sum of roots of 3x² – 8x + 4 = 0.,8/3,–8/3,–4/3,4/3,A,0
Mathematics,Find product of roots of 4x² – 12x + 9 = 0.,9/4,–9/4,4/9,–4/9,A,0
Mathematics,Find roots of x² + 7x + 12 = 0.,–3 and –4,3 and 4,4 and –3,–4 and –3,A,0
Mathematics,Solve x² – 8x + 16 = 0.,4,–4,8,–8,A,0
Mathematics,Find roots of 2x² + x – 6 = 0.,1.5 and –2,–1.5 and 2,2 and –1.5,–2 and 1.5,A,0
Mathematics,Find the quadratic equation with roots 3 and –2.,x² – x – 6 = 0,x² + x – 6 = 0,x² – x + 6 = 0,x² + x + 6 = 0,B,0
Mathematics,The sum and product of roots of x² – 5x + 4 = 0 are?,5 and 4,–5 and –4,4 and 5,–4 and –5,A,0
Mathematics,The discriminant determines?,Nature of roots,Size of x,Value of a,Value of c,A,0
Mathematics,Solve 2x² + 3x – 9 = 0.,1.5 and –3,–1.5 and 3,3 and 1.5,–3 and –1.5,B,0
Mathematics,Find the roots of x² – 11x + 18 = 0.,9 and 2,6 and 3,7 and 4,5 and 6,A,0
Mathematics,The quadratic x² – 16 = 0 has roots?,±4,4,–4,0,A,0
Mathematics,The product of roots of x² + 5x + 6 = 0 equals?,6,5,11,30,A,0
Mathematics,Solve x² – 6x + 8 = 0.,4 and 2,–4 and –2,8 and 1,2 and 6,A,0
Mathematics,The discriminant of 5x² + 6x + 1 = 0 is?,16,11,6,36,A,0
Mathematics,Find sum of roots of x² + 9x + 18 = 0.,–9,9,18,–18,A,0
Mathematics,Find product of roots of x² + 9x + 18 = 0.,18,9,–18,–9,A,0
Mathematics,Solve 2x² – x – 3 = 0.,1.5 and –1,–1.5 and 1,–3 and 2,3 and –2,B,0
Mathematics,If one root of x² – 5x + k = 0 is 2 find k.,6,7,8,9,B,0
Mathematics,Find roots of 4x² + 4x + 1 = 0.,–0.5 and –0.5,0.5 and 0.5,–1 and –1,1 and 1,A,0
Mathematics,Simplify 2³ × 2².,2⁵,2⁶,2¹,2⁴,A,1
Mathematics,Express 9² × 9³ as a single power.,9⁵,9⁶,9⁴,9³,A,1
Mathematics,Simplify (3²)³.,3⁵,3⁶,3⁷,3⁸,B,1
Mathematics,Find the value of 10⁻².,0.01,0.1,10,1,A,0
Mathematics,Write 8⁰ in simplest form.,1,0,8,–1,A,1
Mathematics,Simplify 5⁴ ÷ 5².,5²,5³,5⁴,5⁶,A,1
Mathematics,Find x if 2ˣ = 8.,x=2,x=3,x=4,x=1,B,5
Mathematics,Express 1/9 as a power of 3.,3⁻²,3²,3⁻³,3⁻¹,A,1
Mathematics,Simplify (2³)⁴.,2⁷,2¹²,2⁶,2⁸,B,1
Mathematics,Simplify 7⁵ ÷ 7².,7³,7²,7⁴,7⁶,A,1
Mathematics,If 3ˣ = 81 find x.,2,3,4,5,C,5
Mathematics,Write 0.001 as a power of 10.,10⁻²,10⁻³,10⁻⁴,10⁻¹,B,1
Mathematics,Simplify (a²b³)².,a⁴b⁶,a³b⁴,a⁴b⁵,a⁵b⁶,A,1
Mathematics,Simplify 4⁵ ÷ 4².,4²,4³,4⁴,4⁵,B,1
Mathematics,Simplify (x³)².,x⁵,x⁶,x⁷,x⁴,B,1
Mathematics,Find the reciprocal of 2⁻³.,2³,2⁻³,1/8,8,A,1
Mathematics,Express 1/16 as a power of 2.,2⁻³,2⁻⁴,2⁻⁵,2⁻²,B,1
Mathematics,Find the value of 9^(1/2).,3,9,81,√9,A,1
Mathematics,Simplify √50.,5√2,2√5,10√2,25√2,A,1
Mathematics,Simplify √(49/64).,7/8,8/7,7/9,9/7,A,1
Mathematics,Find the square root of 81.,9,8,7,6,A,1
Mathematics,Simplify 3√8.,6√2,2√2,3√2,4√2,B,1
Mathematics,Simplify √72.,6√2,3√2,2√3,4√3,A,1
Mathematics,Find cube root of 27.,9,3,6,2,B,1
Mathematics,Express √48 in simplest form.,4√3,3√2,2√6,6√2,A,1
Mathematics,Simplify 1/√3.,√3/3,√3,1/3,3/A,A,1
Mathematics,Find the value of √(25/49).,5/7,7/5,25/7,7/25,A,1
Mathematics,Simplify √20 + √5.,√5(2+1),3√5,2√5,√25,B,1
Mathematics,Express 64^(1/2).,8,16,4,32,A,1
Mathematics,Find the cube root of 125.,4,5,6,3,B,1
Mathematics,Simplify 16^(3/4).,8,4,16,2,A,1
Mathematics,Simplify 27^(2/3).,6,9,3,12,B,1
Mathematics,Express √12 in surd form.,2√3,3√2,4√3,3√4,A,1
Mathematics,Find the value of 2⁰ + 3⁰.,1,2,3,4,B,3
Mathematics,Simplify (x²y³)³.,x⁶y⁹,x⁵y⁶,x⁴y⁷,x⁶y⁶,A,1
Mathematics,Find √(0.25).,0.2,0.25,0.5,0.75,C,1
Mathematics,Find √(49a²b⁴).,7ab²,49ab²,7a²b,14ab,A,1
Mathematics,If 5ˣ = 125 find x.,2,3,4,5,B,8
Mathematics,Express 0.0001 as a power of 10.,10⁻³,10⁻⁴,10⁻⁵,10⁻²,B,1
Mathematics,Simplify 3⁴ × 3⁻².,3²,3⁶,3⁴,3⁰,A,1
Mathematics,Find value of 81^(1/4).,3,4,9,2,A,1
Mathematics,Simplify (x³)⁴ ÷ (x⁵)².,x²,x³,x⁴,x⁰,D,1
Mathematics,If (2ˣ)(2³)=2⁷ find x.,3,4,5,6,B,1
Mathematics,Find √(121).,9,10,11,12,C,1
Mathematics,Simplify √(x²).,|x|,x²,x,x³,A,1
Mathematics,Find value of (3/4)⁻².,16/9,9/16,4/9,3/16,A,1
Mathematics,Simplify √(45).,3√5,5√3,2√5,6√3,A,1
Mathematics,Simplify (√3)².,3,6,9,√3,A,1
Mathematics,Simplify (5a²b³)².,25a⁴b⁶,25a²b³,5a³b²,50a⁴b⁵,A,1
Mathematics,Solve x² = 4x – 3.,x=1 or 3,x=–1 or 3,x=2 or 3,x=–3 or 1,B,0
Mathematics,Find x if y = x² and y = 6 – x.,x=2 and x=3,x=1 and x=5,x=2 and x=4,x=1 and x=4,A,5
Mathematics,If y = x² – 4 and y = 2x + 2 find x.,x=–3 or 2,x=–2 or 3,x=–1 or 4,x=–4 or 1,B,5
Mathematics,Solve x² = 2x + 3 using algebra.,x=3 and –1,x=1 and –3,x=–2 and 3,x=2 and –3,A,0
Mathematics,If y = x² – 2x – 3 and y = 2x + 1 find x.,x=–1 or 4,x=–3 or 2,x=–2 or 3,x=–4 or 1,A,5
Mathematics,Solve y = x² – 3 and y = 2x – 1.,x=–1 or 2,x=1 or 2,x=–2 or 3,x=–3 or 1,A,5
Mathematics,Find x when y = x² – 5x + 4 and y = 2x – 2.,x=1 or 4,x=2 or 5,x=1 or 6,x=2 or 3,A,5
Mathematics,If y = x² – x – 2 and y = 2x – 3 find x.,x=1 and 2,x=2 and 3,x=–1 and 3,x=–2 and 1,C,5
Mathematics,Solve x² – 2x – 8 = 0 using graphical method.,x=–2 and 4,x=–4 and 2,x=–3 and 5,x=–5 and 3,A,0
Mathematics,The intersection of y = x² and y = x + 6 gives x= ?,x=2 and –3,x=3 and –2,x=4 and –2,x=2 and –4,B,5
Mathematics,Find x if y = x² – 4x + 3 and y = 2x – 1.,x=1 and 4,x=1 and 3,x=2 and 4,x=2 and 3,B,5
Mathematics,The roots of y = x² – 2x – 15 = 0 using graph are?,–3 and 5,–2 and 7,–5 and 3,–4 and 6,A,0
Mathematics,Find the values of x for which y = x² – 4x – 5 = 0.,x=5 and –1,x=4 and –2,x=2 and –5,x=6 and –3,A,5
Mathematics,Find x where y = x² + x – 6 crosses the x-axis.,x=2 and –3,x=3 and –2,x=1 and –6,x=2 and 3,A,5
Mathematics,If y = x² – 4 and y = 3x – 5 find x.,x=1 and 2,x=2 and 3,x=1 and 4,x=1 and 3,D,5
Mathematics,Solve y = x² – 2x – 3 graphically.,x=–1 and 3,x=–2 and 3,x=–1 and 2,x=–3 and 1,A,5
Mathematics,The axis of symmetry of y = x² – 4x + 3 is?,x=2,x=3,x=1,x=4,A,5
Mathematics,Find x where y = x² – 3x + 2 cuts the x-axis.,x=1 and 2,x=2 and 3,x=–1 and 2,x=1 and 3,A,5
Mathematics,Find the x-intercepts of y = x² – 9.,x=3 and –3,x=0 and 3,x=–1 and 3,x=–3 and 2,A,5
Mathematics,Find x-values where y = x² – 5x + 6 = 0.,x=2 and 3,x=1 and 5,x=3 and 4,x=1 and 4,A,0
Mathematics,If y = x² – 4x + 2 find axis of symmetry.,x=2,x=3,x=1,x=4,A,5
Mathematics,The minimum value of y = x² – 6x + 8 is?,–1,0,2,3,A,5
Mathematics,The line y = 2x + 3 and parabola y = x² intersect at how many points?,2,1,3,0,A,5
Mathematics,Find y-intercept of y = x² + 2x – 3.,–3,3,–2,2,A,5
Mathematics,Find the number of roots of y = x² – 3x + 2 = 0.,2,1,0,3,A,0
Mathematics,Find x-values where y = x² – 5x + 4 = 0.,x=1 and 4,x=2 and 3,x=1 and 5,x=2 and 4,A,0
Mathematics,If y varies directly as x and y=10 when x=5 find y when x=8.,12,14,16,18,C,5
Mathematics,When y varies directly as x and y=6 when x=4 find x when y=9.,5,6,7,8,B,5
Mathematics,If y varies directly as x and y=15 when x=3 find the constant of variation.,3,4,5,6,C,5
Mathematics,If y ∝ x then y/x is?,Constant,Variable,Increasing,Zero,A,5
Mathematics,When y varies directly as x and y=12 when x=4 find y when x=10.,25,28,30,35,C,5
Mathematics,If y varies inversely as x and y=6 when x=8 find y when x=12.,4,3,5,2,A,5
Mathematics,If y varies inversely as x and y=9 when x=2 find x when y=3.,3,4,5,6,B,5
Mathematics,If y ∝ 1/x and y=10 when x=2 find y when x=5.,2,3,4,5,B,5
Mathematics,When y varies inversely as x and y=8 when x=3 find y when x=6.,4,3,2,1,A,5
Mathematics,If y varies inversely as x and y=15 when x=4 find x when y=5.,6,10,8,12,C,5
Mathematics,If y varies jointly as x and z and y=24 when x=2 and z=6 find y when x=4 and z=9.,72,80,84,108,D,5
Mathematics,If y varies directly as x² and y=50 when x=5 find y when x=10.,150,200,400,500,C,5
Mathematics,When y varies as x² and y=18 when x=3 find x when y=72.,6,7,8,9,A,5
Mathematics,If y varies inversely as the square of x and y=4 when x=2 find y when x=4.,1,2,3,4,A,5
Mathematics,If y ∝ 1/x² and y=50 when x=2 find y when x=5.,8,10,12,20,B,5
Mathematics,When y varies as x² and y=9 when x=3 find y when x=6.,27,36,54,81,D,5
Mathematics,If y varies as 1/x and y=8 when x=2 find y when x=4.,2,4,6,8,B,5
Mathematics,If y varies inversely as √x and y=20 when x=4 find y when x=9.,10,12,14,15,A,5
Mathematics,If y ∝ x and y=25 when x=5 find y when x=8.,35,38,40,42,C,5
Mathematics,When y varies inversely as x and y=12 when x=4 find x when y=6.,6,7,8,9,C,5
Mathematics,If y varies directly as the cube of x and y=64 when x=2 find y when x=3.,192,216,256,300,B,5
Mathematics,If y varies as x³ and y=27 when x=3 find y when x=6.,108,162,216,324,C,5
Mathematics,If y ∝ 1/x³ and y=64 when x=2 find y when x=4.,8,16,24,32,A,5
Mathematics,If y varies inversely as x³ and y=81 when x=3 find y when x=9.,3,4,2,1,A,5
Mathematics,If y varies inversely as √x and y=10 when x=9 find y when x=25.,6,7,8,9,C,5
Mathematics,If y ∝ x³ and y=125 when x=5 find y when x=10.,500,800,1000,2000,C,5
Mathematics,If y varies inversely as the square of x and y=10 when x=2 find y when x=5.,2,3,4,5,A,5
Mathematics,If y ∝ 1/x² and y=16 when x=2 find x when y=4.,3,4,6,8,B,5
Mathematics,If y varies as x² and y=16 when x=4 find y when x=8.,32,48,64,128,D,5
Mathematics,If y ∝ 1/x and y=24 when x=3 find x when y=8.,6,7,8,9,C,5
Mathematics,If y varies inversely as the cube of x and y=8 when x=2 find y when x=4.,1,2,3,4,A,5
Mathematics,If y ∝ x² and y=20 when x=2 find x when y=80.,3,4,5,6,C,5
Mathematics,If y ∝ x³ and y=54 when x=3 find the constant.,2,3,4,6,B,5
Mathematics,When y varies inversely as √x and y=12 when x=9 find y when x=4.,18,20,24,27,A,5
Mathematics,If the mean of 5 numbers is 8 find their total sum.,30,35,40,45,C,8
Mathematics,Find the mean of first 5 even numbers.,4,5,6,7,C,8
Mathematics,The modal class in a frequency table is the class with?,Highest frequency,Lowest frequency,Middle value,Smallest class,A,8
Mathematics,Find the mean of first five natural numbers.,2,3,4,5,B,8
Mathematics,If mean of 4 numbers is 6 find sum.,18,20,22,24,B,8
Mathematics,Find the mean of first 10 natural numbers.,4,5,5.5,6,C,8
Mathematics,Find the probability of getting an even number when a die is thrown.,1/2,1/3,1/4,2/3,A,8
Mathematics,Find the probability of getting a prime number on a fair die.,1/2,1/3,1/6,2/3,A,8
Mathematics,Find probability of getting a number less than 4 on a die.,1/3,1/2,1/4,2/3,A,8
Mathematics,Find probability of getting tail when a coin is tossed.,1/2,1/3,1/4,2/3,A,8
Mathematics,Probability of getting an odd number on a die is?,1/2,1/3,1/6,2/3,A,8
Mathematics,Probability of getting head or tail when coin is tossed is?,1,1/2,1/3,1/4,A,8
Mathematics,Find probability of getting 5 or 6 on a die.,1/3,1/2,1/4,2/3,B,8
Mathematics,Find probability of picking red ball from 2 red and 3 blue.,2/5,3/5,1/5,4/5,A,8
Mathematics,Probability of drawing an ace from 52 cards is?,1/13,1/26,1/52,1/12,A,8
Mathematics,Find probability of drawing a king or queen from 52 cards.,1/26,2/26,1/13,1/52,C,8
Mathematics,Probability of getting an odd number from 1 to 10 is?,1/2,1/3,1/4,2/3,A,8
Mathematics,Find probability of choosing even number from 1–20.,1/2,1/3,2/3,1/4,A,8
Mathematics,Find number of outcomes when a die is thrown twice.,6,12,18,36,D,8
Mathematics,The number of permutations of 5 objects taken 2 at a time is?,20,10,15,25,A,8
Mathematics,Find the number of combinations of 5 objects taken 2 at a time.,10,20,15,25,A,8
Mathematics,If nPr = 20 and nCr = 10 find r.,2,3,4,5,A,4
Mathematics,The number of permutations of the word CAT is?,3,6,9,12,B,8
Mathematics,Number of permutations of 4 different books on a shelf is?,12,16,20,24,D,8
Mathematics,Find 5P3.,30,40,50,60,A,4
Mathematics,Find 6C2.,12,14,15,20,C,4
Mathematics,Find 4C2.,4,5,6,7,C,4
Mathematics,Find 5C2.,10,15,20,25,A,4
Mathematics,Find number of ways of selecting 2 students from 10.,30,40,45,50,C,8
Mathematics,Find number of ways to arrange letters in the word MATH.,24,25,26,28,A,8
Mathematics,Find 4P2.,8,10,12,16,C,4
Mathematics,Probability of getting no head in 3 coin tosses is?,1/8,1/4,1/2,3/8,A,8
Mathematics,Find 6P3.,60,120,180,240,B,4
Mathematics,Find 7C3.,25,30,35,40,C,4
Mathematics,Find 8C2.,24,26,28,36,A,4
Mathematics,Number of permutations of 6 distinct letters taken 4 at a time is?,120,360,720,840,B,8
Mathematics,Find 10C4.,210,220,230,240,A,4
Mathematics,Find 9C3.,60,70,80,90,B,4
Mathematics,Find 5P2.,10,15,20,25,B,4
Mathematics,Number of permutations of 4 digits from 0–9 is?,1000,5040,3024,2100,C,8
Mathematics,Find number of ways 3 students can sit in 3 chairs.,3,4,6,9,C,8
Mathematics,Find 7P2.,42,49,56,63,A,4
Mathematics,Find 6C3.,15,16,17,18,A,4
Mathematics,Find number of ways 4 people can be arranged in 4 seats.,12,16,20,24,D,8
Mathematics,Find the probability of drawing a heart from a deck of cards.,1/4,1/13,1/26,1/52,A,8
Mathematics,Find the probability of drawing a black card from a deck of 52 cards.,1/2,1/4,1/13,1/26,A,8
Mathematics,Find the area of a rectangle of length 8 cm and breadth 6 cm.,36 cm²,42 cm²,48 cm²,54 cm²,C,7
Mathematics,Find the perimeter of a rectangle with length 10 cm and breadth 4 cm.,20 cm,24 cm,26 cm,28 cm,B,7
Mathematics,The area of a square of side 5 cm is?,20 cm²,25 cm²,30 cm²,35 cm²,B,7
Mathematics,Find the perimeter of a square of side 9 cm.,27 cm,36 cm,45 cm,54 cm,B,7
Mathematics,Find the circumference of a circle with radius 7 cm (take π=22/7).,38 cm,40 cm,44 cm,48 cm,C,7
Mathematics,Find the area of a circle of radius 3 cm (π=3.142).,28.26 cm²,30 cm²,35 cm²,38 cm²,A,7
Mathematics,Find the diameter of a circle with circumference 44 cm (π=22/7).,12 cm,13 cm,14 cm,15 cm,C,7
Mathematics,Find the radius of a circle whose area is 154 cm² (π=22/7).,5 cm,6 cm,7 cm,8 cm,C,7
Mathematics,Find the area of a triangle with base 10 cm and height 6 cm.,20 cm²,25 cm²,30 cm²,40 cm²,C,7
Mathematics,Find the volume of a cube with edge 4 cm.,48 cm³,54 cm³,64 cm³,72 cm³,C,7
Mathematics,Find the total surface area of a cube with edge 5 cm.,125 cm²,100 cm²,150 cm²,75 cm²,B,7
Mathematics,Find the area of a parallelogram with base 12 cm and height 8 cm.,90 cm²,92 cm²,94 cm²,96 cm²,D,7
Mathematics,Find the volume of a cylinder with radius 7 cm and height 10 cm (π=22/7).,1320 cm³,1386 cm³,1400 cm³,1500 cm³,B,7
Mathematics,Find the curved surface area of a cylinder of radius 7 cm and height 10 cm.,420 cm²,440 cm²,440 cm²,480 cm²,A,7
Mathematics,Find the volume of a sphere with radius 3 cm (π=3.142).,110 cm³,113 cm³,120 cm³,130 cm³,B,7
Mathematics,Find the total surface area of a sphere with radius 7 cm (π=22/7).,600 cm²,616 cm²,620 cm²,630 cm²,B,7
Mathematics,Find the area of a rhombus with diagonals 8 cm and 6 cm.,20 cm²,22 cm²,24 cm²,26 cm²,C,7
Mathematics,Find the volume of a cone with radius 7 cm and height 9 cm (π=22/7).,460 cm³,462 cm³,465 cm³,468 cm³,B,7
Mathematics,Find the curved surface area of a cone with radius 7 cm and slant height 10 cm.,200 cm²,210 cm²,220 cm²,230 cm²,B,7
Mathematics,Find the total surface area of a cylinder with radius 7 cm and height 10 cm.,734 cm²,748 cm²,754 cm²,764 cm²,A,7
Mathematics,Find the area of a sector of a circle radius 7 cm and angle 90° (π=22/7).,38.5 cm²,40 cm²,42 cm²,45 cm²,A,7
Mathematics,Find the length of the arc of a circle with radius 7 cm and angle 60°.,7.33 cm,7.5 cm,8 cm,8.5 cm,A,7
Mathematics,Find the area of a square whose diagonal is 14 cm.,80 cm²,90 cm²,98 cm²,100 cm²,C,7
Mathematics,Find the height of a triangle whose area is 30 cm² and base is 10 cm.,5 cm,6 cm,7 cm,8 cm,B,7
Mathematics,Find the perimeter of a rectangle whose area is 96 cm² and length 12 cm.,28 cm,30 cm,32 cm,34 cm,C,7
Mathematics,Find the area of a circle with diameter 14 cm (π=22/7).,150 cm²,153.86 cm²,155 cm²,160 cm²,B,7
Mathematics,Find the radius of a circle whose circumference is 66 cm (π=22/7).,9 cm,10 cm,10.5 cm,11 cm,C,7
Mathematics,Find the perimeter of a square with area 49 cm².,28 cm,24 cm,20 cm,32 cm,A,7
Mathematics,Find the volume of a prism with base area 20 cm² and height 12 cm.,220 cm³,230 cm³,240 cm³,250 cm³,C,7
Mathematics,Find the total surface area of a cube with edge 4 cm.,96 cm²,100 cm²,104 cm²,108 cm²,A,7
Mathematics,Find the area of an equilateral triangle with side 6 cm.,15.6 cm²,15.8 cm²,15.9 cm²,16 cm²,A,7
Mathematics,Find the area of a circle whose circumference is 44 cm.,154 cm²,160 cm²,165 cm²,170 cm²,A,7
Mathematics,Find the radius of a circle with area 616 cm² (π=22/7).,12 cm,13 cm,14 cm,15 cm,C,7
Mathematics,Find the height of a cone with volume 462 cm³ and radius 7 cm.,8 cm,9 cm,10 cm,11 cm,B,7
Mathematics,Find the volume of a hemisphere of radius 7 cm (π=22/7).,718 cm³,720 cm³,718.67 cm³,719 cm³,C,7
Mathematics,Find the surface area of a hemisphere of radius 7 cm (π=22/7).,308 cm²,312 cm²,314 cm²,320 cm²,C,7
Mathematics,Find the slant height of a cone of radius 5 cm and height 12 cm.,11 cm,12 cm,13 cm,14 cm,C,7
Mathematics,Find the perimeter of a semicircle of radius 7 cm (π=22/7).,36 cm,37 cm,38 cm,39 cm,A,7
Mathematics,Find the area of a circle whose radius is 10 cm (π=3.142).,310 cm²,314.2 cm²,320 cm²,330 cm²,B,7
Mathematics,Find the area of a parallelogram with base 9 cm and height 8 cm.,60 cm²,64 cm²,70 cm²,72 cm²,D,7
Mathematics,Find the volume of a cone whose base radius is 3.5 cm and height 9 cm.,115 cm³,116 cm³,115.5 cm³,120 cm³,C,7
Mathematics,Find the area of a triangle with base 12 cm and height 5 cm.,25 cm²,30 cm²,32 cm²,35 cm²,B,7
Mathematics,Find the area of a rhombus with diagonals 10 cm and 8 cm.,35 cm²,38 cm²,39 cm²,40 cm²,D,7
Mathematics,Find the volume of a sphere whose diameter is 14 cm.,1420 cm³,1430 cm³,1436 cm³,1440 cm³,C,7
Mathematics,Find the area of a sector with radius 14 cm and angle 60° (π=22/7).,102.67 cm²,103 cm²,104 cm²,105 cm²,A,7
Mathematics,Find the volume of a cylinder whose height is 10 cm and diameter 14 cm (π=22/7).,1536 cm³,1539 cm³,1540 cm³,1545 cm³,B,7
Mathematics,Find the area of a square with diagonal 10 cm.,48 cm²,49 cm²,50 cm²,51 cm²,C,7
Mathematics,If sinθ=3/5 find cosθ.,4/5,5/4,3/4,2/5,A,3
Mathematics,If cosθ=4/5 find sinθ.,3/5,4/5,2/5,1/5,A,3
Mathematics,If tanθ=3/4 find sinθ.,3/5,4/5,5/3,5/4,A,3
Mathematics,If sinθ=5/13 find cosθ.,12/13,5/12,5/13,13/12,A,3
Mathematics,If cosθ=12/13 find tanθ.,3/4,4/3,5/12,5/13,A,3
Mathematics,If tanθ=4/3 find sinθ.,3/5,4/5,5/3,5/4,B,3
Mathematics,If sinθ=1/2 find θ.,15°,30°,45°,60°,B,3
Mathematics,If cosθ=√3/2 find θ.,30°,45°,60°,90°,C,3
Mathematics,If tanθ=1 find θ.,30°,45°,60°,90°,B,3
Mathematics,If sin30°=?,1/2,√3/2,√2/2,0,A,3
Mathematics,If cos60°=?,1/2,√3/2,√2/2,0,A,3
Mathematics,If tan45°=?,0,1,√3,∞,B,3
Mathematics,Find sin60°.,1/2,√3/2,√2/2,1,B,3
Mathematics,Find cos30°.,√3/2,1/2,√2/2,1,A,3
Mathematics,Find tan30°.,1/√3,√3,1,0,A,3
Mathematics,Find sin45°.,1/2,√2/2,√3/2,1,B,3
Mathematics,Find cos45°.,1/2,√2/2,√3/2,1,B,3
Mathematics,Find tan60°.,√3,1/√3,1,2,A,3
Mathematics,If sinθ=0.8 find cosθ.,0.6,0.8,0.5,0.7,A,3
Mathematics,If cosθ=0.6 find sinθ.,0.6,0.8,0.5,0.4,B,3
Mathematics,If tanθ=0.75 find sinθ and cosθ.,3/5 and 4/5,4/5 and 3/5,1/2 and √3/2,√3/2 and 1/2,A,3
Mathematics,Find the height of a tree 20 m away when angle of elevation is 30°.,5√3 m,10√3 m,15√3 m,20√3 m,B,3
Mathematics,Find the angle of elevation of a tower 20 m high seen from 20 m away.,30°,45°,60°,75°,B,3
Mathematics,Find the length of a ladder 5 m high against a wall making 60° with ground.,8 m,9 m,10 m,11 m,C,3
Mathematics,Find the height of a building if a 10 m ladder makes 30° with the ground.,3 m,5 m,7 m,8 m,B,3
Mathematics,Find the distance of a ship from the foot of a lighthouse 40 m high at elevation 30°.,50 m,60 m,70 m,80 m,B,3
Mathematics,Find sin²θ + cos²θ.,0,1,2,3,B,3
Mathematics,Find tanθ if sinθ=3/5 and cosθ=4/5.,3/5,3/4,4/3,5/4,B,3
Mathematics,If sinθ=4/5 find tanθ.,3/5,3/4,4/3,5/3,B,3
Mathematics,Find angle whose sine is 0.7071.,30°,45°,60°,90°,B,3
Mathematics,Find angle whose cosine is 0.5.,30°,45°,60°,90°,C,3
Mathematics,Find angle whose tangent is √3.,30°,45°,60°,90°,C,3
Mathematics,If tanθ=1/√3 find θ.,30°,45°,60°,90°,A,3
Mathematics,Find the height of a tower 50 m from an observer at elevation 45°.,25 m,50 m,75 m,100 m,B,3
Mathematics,Find the distance of a car from a tower 20 m high at angle of elevation 60°.,10 m,15 m,20/√3 m,40 m,C,3
Mathematics,Find the bearing of east from north.,45°,60°,90°,120°,C,7
Mathematics,Find the bearing of south from west.,180°,225°,270°,315°,B,7
Mathematics,Find the bearing of west from north.,180°,225°,270°,315°,C,7
Mathematics,Find the bearing of north-east.,30°,45°,60°,90°,B,7
Mathematics,Find the bearing of south-east.,90°,120°,135°,180°,C,7
Mathematics,Find the bearing of south-west.,180°,210°,225°,270°,C,7
Mathematics,Find the bearing of north-west.,270°,300°,315°,330°,C,7
Mathematics,Find the compass direction corresponding to bearing 135°.,North-East,South-East,South-West,North-West,B,3
Mathematics,Find the compass direction corresponding to bearing 225°.,North-East,South-East,South-West,North-West,C,3
Mathematics,Find the compass direction corresponding to bearing 315°.,North-East,South-East,South-West,North-West,D,3
Mathematics,If sinA=0.6 find A.,30°,36.9°,45°,60°,B,3
Mathematics,Find the value of sin90°.,0,1,1/2,√3/2,B,3
Mathematics,Find cos0°.,0,1,1/2,√3/2,B,3
Mathematics,Find tan0°.,0,1,√3,∞,A,3
Mathematics,Find the equation of the line with slope 1 and y-intercept 2.,y=x+2,y=x−2,y=2x+1,y=2x−1,A,5
Mathematics,Find the y-intercept of the line y=3x+5.,3,5,−3,−5,B,5
Mathematics,Find the slope of the line y=2x+7.,2,3,4,5,A,5
Mathematics,Find the slope of the line 3x+2y=6.,−3/2,−2/3,3/2,2/3,B,5
Mathematics,Find the x-intercept of y=2x+4.,−2,−1,2,3,A,5
Mathematics,Find the gradient of the line perpendicular to y=−½x+3.,2,½,−2,−½,A,5
Mathematics,Find the x-intercept of y=−3x+6.,2,3,4,6,A,5
Mathematics,Find the gradient of the line y=5−2x.,−2,−½,2,½,A,5
Mathematics,Find the y-intercept of the line y=−3x+9.,3,6,9,12,C,5
Mathematics,Find the slope of a line parallel to y=3x+7.,1,2,3,4,C,5
Mathematics,Find the y-intercept of y=−2x+8.,2,4,6,8,D,5
Mathematics,Find slope of the line y=−x+7.,−1,1,0,2,A,5
Mathematics,Find the y-intercept of y=5x−10.,−10,−5,5,10,A,5
Mathematics,Find the slope of the line 2x−3y+6=0.,3/2,−2/3,−3/2,2/3,B,5
Mathematics,Find the x-intercept of y=−2x+4.,1,2,3,4,B,5
Mathematics,The sum of two numbers is 20 and one is twice the other. Find the numbers.,5 and 15,6 and 12,8 and 12,7 and 13,A,8
Mathematics,The sum of two consecutive even numbers is 26. Find the numbers.,12 and 14,10 and 16,8 and 18,14 and 12,A,8
Mathematics,If 5x + 3 = 23 find x.,3,4,5,6,B,5
Mathematics,If 3x – 4 = 11 find x.,4,5,6,7,C,5
Mathematics,If 4x + 7 = 19 find x.,2,3,4,5,B,5
Mathematics,Find x if 3(x – 2) = 9.,2,3,4,5,C,5
Mathematics,Find x if 2x + 3 = 7.,1,2,3,4,B,5
Mathematics,Find x if 4x – 5 = 15.,4,5,6,7,C,5
Mathematics,The area of a rectangle is 48 cm² and length is 12 cm. Find its breadth.,3,4,5,6,B,7
Mathematics,A car travels 120 km in 3 hours. Find its speed.,30 km/h,40 km/h,50 km/h,60 km/h,B,8
Mathematics,Find the time taken to cover 200 km at 50 km/h.,2 h,3 h,4 h,5 h,C,8
Mathematics,A train moves at 60 km/h for 2 hours. Find the distance covered.,100 km,110 km,120 km,130 km,C,8
Mathematics,Find the simple interest on ₦5000 at 10% per annum for 3 years.,₦1000,₦1200,₦1500,₦2000,C,8
Mathematics,Find the principal if interest is ₦400 at 8% per annum for 2 years.,₦2000,₦2500,₦3000,₦4000,B,8
Mathematics,Find the time when ₦1000 gives ₦200 interest at 10% per annum.,1 yr,2 yrs,3 yrs,4 yrs,B,8
Mathematics,Find the rate if ₦600 earns ₦60 in 2 years.,2%,3%,5%,10%,D,8
Mathematics,The sum of money doubles in 5 years. Find the rate.,10%,15%,20%,25%,C,8
Mathematics,Two taps fill a tank in 8 h and 12 h respectively. Time to fill together?,3 h,4.8 h,5 h,6 h,B,8
Mathematics,A car travels 60 km/h for 2 hours and 40 km/h for 3 hours. Find average speed.,48 km/h,50 km/h,52 km/h,54 km/h,B,8
Mathematics,The average of 5 numbers is 12. Find their sum.,55,56,60,65,C,8
Mathematics,The total cost of 5 books is ₦250. Find cost per book.,₦40,₦45,₦50,₦55,C,8
Mathematics,Find the selling price if cost = ₦800 and profit = 20%.,₦900,₦960,₦1000,₦1100,C,8
Mathematics,Find the cost price if selling price = ₦600 and profit = 20%.,₦400,₦450,₦500,₦550,C,8
Mathematics,Find the loss percent if cost = ₦500 and selling price = ₦400.,10%,15%,20%,25%,C,8
Mathematics,Find the profit if cost = ₦300 and selling price = ₦360.,₦50,₦55,₦60,₦65,C,8
Mathematics,Find the cost price if loss = ₦50 and selling price = ₦250.,₦250,₦280,₦300,₦350,C,8
Mathematics,Find the percentage increase from 80 to 100.,15%,20%,25%,30%,C,8
Mathematics,Find the percentage decrease from 100 to 80.,10%,15%,20%,25%,C,8
Mathematics,A man spends 30% of ₦2000 on food. Find how much he spends.,₦400,₦500,₦600,₦700,C,8
Mathematics,A man invested ₦4000 at 5% for 2 years. Find the interest.,₦200,₦300,₦400,₦500,C,8
Mathematics,A trader bought goods for ₦5000 and sold them for ₦6000. Find % profit.,10%,15%,20%,25%,C,8
Mathematics,A man earns ₦20000 and spends ₦15000. Find his saving percentage.,15%,20%,25%,30%,C,8
Mathematics,A car moves at 90 km/h. Find distance in 2½ hours.,180,200,220,225,D,8
Mathematics,A man travels 120 km in 2 hours. Find his speed.,50,55,60,65,C,8
Mathematics,A worker is paid ₦12000 for 8 days. Find his daily wage.,₦1000,₦1200,₦1500,₦2000,B,8
Mathematics,Find x if 4x + 6 = 18.,2,3,4,5,C,5
Mathematics,Find two numbers whose sum is 25 and difference 5.,10 and 15,12 and 13,11 and 14,9 and 16,A,8
Mathematics,If x + 2y = 10 and x = 4 find y.,2,3,4,5,B,5
Mathematics,Find the number which when added to twice itself gives 21.,6,7,8,9,B,8
Mathematics,Find the two consecutive odd numbers whose sum is 36.,17 and 19,15 and 17,13 and 15,19 and 21,A,8
Mathematics,Find the time taken to travel 180 km at 60 km/h.,2,3,4,5,Bss,8
Mathematics,If f(x)=2x+3 find f(2).,5,6,7,8,C,0
Mathematics,If f(x)=3x–4 find f(5).,10,11,12,13,B,0
Mathematics,If f(x)=x²+1 find f(3).,7,8,9,10,B,0
Mathematics,If f(x)=2x² find f(4).,12,14,16,18,C,0
Mathematics,If f(x)=x²–2x find f(5).,10,12,15,20,A,0
Mathematics,If f(x)=x²+2x–3 find f(2).,3,4,5,6,A,0
Mathematics,If f(x)=x/2+3 find f(4).,4,5,6,7,B,0
Mathematics,If f(x)=2x–1 find f(–3).,–6,–7,–8,–5,B,0
Mathematics,If f(x)=x² find f(–2).,2,3,4,5,C,0
Mathematics,If f(x)=3x–2 and x=4 find f(x).,8,9,10,11,C,0
Mathematics,If f(x)=x²–3x find f(–2).,8,10,12,14,A,0
Mathematics,If f(x)=x²–2x+1 find f(3).,2,3,4,5,C,0
Mathematics,If f(x)=x³ find f(–2).,–4,–6,–8,–10,C,0
Mathematics,If f(x)=x²+4x+4 find f(–1).,0,1,2,3,A,0
Mathematics,If f(x)=2x²–3x+1 find f(2).,3,4,5,6,B,0
Mathematics,If f(x)=x²–4 and f(3)=?,2,3,5,6,B,0
Mathematics,If f(x)=x³–x² find f(2).,2,3,4,6,D,0
Mathematics,If f(x)=2x+5 find x when f(x)=13.,3,4,5,6,B,0
Mathematics,If f(x)=3x–7 find x when f(x)=5.,3,4,5,6,B,0
Mathematics,If f(x)=x²+3x–10 find f(–2).,0,–2,–4,2,B,0
Mathematics,If f(x)=x²–x–6 find f(–2).,12,8,6,4,B,0
Mathematics,If f(x)=x²+2x find x when f(x)=12.,2,3,4,5,C,0
Mathematics,If f(x)=3x+4 find inverse f⁻¹(x).,(x–4)/3,(x+4)/3,(x–3)/4,(x+3)/4,A,0
Mathematics,If f(x)=2x+5 find inverse f⁻¹(x).,(x–5)/2,(x+5)/2,(x–2)/5,(x+2)/5,A,0
Mathematics,If f(x)=3x–2 find f⁻¹(x).,(x+2)/3,(x–2)/3,(x+3)/2,(x–3)/2,A,0
Mathematics,If f(x)=x+4 find f⁻¹(x).,x–4,x+4,–x+4,–x–4,A,0
Mathematics,If f(x)=2x–1 find f⁻¹(x).,(x+1)/2,(x–1)/2,2x–1,2x+1,A,0
Mathematics,If f(x)=x/3 find f⁻¹(x).,3x,x/3,x/2,2x,A,0
Mathematics,If f(x)=5x find f⁻¹(x).,x/5,5x,1/5x,5/x,A,0
Mathematics,If f(x)=x² find f⁻¹(x).,√x,–√x,x²,–x²,A,0
Mathematics,If f(x)=3x+1 and g(x)=x–1 find (f∘g)(x).,3x–2,3x+2,2x–3,2x+3,A,0
Mathematics,If f(x)=x² and g(x)=x+1 find (f∘g)(x).,x²+1,x²+2x+1,x²+x+1,x²–x+1,B,0
Mathematics,If f(x)=2x and g(x)=x–1 find (f∘g)(x).,2x–2,2x–1,2x+1,2x+2,A,0
Mathematics,If f(x)=x+2 and g(x)=x² find (g∘f)(x).,x²+2x+4,x²+4x+4,x²+2x+2,x²+3x+4,A,0
Mathematics,If f(x)=3x–1 and g(x)=x² find (f∘g)(2).,11,10,12,14,A,0
Mathematics,If f(x)=x²–2 and g(x)=x–3 find (f∘g)(5).,4,5,6,7,B,0
Mathematics,If f(x)=x² and g(x)=x+2 find (g∘f)(3).,9,11,13,15,B,0
Mathematics,If f(x)=2x and g(x)=x–4 find (f∘g)(x).,2x–4,2x–8,2x+4,2x+8,B,0
Mathematics,If f(x)=x² and g(x)=x+3 find (f∘g)(x).,x²+6x+9,x²+9x+3,x²+3x+9,x²+3x+3,A,0
Mathematics,If f(x)=3x–4 and g(x)=x+1 find (g∘f)(x).,3x–3,3x–2,3x–1,3x–4,B,0
Mathematics,If f(x)=x² and g(x)=x–2 find (f∘g)(x).,x²–4x+4,x²–2x+4,x²–4x+2,x²–2x+2,A,0
Mathematics,If f(x)=2x–3 and g(x)=x+2 find (f∘g)(4).,5,6,7,8,D,0
Mathematics,If f(x)=x²–3x and g(x)=x+1 find (f∘g)(2).,0,1,2,3,B,0
Mathematics,If f(x)=3x–2 find x when f(x)=10.,3,4,5,6,C,0
Mathematics,If f(x)=x²–5x+6 find x when f(x)=0.,1,2,3,4,B,0
Mathematics,If f(x)=x²–4x find x when f(x)=0.,0 or 4,2 or 3,1 or 2,4 or 5,A,0
Mathematics,If f(x)=x²–6x+9 find x when f(x)=0.,1,2,3,4,C,0
Mathematics,If f(x)=x²–9 find zeros of f(x).,–3 and 3,–2 and 2,–1 and 1,0 and 3,A,0
Mathematics,If f(x)=x²–x–12 find x-intercepts.,–3 and 4,–4 and 3,–2 and 6,–6 and 2,A,0
Mathematics,If f(x)=x²–4x+3 find minimum value.,–2,–1,0,1,C,0
Mathematics,If f(x)=x²–4x+4 find axis of symmetry.,x=2,x=3,x=4,x=1,A,0
Mathematics,If f(x)=x²+2x+1 find its minimum value.,0,1,2,3,A,0
Mathematics,If f(x)=x²–6x+5 find the axis of symmetry.,x=2,x=3,x=4,x=5,B,0
Mathematics,If f(x)=x²–4x+5 find the minimum value.,1,2,3,4,A,0
Mathematics,If f(x)=x²–2x–8 find the zeros.,–2 and 4,–4 and 2,–1 and 3,–3 and 1,A,0
Mathematics,If f(x)=x²–x–6 find minimum value.,–9,–8,–7,–6,A,0
Mathematics,If f(x)=x²–5x+6 find its range.,y≥–1,y≥0,y≥1,y≥2,B,0
Mathematics,If f(x)=x²–4x find the range.,y≥–4,y≥0,y≥1,y≥2,A,0
Mathematics,If f(x)=x²–2x+1 find axis of symmetry.,x=1,x=2,x=3,x=4,A,0
Mathematics,If f(x)=x²–x–2 find roots.,–1 and 2,–2 and 1,–3 and 3,–4 and 4,A,0
Mathematics,If f(x)=x²–3x+2 find zeros.,1 and 2,2 and 3,3 and 4,4 and 5,A,0
Physics,Electromagnetic waves are fundamentally classified as what type of waves?,Longitudinal waves,Stationary waves,Transverse waves,Sound waves,C,7
Physics,Which segment of the electromagnetic spectrum is characterized by having the longest wavelengths?,Gamma rays,Ultraviolet rays,Radio waves,X-rays,C,3
Physics,The S.I. unit of heat is _____.,joule,calorie,newton,watt,A,2
Physics,The S.I. unit of temperature is _____.,degree Celsius,kelvin,centigrade,fahrenheit,B,2
Physics,The instrument used to measure temperature is the _____.,thermometer,barometer,hygrometer,manometer,A,6
Physics,The fixed points on the Celsius scale are based on _____.,boiling and freezing points of water,melting and sublimation points,room temperature and pressure,boiling and condensation points,A,6
Physics,The ice point on the Celsius scale is _____.,0°C,100°C,273°C,37°C,A,6
Physics,The steam point on the Celsius scale is _____.,0°C,100°C,37°C,212°C,B,6
Physics,Temperature is a measure of the _____.,degree of hotness or coldness,quantity of heat,amount of energy,pressure of a gas,A,6
Physics,Heat is a form of _____.,energy,matter,light,force,A,6
Physics,The process by which heat is transferred through a metal rod is called _____.,conduction,convection,radiation,reflection,A,6
Physics,The process by which heat is transferred through a fluid is called _____.,convection,conduction,radiation,evaporation,A,6
Physics,The process by which heat is transferred without a medium is called _____.,radiation,conduction,convection,evaporation,A,6
Physics,Metals are good conductors of heat because they contain _____.,free electrons,atoms,protons,ions,A,6
Physics,The S.I. unit of specific heat capacity is _____.,J/kgK,J/kg,J/K,W/kg,B,2
Physics,Specific heat capacity is defined as the quantity of heat required to raise the temperature of _____.,1 kg of a substance by 1 K,1 g of a substance by 1 K,1 kg of water by 100 K,1 kg of a substance by 10 K,A,6
Physics,The heat energy required to change a solid to liquid at constant temperature is called _____.,latent heat of fusion,latent heat of vaporization,specific heat,conduction,A,6
Physics,The latent heat of vaporization refers to the heat needed to _____.,change liquid to gas,change solid to liquid,boil water to 50°C,heat a solid substance,A,6
Physics,The S.I. unit of latent heat is _____.,J/kg,J/K,J,W,A,2
Physics,Evaporation takes place at _____.,all temperatures,100°C,0°C,high temperature only,A,0
Physics,Boiling takes place at _____.,a fixed temperature,all temperatures,low temperature,changing temperature,A,6
Physics,Evaporation causes cooling because _____.,the faster molecules escape,heat is produced,temperature increases,liquid expands,A,6
Physics,Expansion of solids when heated is due to _____.,increase in molecular motion,chemical reaction,increase in mass,decrease in pressure,A,6
Physics,The expansion of a solid depends on _____.,the nature of the material,the color of the solid,its weight,its density,A,6
Physics,The rise in the level of mercury in a thermometer is due to _____.,expansion of mercury,pressure of gas,contraction of glass,temperature drop,A,6
Physics,A bimetallic strip bends when heated because the metals _____.,expand unequally,are different in color,contract equally,are similar,A,6
Physics,The expansion of liquids is measured using _____.,dilatometers,thermometers,barometers,calorimeters,A,4
Physics,The S.I. unit of linear expansivity is _____.,K⁻¹,J/kgK,m/s,K,A,2
Physics,The linear expansivity of a material depends on _____.,its nature and temperature change,its size only,its color,its density,A,6
Physics,An example of expansion in everyday life is _____.,cracking of glass in hot water,rust formation,evaporation of water,boiling of water,A,0
Physics,A thermostat works on the principle of _____.,bimetallic strip expansion,evaporation,heat radiation,reflection of heat,A,6
Physics,The quantity of heat gained or lost by a body is given by _____.,Q = mcΔθ,Q = mgh,Q = pt,Q = mv²,A,6
Physics,The specific heat capacity of water is approximately _____.,4200 J/kgK,1000 J/kgK,2100 J/kgK,8000 J/kgK,A,6
Physics,The specific latent heat of fusion of ice is approximately _____.,3.36 × 10⁵ J/kg,2.1 × 10³ J/kg,4.2 × 10³ J/kg,1.0 × 10⁵ J/kg,A,6
Physics,The specific latent heat of vaporization of steam is approximately _____.,2.26 × 10⁶ J/kg,4.2 × 10³ J/kg,3.36 × 10⁵ J/kg,1.0 × 10⁴ J/kg,A,6
Physics,The device used to measure the quantity of heat is called a _____.,calorimeter,thermometer,barometer,voltmeter,A,6
Physics,The transfer of heat through space is called _____.,radiation,conduction,convection,expansion,A,6
Physics,The polished surface of a vacuum flask reduces heat loss by _____.,radiation,conduction,convection,evaporation,A,6
Physics,The property of a material that resists heat flow is called _____.,thermal resistance,thermal conductivity,heat capacity,expansivity,A,6
Physics,A poor conductor of heat is called a _____.,insulator,transmitter,conductor,absorber,A,6
Physics,An example of a good conductor of heat is _____.,copper,wood,plastic,glass,A,6
Physics,An example of an insulator is _____.,rubber,aluminum,silver,copper,A,5
Physics,The process by which heat energy moves from the sun to the earth is _____.,radiation,conduction,convection,expansion,A,6
Physics,The process where Ultra Violet rays cause certain materials to visibly glow is known as what?,Refraction,Dispersion,Fluorescence,Luminescence,C,3
Physics,Which detector is specifically mentioned in the document for the detection of Gamma rays?,Thermometer,Photographic film,Geiger-Muller tube,Photo electric cell,C,3
Physics,X-rays are primarily used in hospitals for which diagnostic purpose?,Treating muscular problems,Inspecting broken bones,Measuring blood pressure,Detecting heat radiation,B,3
Physics,Infra-red rays are useful to soldiers fighting in darkness through the use of which technology?,Infra-red signaling lamps,Ultraviolet lamps,Geiger-Muller tubes,X-ray machines,A,3
Physics,Which property of X-rays allows them to pass through substances opaque to white light?,Diffraction by crystals,Ionizing ability,Penetrating effect,Unaffected by magnetic fields,C,3
Physics,The use of Infra-red lamps to dry paints on painted items in manufacturing industries is an example of which process?,Heating,$P-N$ junction,Fluorescence,Polarization,A,3
Physics,The Gravitational Potential at a point is the work done in taking a unit mass from:,The surface of the earth to that point,The center of the mass to that point,Infinity to that point,That point to the surface of the earth,C,0
Physics,The negative sign in the gravitational potential equation ($V = -Gm/r$) indicates that:,The potential is a vector quantity,Gravitational force is repulsive,The potential close to the mass is higher than at infinity,The potential at infinity (zero) is higher than the potential close to the mass,D,0
Physics,The minimum velocity required for an object to permanently leave the gravitational influence of an astronomical body is known as:,Terminal velocity,Orbital velocity,Initial velocity,Escape velocity,D,0
Physics,The Gravitational Potential is a:,Scalar quantity,Vector quantity,Tensor quantity,Unitless quantity,A,0
Physics,An electric field is defined as a region of space which surrounds a system of electric charges where electrical forces will act on a:,Unit negative charge,Neutral particle,Stationary object,Electric charge,D,5
Physics,The fundamental law of electrostatics states that:,Opposite poles repel,Like charges attract,Like charges repel,Masses attract each other,C,5
Physics,Coulomb's Law states that the force of attraction or repulsion between two charges is directly proportional to the:,Inverse of the distance between them,Square of the distance between them,Product of the two charges,Square of the product of the charges,C,5
Physics,Which factor does NOT affect the capacitance of a parallel plate capacitor?,The area of the plates,The separation distance between the plates,The permittivity of the dielectric material,The material the plates are made of,D,5
Physics,A cell that can be recharged by passing current backwards through it is called a:,Primary cell,Secondary cell,Fuel cell,Simple voltaic cell,B,5
Physics,The kinetic theory of matter states that matter is made up of _____.,tiny particles in constant motion,continuous mass,molecules at rest,atoms without energy,A,0
Physics,The pressure of a gas is due to _____.,collisions of gas molecules with container walls,weight of gas molecules,heat of the gas,random motion of particles,A,4
Physics,The volume of a gas is the same as _____.,the volume of its container,the mass of the gas,the temperature of the gas,the pressure of the gas,A,4
Physics,The temperature of a gas is related to the _____ of its molecules.,average kinetic energy,chemical energy,potential energy,gravitational force,A,4
Physics,The mathematical expression for Boyle’s law is _____.,P₁V₁ = P₂V₂,P₁/T₁ = P₂/T₂,V₁/T₁ = V₂/T₂,P = kV,B,4
Physics,The mathematical expression for Charles’ law is _____.,V₁/T₁ = V₂/T₂,P₁V₁ = P₂V₂,P/T = k,PV = nRT,A,4
Physics,The Kelvin temperature is related to Celsius by _____.,K = °C + 273,K = °C − 273,K = °C × 273,K = °C ÷ 273,A,6
Physics,The volume of a gas becomes zero at _____.,−273°C,0°C,273°C,100°C,A,4
Physics,The temperature −273°C is called the _____.,absolute zero,normal temperature,freezing point,critical temperature,A,6
Physics,The S.I. unit of pressure is _____.,pascal,newton,joule,dyne,A,2
Physics,1 atmosphere is equal to _____.,1.013 × 10⁵ Pa,101.3 Pa,10.13 Pa,1000 Pa,A,4
Physics,The instrument used to measure pressure in gases is the _____.,manometer,thermometer,barometer,hygrometer,A,4
Physics,The instrument used to measure atmospheric pressure is the _____.,barometer,thermometer,ammeter,manometer,A,4
Physics,The simple mercury barometer was invented by _____.,Torricelli,Boyle,Newton,Pascal,A,3
Physics,The height of mercury in a barometer at sea level is _____.,76 cm,50 cm,100 cm,60 cm,A,4
Physics,The Boyle’s law graph of pressure against volume gives a _____ curve.,hyperbolic,straight,parabolic,circular,A,4
Physics,The graph of volume against 1/pressure gives a _____ line.,straight,curved,vertical,parabolic,A,4
Physics,The pressure of a gas increases when its volume _____.,decreases,increases,remains constant,doubles,A,4
Physics,Charles’ law shows that gases expand when _____.,heated,cooled,compressed,frozen,A,4
Physics,The S.I. unit of volume is _____.,m³,cm³,litre,kg,A,2
Physics,The S.I. unit of temperature in gas laws is _____.,kelvin,celsius,fahrenheit,degree,B,2
Physics,The ideal gas equation is expressed as _____.,PV = nRT,P₁V₁/T₁ = P₂V₂/T₂,P = F/A,Q = mcΔT,A,4
Physics,The value of the universal gas constant R is _____.,8.31 J/mol·K,10 J/mol·K,273 J/mol·K,100 J/mol·K,A,4
Physics,The combined gas law equation is _____.,P₁V₁/T₁ = P₂V₂/T₂,P₁V₁ = P₂V₂,V₁/T₁ = V₂/T₂,P/T = V,A,4
Physics,The pressure of a gas is directly proportional to its _____.,temperature in kelvin,temperature in °C,volume in m³,mass,B,4
Physics,The kinetic energy of gas molecules increases when _____.,temperature increases,temperature decreases,volume decreases,pressure decreases,A,0
Physics,The density of a gas is _____ proportional to its volume.,inversely,directly,not,equally,A,4
Physics,The average kinetic energy of gas molecules is proportional to the _____.,absolute temperature,pressure,volume,mass,A,0
Physics,Avogadro’s law states that equal volumes of gases under the same conditions contain _____.,equal number of molecules,unequal number of atoms,different densities,different masses,A,4
Physics,The molar volume of a gas at standard temperature and pressure is _____.,22.4 dm³,273 cm³,76 cm³,1 m³,A,4
Physics,The pressure of a gas depends on _____.,temperature,volume,number of molecules,all of the above,D,4
Physics,The unit of the gas constant R in PV = nRT is _____.,J/mol·K,N/m²,Pa·m³/kg,J/kg·K,A,4
Physics,One mole of gas contains _____ molecules.,6.02 × 10²³,1.00 × 10³,3.14 × 10⁸,1.00 × 10⁶,A,0
Physics,The pressure of a gas decreases when its temperature is _____.,reduced,increased,constant,raised,A,4
Physics,A graph of pressure against temperature (in Kelvin) gives a _____ line.,straight,curved,vertical,parabolic,A,4
Physics,The gas law that combines Boyle’s and Charles’ laws is the _____.,general gas law,Avogadro’s law,Gay-Lussac’s law,Pascal’s principle,A,4
Physics,The unit of density of a gas is _____.,kg/m³,N/m³,J/kg,Pa,A,4
Physics,The motion of tiny particles in a fluid due to collisions is called _____.,Brownian motion,random motion,elastic collision,vibration,A,0
Physics,Brownian motion provides evidence for the _____.,kinetic theory of matter,gravitational theory,newton’s law,atomic weight,A,0
Physics,An ideal gas is one that obeys _____.,all the gas laws perfectly,only Boyle’s law,only Charles’ law,none of the above,A,4
Physics,Real gases behave like ideal gases at _____.,low pressure and high temperature,high pressure and low temperature,room temperature only,very low volume,A,0
Physics,The area under the pressure-volume graph represents the _____.,work done,temperature,force,heat capacity,A,4
Physics,The process by which gases mix due to random motion is called _____.,diffusion,convection,compression,condensation,A,0
Physics,The Kelvin temperature scale starts at _____.,absolute zero,0°C,100°C,273°C,A,6
Physics,The energy possessed by gas molecules due to motion is called _____.,kinetic energy,potential energy,heat energy,mechanical energy,A,0
Physics,The temperature at which molecular motion stops is called _____.,absolute zero,critical point,boiling point,freezing point,A,0
Physics,The flow of electric charge through a conductor is called _____.,current,voltage,resistance,power,A,5
Physics,The S.I. unit of electric current is _____.,ampere,volt,ohm,watt,A,2
Physics,Electric current is measured using a _____.,ammeter,voltmeter,ohmmeter,galvanometer,A,5
Physics,Potential difference is measured in _____.,volts,amperes,ohms,joules,A,5
Physics,The S.I. unit of potential difference is _____.,volt,ampere,ohm,newton,A,2
Physics,The instrument used to measure potential difference is a _____.,voltmeter,ammeter,ohmmeter,thermometer,A,5
Physics,The device used to measure electrical resistance is the _____.,ohmmeter,voltmeter,ammeter,galvanometer,A,5
Physics,The S.I. unit of resistance is the _____.,ohm,volt,ampere,joule,A,2
Physics,Ohm’s law states that the current in a conductor is directly proportional to the _____.,voltage across it,temperature,resistance,charge,A,5
Physics,The mathematical expression for Ohm’s law is _____.,V = IR,P = IV,Q = It,W = Pt,A,5
Physics,The resistance of a conductor is given by _____.,R = ρL/A,R = A/L,ρ = RA/L,R = 1/ρL,A,5
Physics,The S.I. unit of resistivity (ρ) is _____.,ohm metre,ohm per metre,ohm/second,volt metre,A,2
Physics,The resistance of a wire increases with _____.,length,length and temperature,decrease in length,decrease in temperature,B,5
Physics,The resistance of a wire decreases with _____.,increase in cross-sectional area,decrease in cross-sectional area,increase in temperature,decrease in length,A,5
Physics,A resistor is used in a circuit to _____.,limit the current,increase voltage,store charge,produce heat,A,5
Physics,The S.I. unit of electric charge is _____.,coulomb,ampere,volt,newton,A,2
Physics,One coulomb is the charge that passes when a current of one ampere flows for _____.,one second,one minute,one hour,ten seconds,A,5
Physics,An electric circuit is a _____.,path through which current flows,path of air,closed magnetic field,voltage supply only,A,5
Physics,A cell converts _____ energy into electrical energy.,chemical,thermal,mechanical,light,A,5
Physics,A battery is a combination of _____.,cells,capacitors,resistors,wires,A,5
Physics,A dry cell is a type of _____.,electrochemical cell,wet cell,voltaic pile,solar cell,A,0
Physics,The S.I. unit of electric power is the _____.,watt,joule,volt,ampere,A,2
Physics,Power is defined as the rate of doing _____.,work,energy,force,current,A,5
Physics,Electrical energy is measured in _____.,kilowatt-hour,volt,ohm,coulomb,A,5
Physics,One kilowatt-hour is equal to _____ joules.,3.6 × 10⁶,36 × 10⁶,3.6 × 10³,360,A,2
Physics,The fuse in an electric circuit is used to _____.,protect appliances from excess current,increase current,reduce resistance,store charge,A,5
Physics,A short circuit occurs when _____.,current bypasses the normal path,current is steady,current flows slowly,voltage is zero,A,5
Physics,The rate of flow of electric charge is called _____.,current,power,energy,voltage,A,5
Physics,A good conductor has _____ resistance.,low,high,very high,moderate,A,5
Physics,An insulator has _____ resistance.,high,low,moderate,variable,A,5
Physics,Copper is used for electrical wires because it has _____.,low resistance,high resistance,low conductivity,high weight,A,5
Physics,Electric current can produce _____.,heat,magnetism,chemical effects,all of the above,D,5
Physics,The heating effect of current is used in _____.,electric iron,bulbs,bread toasters,all of the above,D,6
Physics,The magnetic effect of current is used in _____.,electric bell,heater,cooker,fan,A,8
Physics,The chemical effect of current is used in _____.,electrolysis,magnetism,heating,illumination,A,5
Physics,The law that states that current is proportional to voltage is _____.,Ohm’s law,Kirchhoff’s law,Faraday’s law,Lenz’s law,A,5
Physics,Electrical energy consumed is given by _____.,E = IVt,E = It,P = IV,V = IR,A,5
Physics,The instrument used to open or close a circuit is called a _____.,switch,resistor,cell,ammeter,A,5
Physics,The reciprocal of resistance is called _____.,conductance,power,inductance,capacitance,A,5
Physics,The S.I. unit of conductance is _____.,siemens,ampere,ohm,volt,A,2
Physics,The device that maintains a steady potential difference is a _____.,cell,wire,fuse,resistor,A,5
Physics,The electric power dissipated in a resistor is given by _____.,P = I²R,P = IV,P = V²/R,all of the above,D,5
Physics,The heating effect of electric current is proportional to the _____.,square of current,resistance only,time only,voltage only,A,6
Physics,Electric bulbs work on the principle of _____.,heating effect of current,chemical effect,magnetic effect,photoelectric effect,A,5
Physics,The unit “ampere-hour” is used to measure _____.,electric charge,energy,resistance,power,A,2
Physics,The current through a circuit with 12 V and 6 Ω resistance is _____.,2 A,72 A,0.5 A,18 A,A,5
Physics,The resistance of a wire doubles when its length is _____.,doubled,halved,unchanged,reduced,A,5
Physics,The energy stored by a 12 V battery supplying 2 A for 5 minutes is _____.,720 J,600 J,3600 J,7200 J,D,5
Physics,A 60 W bulb operating at 240 V draws a current of _____.,0.25 A,4 A,2 A,1 A,A,5
Physics,The current through a 100 Ω resistor connected to 200 V supply is _____.,2 A,4 A,1 A,0.5 A,A,5
Physics,The fuse wire must have _____ melting point.,low,high,very high,moderate,A,6
Physics,The electric meter in homes measures _____.,energy consumption,voltage,current,power,A,5
Physics,The electric power company bills customers in units of _____.,kilowatt-hour,ampere-hour,joule,volt,A,5
Physics,An electric kettle converts electrical energy to _____ energy.,heat,light,mechanical,chemical,A,5
Physics,A material that attracts iron is called a _____.,magnet,metal,stone,rock,A,8
Physics,The ends of a magnet are called _____.,poles,edges,points,sides,A,1
Physics,The two poles of a magnet are _____.,north and south,east and west,positive and negative,top and bottom,A,1
Physics,Like poles of a magnet _____ each other.,repel,attract,neutralize,ignore,A,1
Physics,Unlike poles of a magnet _____ each other.,attract,repel,combine,ignore,A,1
Physics,The region around a magnet where its force is felt is the _____.,magnetic field,magnetic pole,electric field,neutral zone,A,1
Physics,The lines that represent the magnetic field are called _____.,magnetic field lines,electric lines,field patterns,magnetic currents,A,1
Physics,Magnetic field lines never _____ each other.,cross,join,bend,curve,A,1
Physics,Magnetic materials include _____.,iron,steel,nickel,all of the above,D,8
Physics,Non-magnetic materials include _____.,wood,plastic,glass,all of the above,D,8
Physics,The Earth itself acts as a _____.,magnet,planetary rod,field conductor,electromagnet,A,0
Physics,The north pole of a magnet points towards _____.,geographic north,magnetic north,geographic south,east,A,1
Physics,The instrument used to detect the direction of a magnetic field is the _____.,compass,ammeter,barometer,voltmeter,A,1
Physics,The magnetic field around a straight current-carrying conductor is _____.,circular,straight,rectangular,triangular,A,1
Physics,A magnet is a material that can _____.,attract magnetic materials,repel all metals,attract wood,conduct electricity,A,8
Physics,Materials that are attracted by magnets are called _____.,magnetic materials,non-magnetic materials,alloys,metalloids,A,8
Physics,The ends of a magnet are called _____.,poles,edges,centres,faces,A,1
Physics,The two poles of a magnet are _____.,north and south,east and west,top and bottom,positive and negative,A,1
Physics,Like poles of a magnet _____ each other.,repel,attract,neutralize,align,A,1
Physics,Unlike poles of a magnet _____ each other.,attract,repel,oppose,separate,A,1
Physics,The region around a magnet where magnetic force acts is called the _____.,magnetic field,magnetic pole,magnetic flux,magnetic charge,A,1
Physics,Magnetic field lines flow from _____.,north to south outside the magnet,south to north outside the magnet,centre to surface,edge to edge,A,1
Physics,The strength of a magnet is greatest at the _____.,poles,centre,edges,axis,A,1
Physics,The instrument used to detect magnetic fields is a _____.,magnetic compass,ammeter,voltmeter,barometer,A,1
Physics,The earth itself behaves as a _____.,giant magnet,giant conductor,giant insulator,giant battery,A,0
Physics,The magnetic north pole of the earth is near the _____.,geographical south,geographical north,equator,eastern horizon,A,1
Physics,The process of making a material magnetic is called _____.,magnetization,magnetometry,magnetism,magnetosphere,A,8
Physics,The process of losing magnetism is called _____.,demagnetization,depolarization,magnetization,polarization,A,8
Physics,Temporary magnets are made of _____.,soft iron,steel,copper,nickel,A,8
Physics,Permanent magnets are made of _____.,steel,soft iron,aluminium,brass,A,8
Physics,A magnetic field can be represented by _____.,field lines,electric lines,straight lines,thermal lines,A,1
Physics,Magnetic induction occurs when _____.,a magnetic material becomes magnetized by another magnet,magnet is broken,magnet is heated,magnet is cooled,A,8
Physics,The device used to demagnetize a magnet is a _____.,demagnetizing coil,battery,solenoid,transformer,A,8
Physics,The magnetic effect of electric current was discovered by _____.,Oersted,Faraday,Ampere,Maxwell,A,8
Physics,The direction of the magnetic field around a straight conductor is determined by _____.,the right-hand grip rule,the left-hand rule,Fleming’s rule,Lenz’s law,A,1
Physics,The strength of the magnetic field around a current-carrying wire increases with _____.,current,length,voltage,resistance,A,1
Physics,A solenoid is a _____.,coil of wire carrying current,straight wire,permanent magnet,loop of copper,A,5
Physics,An electromagnet is produced when _____.,current passes through a solenoid,magnet is rubbed on metal,iron is heated,steel is cooled,A,8
Physics,The strength of an electromagnet increases when _____.,the number of turns and current increase,wire length decreases,core is removed,voltage drops,A,8
Physics,Electromagnets are used in _____.,electric bells,relays,cranes,all of the above,D,8
Physics,The device that converts electrical energy into mechanical energy is a _____.,electric motor,transformer,cell,galvanometer,A,5
Physics,The device that converts mechanical energy into electrical energy is a _____.,generator,motor,solenoid,transformer,A,5
Physics,The rule that gives the direction of motion in a motor is called _____.,Fleming’s left-hand rule,Fleming’s right-hand rule,Lenz’s law,Faraday’s law,A,5
Physics,The rule that gives the direction of induced current in a generator is _____.,Fleming’s right-hand rule,Fleming’s left-hand rule,Maxwell’s rule,Lenz’s rule,A,5
Physics,Electromagnetic induction was discovered by _____.,Faraday,Oersted,Ampere,Newton,A,8
Physics,The process of producing current by moving a conductor in a magnetic field is called _____.,electromagnetic induction,electrolysis,magnetization,current flow,A,8
Physics,Lenz’s law states that the direction of induced current is such that it _____.,opposes the change producing it,supports the change,accelerates motion,slows current,A,5
Physics,The unit of magnetic flux is the _____.,weber,tesla,henry,coulomb,A,2
Physics,The S.I. unit of magnetic flux density is the _____.,tesla,ampere,weber,newton,A,2
Physics,1 tesla is equal to _____.,1 weber per square metre,1 coulomb per second,1 ampere per metre,1 newton per weber,A,5
Physics,The symbol for magnetic flux density is _____.,B,M,Φ,H,A,1
Physics,Magnetic flux is represented by the symbol _____.,Φ,B,F,M,A,1
Physics,The property of a material to retain magnetism is called _____.,retentivity,permeability,susceptibility,conductivity,A,8
Physics,The ability of a material to allow magnetic flux through it is called _____.,permeability,retentivity,susceptibility,conductivity,A,8
Physics,The force between two parallel conductors carrying current in the same direction is _____.,attractive,repulsive,zero,neutral,A,5
Physics,The force between two parallel conductors carrying current in opposite directions is _____.,repulsive,attractive,neutral,zero,A,5
Physics,The unit of magnetic field strength (H) is _____.,A/m,tesla,weber,ohm,A,2
Physics,An example of an electromagnetic device is _____.,electric bell,heater,battery,bulb,A,5
Physics,The magnetization of a material can be increased by _____.,using soft iron core,using aluminium,removing the core,reducing current,A,8
Physics,The direction of magnetic field inside a solenoid is _____.,from south to north,from north to south,random,upward,A,1
Physics,The shape of magnetic field around a solenoid resembles that of a _____.,bar magnet,straight wire,coil,loop,A,1
Physics,The space around a moving charge is both _____.,magnetic and electric,static and neutral,gravitational and magnetic,thermal and light,A,5
Physics,The unit of electromotive force (e.m.f) is the _____.,volt,ohm,ampere,watt,A,2
Physics,A wave is a disturbance that transfers _____ from one point to another.,energy,matter,particles,force,A,7
Physics,Waves which require a medium for transmission are called _____ waves.,mechanical,electromagnetic,longitudinal,stationary,A,7
Physics,Waves that do not require a medium for propagation are _____ waves.,electromagnetic,mechanical,longitudinal,transverse,A,7
Physics,Sound is a type of _____ wave.,mechanical,longitudinal,electromagnetic,transverse,B,7
Physics,Light is a type of _____ wave.,electromagnetic,longitudinal,mechanical,stationary,A,7
Physics,The distance between two successive crests or troughs of a wave is called the _____.,wavelength,frequency,amplitude,period,A,7
Physics,The number of waves produced per second is called _____.,frequency,amplitude,wavelength,velocity,A,7
Physics,The S.I. unit of frequency is _____.,hertz,newton,joule,watt,A,2
Physics,The height of a wave crest or depth of a trough from the rest position is the _____.,amplitude,wavelength,frequency,period,A,7
Physics,The time taken to produce one complete wave is the _____.,period,frequency,velocity,amplitude,A,7
Physics,The relationship between frequency and period is _____.,f = 1/T,f = T,f = T²,f = 2T,A,3
Physics,The speed of a wave is given by the formula _____.,v = fλ,v = f/T,v = λ/T,v = Tλ,A,7
Physics,The S.I. unit of wave speed is _____.,m/s,Hz,J,N,A,2
Physics,Sound cannot travel through a _____.,vacuum,solid,liquid,gas,A,7
Physics,The speed of sound is greatest in _____.,solids,liquids,gases,vacuum,A,7
Physics,The speed of sound in air at room temperature is approximately _____.,340 m/s,300 m/s,1500 m/s,100 m/s,A,7
Physics,The reflection of sound produces _____.,echo,resonance,refraction,interference,A,7
Physics,An echo is heard when the reflected sound reaches the ear after _____ seconds.,0.1,1,0.01,0.001,A,7
Physics,The persistence of sound due to multiple reflections is called _____.,reverberation,echo,dispersion,refraction,A,7
Physics,Sound waves are _____ waves.,longitudinal,transverse,electromagnetic,stationary,A,7
Physics,The pitch of a sound depends on its _____.,frequency,amplitude,wavelength,intensity,A,7
Physics,The loudness of sound depends on its _____.,amplitude,frequency,velocity,wavelength,A,7
Physics,The quality or timbre of sound helps to _____.,distinguish sounds of same pitch and loudness,increase amplitude,decrease frequency,produce echoes,A,7
Physics,The phenomenon of increase in amplitude when two waves combine is called _____.,constructive interference,destructive interference,resonance,refraction,A,7
Physics,The phenomenon of decrease in amplitude when two waves combine is called _____.,destructive interference,constructive interference,reflection,diffraction,A,7
Physics,The phenomenon where sound waves bend around obstacles is called _____.,diffraction,reflection,refraction,interference,A,7
Physics,The change in direction of a wave as it passes from one medium to another is called _____.,refraction,reflection,diffraction,dispersion,A,7
Physics,The bouncing back of a wave when it meets a barrier is called _____.,reflection,refraction,interference,diffraction,A,7
Physics,The apparent change in frequency of sound due to relative motion is called _____.,Doppler effect,interference,resonance,echo,A,7
Physics,The persistence of sound in a hall due to reflection is called _____.,reverberation,echo,absorption,resonance,A,7
Physics,Light travels in a _____ line.,straight,curved,random,zigzag,A,3
Physics,The speed of light in air is approximately _____.,3 × 10⁸ m/s,3 × 10⁵ m/s,3 × 10³ m/s,3 × 10⁶ m/s,A,3
Physics,Light can travel through a _____.,vacuum,solid only,liquid only,opaque medium,A,3
Physics,The law of reflection states that the angle of incidence is _____ the angle of reflection.,equal to,greater than,less than,independent of,A,3
Physics,The line perpendicular to the reflecting surface is called the _____.,normal,axis,mirror line,principal ray,A,3
Physics,A plane mirror produces an image that is _____.,virtual and upright,real and inverted,real and upright,virtual and inverted,A,3
Physics,The image formed by a plane mirror is the same _____ as the object.,size,smaller,larger,blurred,A,3
Physics,The number of images formed by two mirrors at 90° is _____.,3,2,4,1,A,3
Physics,Refraction occurs when light _____.,passes from one medium to another,reflects on a surface,bends around an object,is absorbed,A,3
Physics,The speed of light decreases when it passes from _____.,air to glass,glass to air,vacuum to air,air to vacuum,A,3
Physics,The ratio of the speed of light in vacuum to that in a medium is called _____.,refractive index,reflection coefficient,light ratio,optical density,A,3
Physics,The S.I. unit of refractive index is _____.,none,newton per metre,joule per second,metre per second,A,2
Physics,The splitting of white light into its component colours is called _____.,dispersion,refraction,reflection,diffraction,A,3
Physics,The band of colours formed when white light passes through a prism is called the _____.,spectrum,ray,beam,image,A,3
Physics,The colour of light with the highest frequency is _____.,violet,red,blue,green,A,3
Physics,The colour of light with the lowest frequency is _____.,red,violet,yellow,green,A,3
Physics,The image formed by a concave mirror can be _____.,real or virtual,always virtual,always real,always inverted,A,3
Physics,The focal point of a concave mirror is the point where _____.,parallel rays converge,diverging rays meet,light is absorbed,light disappears,A,3
Physics,The principal axis of a mirror is a line _____.,passing through the pole and centre of curvature,drawn parallel to the surface,perpendicular to the focus,drawn at random,A,3
Physics,A convex mirror always produces an image that is _____.,virtual and diminished,real and enlarged,real and upright,virtual and inverted,A,3
Physics,The magnification of an image is the ratio of _____.,image height to object height,object height to focal length,image distance to object distance,image height to distance,A,3
Physics,The optical instrument that uses lenses to magnify objects is a _____.,microscope,periscope,thermometer,barometer,A,3
